{
"type": "FeatureCollection",
"crs": { "type": "name", "properties": { "name": "urn:ogc:def:crs:OGC:1.3:CRS84" } },
                                                                                
"features": [
{ "type": "Feature", "properties": { "adm1_name": "Quthing", "div_name": "District", "adm0_name": "Lesotho", "adm1_code": 4 }, "geometry": { "type": "Polygon", "coordinates": [ [ [ 28.260885715484573, -30.022643089294455 ], [ 28.264325141906731, -30.023598670959451 ], [ 28.266798019409144, -30.024430274963422 ], [ 28.270362377166801, -30.025351047515848 ], [ 28.273308753967296, -30.026268005371094 ], [ 28.276530119088971, -30.027055373558632 ], [ 28.277018070221004, -30.030257701873776 ], [ 28.280016899108883, -30.031799793243398 ], [ 28.282709121704141, -30.032386779785082 ], [ 28.285402297973604, -30.033143997192347 ], [ 28.288608551025373, -30.033659934997537 ], [ 28.291350364685041, -30.034099578857433 ], [ 28.294728279113745, -30.034075736999522 ], [ 28.297666549682642, -30.032876014709476 ], [ 28.299966812133736, -30.032484054565401 ], [ 28.302243232727097, -30.032852172851566 ], [ 28.30429935455323, -30.033732414245563 ], [ 28.306152343750068, -30.036259174346892 ], [ 28.309134960174575, -30.039449214935289 ], [ 28.311578114827473, -30.042161941528335 ], [ 28.313467025756832, -30.044113159179698 ], [ 28.313455581665025, -30.046683311462431 ], [ 28.313357035319008, -30.049799601237016 ], [ 28.313920021057125, -30.052068710327152 ], [ 28.315666834513319, -30.054435094197608 ], [ 28.317297935485829, -30.055887222290046 ], [ 28.318767547607425, -30.05780911445617 ], [ 28.317134857177727, -30.060195922851541 ], [ 28.317909717559807, -30.062423706054698 ], [ 28.319771766662626, -30.064014434814435 ], [ 28.321280161539718, -30.065875371297214 ], [ 28.322671890258832, -30.068762779235826 ], [ 28.324470996856665, -30.071774005889807 ], [ 28.326237869262648, -30.073424148559603 ], [ 28.32510366439822, -30.075173997879002 ], [ 28.322794437408504, -30.076646804809549 ], [ 28.319747289021823, -30.076090494791675 ], [ 28.316771984100363, -30.07460117340084 ], [ 28.31356175740558, -30.073120117187525 ], [ 28.310640335083036, -30.073340415954576 ], [ 28.309701474507619, -30.076178677876776 ], [ 28.305964469909672, -30.076473236083935 ], [ 28.303396320343065, -30.074726200103697 ], [ 28.304218292236282, -30.072418848673511 ], [ 28.303553104400624, -30.07025671005248 ], [ 28.301737467447929, -30.0690415700277 ], [ 28.299954414367633, -30.067869186401342 ], [ 28.298657894134504, -30.065079212188706 ], [ 28.296613311767537, -30.066089630126914 ], [ 28.295878887176528, -30.068371295928987 ], [ 28.294642448425233, -30.070219516754172 ], [ 28.292411168416297, -30.072060267130563 ], [ 28.290481567382763, -30.070966720581072 ], [ 28.289098421732572, -30.069081942240384 ], [ 28.287653923034672, -30.066781044006309 ], [ 28.286094120570592, -30.064923422677193 ], [ 28.282767534256003, -30.066147446632364 ], [ 28.279272143046107, -30.066690953572618 ], [ 28.278449376424074, -30.064128875732422 ], [ 28.277486324310374, -30.060579140981037 ], [ 28.275022029876705, -30.058457374572779 ], [ 28.272888183593746, -30.058403396606415 ], [ 28.271994543075539, -30.061564111709572 ], [ 28.274292627970453, -30.064671357472751 ], [ 28.271183013916023, -30.066111723581891 ], [ 28.269553343455044, -30.068801561991322 ], [ 28.267442226409955, -30.06556892395016 ], [ 28.264281988143946, -30.06370368003839 ], [ 28.263431549072248, -30.065862178802472 ], [ 28.264960924784365, -30.068012237548803 ], [ 28.264267349243188, -30.069956588745118 ], [ 28.261714458465569, -30.069794654846206 ], [ 28.259945596967405, -30.071236474173425 ], [ 28.261093139648374, -30.074050903320316 ], [ 28.262572097778381, -30.075695419311522 ], [ 28.262641143798838, -30.078319931030229 ], [ 28.259846210479743, -30.077522277831982 ], [ 28.256067752838131, -30.076558033625279 ], [ 28.256560325622559, -30.079338868459061 ], [ 28.257642507553115, -30.082000732421822 ], [ 28.255042959916231, -30.082678297628608 ], [ 28.252942085266074, -30.080808639526403 ], [ 28.251759211222293, -30.078669865926134 ], [ 28.249518530709427, -30.076457159859761 ], [ 28.248290842229661, -30.073320215398592 ], [ 28.246751785278267, -30.075071970621782 ], [ 28.245367050170888, -30.07694689432785 ], [ 28.242977142334013, -30.07855606079104 ], [ 28.241505050659143, -30.07614974975581 ], [ 28.240868886311809, -30.073860168457035 ], [ 28.238869094848628, -30.074665451049732 ], [ 28.236725807189899, -30.07620763778689 ], [ 28.234802722930862, -30.077902793884249 ], [ 28.232246398925852, -30.079414367675717 ], [ 28.229832331339576, -30.080942789713539 ], [ 28.229621569315565, -30.083272616068491 ], [ 28.230332565307602, -30.085269165039087 ], [ 28.229843139648402, -30.087514877319311 ], [ 28.229784011840774, -30.089914321899403 ], [ 28.230284118652293, -30.092263793945296 ], [ 28.230404853820822, -30.095103263854984 ], [ 28.230506896972617, -30.097673416137717 ], [ 28.227096796035788, -30.100542545318621 ], [ 28.225131988525408, -30.103796958923358 ], [ 28.22432565689088, -30.106266021728501 ], [ 28.224655787150098, -30.108860969543439 ], [ 28.226935577392553, -30.110749816894501 ], [ 28.22822952270505, -30.112979125976548 ], [ 28.228165562947559, -30.116648928324331 ], [ 28.226974868774434, -30.119808578491259 ], [ 28.226623535156236, -30.121869087219256 ], [ 28.225635051727348, -30.123811483383168 ], [ 28.225084032331193, -30.126524788992693 ], [ 28.227254231770814, -30.129075050353983 ], [ 28.228748798370361, -30.130650520324732 ], [ 28.229415257771805, -30.133286158243845 ], [ 28.231648445129331, -30.135478973388686 ], [ 28.23385715484623, -30.136290550231926 ], [ 28.235948944091781, -30.13757629394529 ], [ 28.238515218098946, -30.139202753702744 ], [ 28.241061210632367, -30.140786170959434 ], [ 28.243281555175791, -30.142797470092809 ], [ 28.246174335479711, -30.143866380055751 ], [ 28.249172687530532, -30.144343852996847 ], [ 28.251228332519517, -30.144697189331083 ], [ 28.253995895385774, -30.144821166992198 ], [ 28.25680971145632, -30.144999504089377 ], [ 28.259412002563455, -30.144539260864246 ], [ 28.261681079864442, -30.142691135406508 ], [ 28.264226277669223, -30.142618179321246 ], [ 28.267002378191219, -30.142697198050406 ], [ 28.269611358642543, -30.142211914062479 ], [ 28.27170626322426, -30.142271677653 ], [ 28.274635950724235, -30.14223607381188 ], [ 28.276900132497151, -30.142680644988996 ], [ 28.279508972168021, -30.143895339965866 ], [ 28.281949679056794, -30.145998954772924 ], [ 28.284539699554422, -30.147715568542456 ], [ 28.287098884582495, -30.148841381073034 ], [ 28.289193153381319, -30.149312973022525 ], [ 28.291472911834713, -30.14919090271 ], [ 28.293447017669692, -30.150239467620811 ], [ 28.295162582397481, -30.152173995971744 ], [ 28.297274780273373, -30.153259277343714 ], [ 28.300307083129827, -30.152882766723611 ], [ 28.302573013305675, -30.152028656005903 ], [ 28.305804570515946, -30.15121078491212 ], [ 28.308637619018494, -30.151387532552022 ], [ 28.311594963073738, -30.152566432952877 ], [ 28.314942359924288, -30.154233694076527 ], [ 28.318125089009548, -30.155180931091309 ], [ 28.321301651000951, -30.156345748901426 ], [ 28.32374890645346, -30.155583063761405 ], [ 28.32637977600092, -30.155370712280295 ], [ 28.329478581746436, -30.155624071756982 ], [ 28.332418441772433, -30.155567169189435 ], [ 28.335085868835485, -30.155426979064949 ], [ 28.337192535400323, -30.155047007969472 ], [ 28.34054152170815, -30.155217170715321 ], [ 28.343368530273438, -30.156868362426771 ], [ 28.345110575358067, -30.158390680948944 ], [ 28.346991539001486, -30.159656524658175 ], [ 28.349387359619115, -30.160731506347616 ], [ 28.351997375488235, -30.161075592041065 ], [ 28.354573647181191, -30.158857226371772 ], [ 28.357585271199536, -30.157012939453121 ], [ 28.36075496673589, -30.15702247619625 ], [ 28.363708114623986, -30.157095336914065 ], [ 28.366584142049089, -30.157851537068737 ], [ 28.368415196736695, -30.159897327423103 ], [ 28.369589487711643, -30.163475275039687 ], [ 28.369720458984315, -30.166425704956069 ], [ 28.369402567522805, -30.168984889992046 ], [ 28.371882814289172, -30.16971054939679 ], [ 28.369768111566461, -30.176938437165447 ], [ 28.362070000000216, -30.20325 ], [ 28.354007090973109, -30.212291449975726 ], [ 28.350040000000142, -30.216739999999898 ], [ 28.344582464173151, -30.221061612900147 ], [ 28.343937521914174, -30.221572317891155 ], [ 28.33139950762915, -30.231500689255931 ], [ 28.329096626600258, -30.233324252185568 ], [ 28.328660000000227, -30.233669999999769 ], [ 28.328210792272412, -30.234384466890219 ], [ 28.325290000000102, -30.239029999999879 ], [ 28.318382691925969, -30.2500270589533 ], [ 28.316440000000242, -30.253119999999779 ], [ 28.308210000000166, -30.25453 ], [ 28.308206911997068, -30.254529892093075 ], [ 28.306451870043791, -30.254468599438034 ], [ 28.287880000000175, -30.253819999999877 ], [ 28.272351005344575, -30.25572504395393 ], [ 28.269050000000306, -30.256129999999871 ], [ 28.262702193959498, -30.259117202913167 ], [ 28.262080000000388, -30.25941 ], [ 28.257310000000157, -30.259989999999771 ], [ 28.249027366016687, -30.262254876060247 ], [ 28.243450000000191, -30.26378 ], [ 28.243267832972684, -30.263963425972463 ], [ 28.228980000000291, -30.27835 ], [ 28.22234, -30.28782 ], [ 28.221866312816267, -30.290588683968501 ], [ 28.221699711736758, -30.291562460954747 ], [ 28.22105, -30.295359999999839 ], [ 28.226959402125672, -30.300779451863026 ], [ 28.22696, -30.30078 ], [ 28.246470000000134, -30.310649999999818 ], [ 28.253625773010892, -30.316888139987675 ], [ 28.262690000000234, -30.32479 ], [ 28.265850000000214, -30.333579999999817 ], [ 28.265849839095413, -30.333581291011736 ], [ 28.265720829188744, -30.334616810023341 ], [ 28.265100000000331, -30.3396 ], [ 28.265012595145421, -30.340287960018376 ], [ 28.264790000000261, -30.34204 ], [ 28.271420000000113, -30.349999999999856 ], [ 28.27444904999512, -30.352009968007621 ], [ 28.27894000000024, -30.35499 ], [ 28.279533790840915, -30.359488838020955 ], [ 28.279790000000137, -30.36143 ], [ 28.278761712017374, -30.363738563007448 ], [ 28.274662175734044, -30.372942247220159 ], [ 28.270690000000197, -30.38186 ], [ 28.266288913985726, -30.387161093987803 ], [ 28.262623048463119, -30.391576617220363 ], [ 28.261350000000206, -30.393109999999869 ], [ 28.240410000000193, -30.411189999999856 ], [ 28.230458553922432, -30.417174785870472 ], [ 28.226110000000325, -30.419789999999814 ], [ 28.220851899018239, -30.421127231070489 ], [ 28.198900000000314, -30.42671 ], [ 28.190084454746355, -30.435174926738441 ], [ 28.189983654180683, -30.435271718187874 ], [ 28.18306, -30.44192 ], [ 28.180783719983381, -30.442839008958323 ], [ 28.177393550348583, -30.444207731655638 ], [ 28.172880000000355, -30.44603 ], [ 28.15886, -30.453719999999841 ], [ 28.154701480054744, -30.459577915038484 ], [ 28.154700000000354, -30.459579999999843 ], [ 28.157793105122252, -30.464019115702335 ], [ 28.159250000000235, -30.46611 ], [ 28.163923874920126, -30.469878619099045 ], [ 28.183000000000312, -30.48526 ], [ 28.183178870791291, -30.485464174182809 ], [ 28.18505, -30.4876 ], [ 28.185845573789802, -30.493637000027608 ], [ 28.185899417151038, -30.494045577979968 ], [ 28.185900000000274, -30.494049999999874 ], [ 28.180900172409483, -30.499092307009313 ], [ 28.177481572912932, -30.50253995153145 ], [ 28.174770743975873, -30.505273812150136 ], [ 28.17413000000013, -30.50592 ], [ 28.173723769489389, -30.507011619394287 ], [ 28.172713881332555, -30.50972538280854 ], [ 28.172115928079421, -30.511332198029329 ], [ 28.170070000000202, -30.516829999999807 ], [ 28.168324462107396, -30.52810176078269 ], [ 28.165720000000171, -30.544919999999799 ], [ 28.163689302848404, -30.553465850963835 ], [ 28.163217441210552, -30.555451601863105 ], [ 28.162722065815537, -30.557536306483236 ], [ 28.162360000000163, -30.55906 ], [ 28.161193845632781, -30.560760031100799 ], [ 28.15963522106799, -30.563032209046415 ], [ 28.156790000000264, -30.567179999999873 ], [ 28.149404990929416, -30.573107853911875 ], [ 28.142650000000224, -30.578529999999816 ], [ 28.141325433015684, -30.578704047117689 ], [ 28.136790000000222, -30.5793 ], [ 28.126682788956735, -30.585274567926191 ], [ 28.125980057925325, -30.585689965873254 ], [ 28.125980000000283, -30.585689999999822 ], [ 28.12572344409363, -30.586028153070611 ], [ 28.115858977332863, -30.599030001999839 ], [ 28.115730933694593, -30.599198769768044 ], [ 28.115730000000227, -30.599199999999872 ], [ 28.113990000000143, -30.603729999999874 ], [ 28.112424388903911, -30.611243935535516 ], [ 28.111663165232791, -30.614897324048208 ], [ 28.110850187727209, -30.618799099942851 ], [ 28.110850000000397, -30.618799999999858 ], [ 28.112451623152456, -30.6261462209666 ], [ 28.11477000000011, -30.63678 ], [ 28.114550132973747, -30.639235181997361 ], [ 28.11393, -30.646159999999846 ], [ 28.114044919265634, -30.646496832909321 ], [ 28.11422, -30.647009999999831 ], [ 28.118956336324729, -30.661473752893521 ], [ 28.119239686973717, -30.662339044008547 ], [ 28.119240000000211, -30.662339999999833 ], [ 28.118375784032445, -30.668004465055599 ], [ 28.118230000000132, -30.668959999999835 ], [ 28.118227819982899, -30.668959053039636 ], [ 28.11789437386436, -30.668814214880214 ], [ 28.114064771062019, -30.667150759857687 ], [ 28.109850000000257, -30.66532 ], [ 28.098320000000253, -30.653109999999796 ], [ 28.097401760103512, -30.652698124769252 ], [ 28.090740000000224, -30.649709999999853 ], [ 28.089427880013517, -30.649639074757374 ], [ 28.088890000000188, -30.64961 ], [ 28.087838819014198, -30.649548399761329 ], [ 28.083600000000185, -30.649299999999858 ], [ 28.06991, -30.654009999999833 ], [ 28.057167408146476, -30.657644791607087 ], [ 28.048490000000314, -30.660119999999825 ], [ 28.040770017966409, -30.658281288062717 ], [ 28.036650000000151, -30.657299999999822 ], [ 28.017340000000267, -30.655669999999869 ], [ 28.012933589509114, -30.655880900186162 ], [ 28.001670000000288, -30.656419999999841 ], [ 28.001668374963828, -30.656419689190596 ], [ 27.999183894790324, -30.655944701850824 ], [ 27.98765550648794, -30.653740684064857 ], [ 27.984214385250116, -30.653082804374311 ], [ 27.974000000000231, -30.651129999999839 ], [ 27.973997587048437, -30.651129223850205 ], [ 27.97292848297117, -30.65078528709051 ], [ 27.958520000000163, -30.64615 ], [ 27.947732165009519, -30.645570582828597 ], [ 27.944370000000184, -30.64539 ], [ 27.944366215015769, -30.645389790554024 ], [ 27.943092206996511, -30.645319292067242 ], [ 27.941840000000283, -30.645249999999869 ], [ 27.934318511984756, -30.643137666055399 ], [ 27.9266, -30.640969999999857 ], [ 27.922266973010878, -30.634869455992209 ], [ 27.920790000000316, -30.63279 ], [ 27.916194041793773, -30.617668626062656 ], [ 27.915310000000225, -30.614759999999809 ], [ 27.913752643942956, -30.612199439034594 ], [ 27.91205, -30.609399999999876 ], [ 27.905328017139052, -30.603952875957297 ], [ 27.897550000000336, -30.597649999999877 ], [ 27.894367925004214, -30.597590853774626 ], [ 27.892170000000348, -30.59755 ], [ 27.883310000000193, -30.601489999999899 ], [ 27.882153652461049, -30.602415809950557 ], [ 27.873830000000254, -30.60908 ], [ 27.871377712945943, -30.609810251817461 ], [ 27.866610000000257, -30.611229999999857 ], [ 27.830640000000106, -30.60841 ], [ 27.830639526977595, -30.608409932157855 ], [ 27.813740000000141, -30.605989999999817 ], [ 27.796580000000247, -30.603559999999842 ], [ 27.784513057014969, -30.602486587835621 ], [ 27.783090000000342, -30.602359999999852 ], [ 27.774808921540139, -30.601000909756838 ], [ 27.765420000000262, -30.59946 ], [ 27.750450000000203, -30.594549999999888 ], [ 27.741601516083868, -30.588860974869881 ], [ 27.741600000000254, -30.58886 ], [ 27.740378157147227, -30.587459875871549 ], [ 27.739748197966406, -30.586737998029424 ], [ 27.733650000000253, -30.579749999999862 ], [ 27.730430000000283, -30.57189 ], [ 27.730428819812246, -30.571888272128312 ], [ 27.726060250948969, -30.565493402035028 ], [ 27.724071257267923, -30.562581840817128 ], [ 27.724070000000122, -30.562579999999851 ], [ 27.722387450998752, -30.561379087001917 ], [ 27.710830000000207, -30.553129999999818 ], [ 27.706079552897144, -30.54810577309739 ], [ 27.704410000000145, -30.546339999999873 ], [ 27.698730000000204, -30.531999999999805 ], [ 27.68637, -30.519809999999815 ], [ 27.67249, -30.51446 ], [ 27.667854147898229, -30.512323996221347 ], [ 27.646880000000195, -30.50266 ], [ 27.646811978886742, -30.502615634173825 ], [ 27.632330000000337, -30.493169999999893 ], [ 27.626718582958198, -30.487882048044469 ], [ 27.62435, -30.485649999999854 ], [ 27.62232382398324, -30.484264661024675 ], [ 27.622200000000262, -30.48418 ], [ 27.62020000000016, -30.482809999999795 ], [ 27.620199419013701, -30.482808613994173 ], [ 27.61948877183713, -30.481113258068127 ], [ 27.617970000000213, -30.477489999999797 ], [ 27.617971766984816, -30.477486486992046 ], [ 27.618677162930027, -30.476084052964559 ], [ 27.622190000000323, -30.469099999999894 ], [ 27.621250000000174, -30.465179999999737 ], [ 27.615400000000111, -30.45726 ], [ 27.615398707848925, -30.457256724059501 ], [ 27.615307248056208, -30.457024870977701 ], [ 27.612260000000187, -30.4493 ], [ 27.606874911075717, -30.446765489839379 ], [ 27.603230000000266, -30.445049999999863 ], [ 27.601582186011541, -30.445181887140627 ], [ 27.593860823002657, -30.445799887028425 ], [ 27.59261, -30.445899999999849 ], [ 27.592609314982063, -30.445899666037125 ], [ 27.59084105606766, -30.445037676861354 ], [ 27.586620000000316, -30.44298 ], [ 27.585959338042997, -30.441490867980892 ], [ 27.57662, -30.420439999999861 ], [ 27.574569126333181, -30.412913943239751 ], [ 27.574895858764602, -30.412832260131829 ], [ 27.577421188354489, -30.412889480590866 ], [ 27.580635070800795, -30.413004875183148 ], [ 27.583848953247013, -30.411745071411179 ], [ 27.586748123168924, -30.40987777709956 ], [ 27.589014053344684, -30.408355712890668 ], [ 27.590908050537099, -30.406923294067379 ], [ 27.593692779541023, -30.405486106872527 ], [ 27.595558166503874, -30.403879165649418 ], [ 27.59658527374269, -30.401638031005863 ], [ 27.596122741699268, -30.398745536804196 ], [ 27.593261718749961, -30.395815849304221 ], [ 27.589760780334437, -30.394783020019545 ], [ 27.586545944213835, -30.395154953002979 ], [ 27.584480285644485, -30.39636135101318 ], [ 27.582357406616186, -30.398311614990249 ], [ 27.580606460571321, -30.399518013000538 ], [ 27.577880859374936, -30.400436401367227 ], [ 27.575756072998047, -30.400550842285124 ], [ 27.573804855346683, -30.399864196777383 ], [ 27.572830200195341, -30.397939682006815 ], [ 27.573346138000531, -30.394267082214355 ], [ 27.573432922363249, -30.39033508300777 ], [ 27.571910858154268, -30.387807846069382 ], [ 27.570247650146417, -30.386030197143544 ], [ 27.567664146423375, -30.383102416992159 ], [ 27.566976547241161, -30.379951477050749 ], [ 27.567291259765557, -30.377363204956055 ], [ 27.567750930786094, -30.374265670776413 ], [ 27.569013595581037, -30.372026443481449 ], [ 27.570735931396428, -30.369958877563509 ], [ 27.573604583740185, -30.366973876953175 ], [ 27.575441360473651, -30.36488151550294 ], [ 27.578369140624947, -30.363418579101587 ], [ 27.581180572509755, -30.363302230835011 ], [ 27.583705902099553, -30.363645553588881 ], [ 27.586174011230401, -30.36439323425293 ], [ 27.588411331176776, -30.364852905273466 ], [ 27.591167449951136, -30.365312576293913 ], [ 27.593233108520486, -30.365312576293913 ], [ 27.596275329589858, -30.3654270172119 ], [ 27.598800659179656, -30.365312576293913 ], [ 27.601612091064464, -30.364164352417045 ], [ 27.604482650756811, -30.36158180236821 ], [ 27.606304168701111, -30.359457969665527 ], [ 27.608797073364254, -30.358093897501593 ], [ 27.611484527587859, -30.358194351196289 ], [ 27.613894462585463, -30.35940074920649 ], [ 27.61610412597657, -30.360806465148894 ], [ 27.618428230285662, -30.360489845275907 ], [ 27.620121002197283, -30.358596801757788 ], [ 27.622014999389609, -30.356185913085977 ], [ 27.62584877014158, -30.352956295013445 ], [ 27.629749298095717, -30.349872589111349 ], [ 27.632505416870078, -30.348207473754908 ], [ 27.634571075439428, -30.347290039062514 ], [ 27.637096405029315, -30.346258163452134 ], [ 27.639219284057614, -30.345224380493164 ], [ 27.641572952270476, -30.343847274780323 ], [ 27.643719355265283, -30.34329287211095 ], [ 27.648690223693894, -30.344076156616207 ], [ 27.652046203613278, -30.343673706054709 ], [ 27.653940200805604, -30.342699050903366 ], [ 27.656064987182582, -30.340661048889107 ], [ 27.658590316772468, -30.340402603149453 ], [ 27.660397529601987, -30.341407775878949 ], [ 27.66283702850345, -30.342986106872583 ], [ 27.666337966918885, -30.343904495239272 ], [ 27.668403625488235, -30.34430503845218 ], [ 27.671359062194799, -30.345654487609842 ], [ 27.674257278442326, -30.347578048706026 ], [ 27.675750732421832, -30.349241256713878 ], [ 27.678045272827156, -30.351766586303675 ], [ 27.68048477172853, -30.353803634643551 ], [ 27.683085441589327, -30.355381965637186 ], [ 27.686148166656487, -30.357629776000984 ], [ 27.689782142639107, -30.358912467956568 ], [ 27.692708969116197, -30.36020278930669 ], [ 27.69500541687011, -30.361522674560582 ], [ 27.697215080261216, -30.362556457519553 ], [ 27.699367523193374, -30.362958908081051 ], [ 27.702236175537042, -30.363243103027383 ], [ 27.705335617065362, -30.363590240478523 ], [ 27.710386276245135, -30.363819122314496 ], [ 27.714691162109361, -30.364622116088903 ], [ 27.718662738800081, -30.36546182632447 ], [ 27.721834182739279, -30.365213394165004 ], [ 27.72367954254149, -30.363437652587844 ], [ 27.72510623931883, -30.359246730804458 ], [ 27.725179672241151, -30.355651855468736 ], [ 27.724374771118153, -30.352954864502003 ], [ 27.722883224487237, -30.350545883178693 ], [ 27.72070121765131, -30.349800109863324 ], [ 27.718118667602475, -30.348709106445316 ], [ 27.715995788574176, -30.347501754760732 ], [ 27.714330673217734, -30.345952987670866 ], [ 27.713558197021481, -30.343803405761772 ], [ 27.713790257771741, -30.341264724731488 ], [ 27.715192794799769, -30.339355468749996 ], [ 27.717315673828068, -30.338262557983398 ], [ 27.720071792602518, -30.337688446044965 ], [ 27.722826004028288, -30.336771011352571 ], [ 27.724863052368164, -30.335853576660178 ], [ 27.727732658386216, -30.335021018981912 ], [ 27.730831146240241, -30.334877014160156 ], [ 27.73329925537109, -30.335393905639641 ], [ 27.735538482665966, -30.335968017578164 ], [ 27.738006591796903, -30.33527851104736 ], [ 27.740760803222674, -30.331921577453592 ], [ 27.741678237914979, -30.32919692993168 ], [ 27.741507530212427, -30.325808525085463 ], [ 27.738981246948246, -30.323282241821282 ], [ 27.73714447021478, -30.322250366210991 ], [ 27.734792709350597, -30.320470809936563 ], [ 27.7327833175659, -30.318519592285199 ], [ 27.732725143432567, -30.315824508666967 ], [ 27.733386039733897, -30.312234878540046 ], [ 27.734619140624982, -30.31019783020017 ], [ 27.736198425292912, -30.307212829589837 ], [ 27.737058639526357, -30.304859161376974 ], [ 27.738378524780249, -30.301359176635746 ], [ 27.738838195800785, -30.29911994934087 ], [ 27.739124298095707, -30.296998977661161 ], [ 27.738408088684107, -30.29395675659179 ], [ 27.737403869628906, -30.291028976440405 ], [ 27.735050201416044, -30.28927803039554 ], [ 27.731550216674815, -30.288904190063516 ], [ 27.728449821472111, -30.288933753967285 ], [ 27.724461555480961, -30.288761138915966 ], [ 27.721591949462908, -30.287240982055664 ], [ 27.720071792602518, -30.2852897644043 ], [ 27.720329284667965, -30.283108711242669 ], [ 27.721677780151332, -30.281444549560522 ], [ 27.723829269409194, -30.279664993286183 ], [ 27.725914955139185, -30.277569293975827 ], [ 27.726814270019528, -30.274785995483434 ], [ 27.728182315826388, -30.271750926971364 ], [ 27.730975151061998, -30.268759727478024 ], [ 27.733190536499052, -30.266258239746048 ], [ 27.736715316772486, -30.26474285125731 ], [ 27.738866806030259, -30.263366699218764 ], [ 27.740474700927752, -30.261528015136708 ], [ 27.741794586181644, -30.259864807128945 ], [ 27.743974685668981, -30.257970809936531 ], [ 27.747679710388184, -30.257057189941406 ], [ 27.750173568725533, -30.257356643676726 ], [ 27.752956390380866, -30.258560180664041 ], [ 27.754993438720653, -30.261659622192361 ], [ 27.755224227905217, -30.264068603515671 ], [ 27.754936218261705, -30.266309738159226 ], [ 27.754133224487298, -30.269292831420881 ], [ 27.753444671630877, -30.272508621215866 ], [ 27.753416061401403, -30.276150703430172 ], [ 27.75367355346685, -30.279422760009723 ], [ 27.754363059997566, -30.282320976257338 ], [ 27.756257057189892, -30.284588813781689 ], [ 27.758838653564432, -30.286054611206104 ], [ 27.760848999023423, -30.286569595336911 ], [ 27.765811920166005, -30.286281585693398 ], [ 27.769027709960902, -30.286224365234361 ], [ 27.77287292480468, -30.285652160644517 ], [ 27.777004241943292, -30.285133361816442 ], [ 27.779300689697205, -30.284618377685547 ], [ 27.782283782958949, -30.282608032226555 ], [ 27.784408569335927, -30.280656814575192 ], [ 27.78607177734369, -30.278993606567429 ], [ 27.788712501525858, -30.278677940368649 ], [ 27.79123687744136, -30.279682159423849 ], [ 27.793476104736325, -30.280887603759755 ], [ 27.795829772949187, -30.282523155212427 ], [ 27.798355102539073, -30.283527374267628 ], [ 27.800535202026321, -30.283527374267628 ], [ 27.803806304931665, -30.28283691406244 ], [ 27.805557727813678, -30.279897212982188 ], [ 27.808311462402301, -30.277385711669936 ], [ 27.810493469238228, -30.275951385498058 ], [ 27.812123616536443, -30.274529774983773 ], [ 27.814812660217235, -30.271418571472154 ], [ 27.815416336059528, -30.26894950866701 ], [ 27.815530776977514, -30.265993118286151 ], [ 27.816103935241742, -30.262147903442372 ], [ 27.818227767944336, -30.259967803955124 ], [ 27.820924758911069, -30.259996414184599 ], [ 27.822990417480419, -30.260515213012674 ], [ 27.824885368347218, -30.26186180114745 ], [ 27.826663970947262, -30.265218734741218 ], [ 27.827869415283168, -30.267629623413118 ], [ 27.829132080078111, -30.270642280578631 ], [ 27.831714630126946, -30.273081779479917 ], [ 27.834985733032202, -30.274573326110833 ], [ 27.839003562927211, -30.274831771850575 ], [ 27.841844558715788, -30.274171829223629 ], [ 27.843853950500485, -30.27176284790032 ], [ 27.845115661621044, -30.268545150756832 ], [ 27.845289230346658, -30.265964508056676 ], [ 27.84488677978516, -30.262981414794933 ], [ 27.84385299682619, -30.260168075561534 ], [ 27.84316444396968, -30.256753921508817 ], [ 27.843308130900034, -30.25223032633464 ], [ 27.845873832702694, -30.250891208648657 ], [ 27.849340438842795, -30.250583648681651 ], [ 27.852405548095692, -30.250755310058587 ], [ 27.854873657226541, -30.251272201538072 ], [ 27.857513427734325, -30.251502990722635 ], [ 27.859807968139648, -30.251789093017557 ], [ 27.86371135711676, -30.251417160034123 ], [ 27.867498397827116, -30.249435424804695 ], [ 27.869451522827159, -30.247829437255881 ], [ 27.871229171752908, -30.246164321899439 ], [ 27.87341022491454, -30.244126319885268 ], [ 27.874588012695266, -30.241056442260717 ], [ 27.87447166442869, -30.238786697387688 ], [ 27.874242782592717, -30.235776901245149 ], [ 27.874530792236317, -30.233366012573249 ], [ 27.874988555908175, -30.231126785278374 ], [ 27.875102996826161, -30.228429794311552 ], [ 27.875205039978045, -30.225306510925321 ], [ 27.874228477478024, -30.221743583679196 ], [ 27.873701095581026, -30.217839241027789 ], [ 27.874055862426705, -30.215288162231491 ], [ 27.875864028930607, -30.21190071105957 ], [ 27.879163742065426, -30.209805488586451 ], [ 27.882089614868221, -30.209260940551786 ], [ 27.884271621704059, -30.208284378051765 ], [ 27.886337280273409, -30.208228111267111 ], [ 27.888518333435041, -30.210264205932603 ], [ 27.89012527465815, -30.213851928710934 ], [ 27.891559600830028, -30.217038154602061 ], [ 27.89405632019044, -30.219563484191859 ], [ 27.896152496337855, -30.22022247314451 ], [ 27.898114204406731, -30.219269752502399 ], [ 27.899881362915057, -30.216951370239254 ], [ 27.90183258056642, -30.214426040649457 ], [ 27.903440475463825, -30.21224403381353 ], [ 27.905448913574226, -30.210695266723665 ], [ 27.907514572143487, -30.209089279174851 ], [ 27.910326957702591, -30.207739830017101 ], [ 27.913226127624501, -30.205387115478533 ], [ 27.915349960327095, -30.203062057495146 ], [ 27.917587280273381, -30.201108932495103 ], [ 27.919883728027294, -30.199388504028303 ], [ 27.921964645385721, -30.197338104248029 ], [ 27.923088073730472, -30.195521354675293 ], [ 27.922811031341531, -30.19314050674431 ], [ 27.918126583099333, -30.191534519195585 ], [ 27.914436340331971, -30.190510749816802 ], [ 27.910786628723127, -30.19081211090089 ], [ 27.908102035522408, -30.191364288330092 ], [ 27.905134201049741, -30.192043304443384 ], [ 27.902320861816342, -30.192789077758842 ], [ 27.899969100952159, -30.192617416381818 ], [ 27.897729873657195, -30.191873550415039 ], [ 27.895606994628896, -30.19083786010739 ], [ 27.893473307291593, -30.188622156778933 ], [ 27.893029212951713, -30.185955047607461 ], [ 27.891070842742959, -30.183896541595413 ], [ 27.890446027119985, -30.181015650431299 ], [ 27.893440246582045, -30.178609371185306 ], [ 27.896438598632777, -30.177637100219702 ], [ 27.898849487304677, -30.177293777465831 ], [ 27.900887489318848, -30.176314353942836 ], [ 27.902478218078585, -30.174402554829861 ], [ 27.903038024902326, -30.171669006347624 ], [ 27.903423309326158, -30.168552875518785 ], [ 27.904164632161454, -30.165916442871122 ], [ 27.90395736694331, -30.162771224975572 ], [ 27.902923583984339, -30.160707473754901 ], [ 27.901288032531756, -30.158210754394489 ], [ 27.899795532226545, -30.15554046630864 ], [ 27.898189544677731, -30.153245925903317 ], [ 27.896352767944354, -30.151580810546875 ], [ 27.894113540649389, -30.150203704834034 ], [ 27.89179039001468, -30.147965431213365 ], [ 27.888411521911593, -30.144909858703596 ], [ 27.887159824371309, -30.142257213592561 ], [ 27.886558850606246, -30.139525413513169 ], [ 27.888006687164268, -30.13521194458011 ], [ 27.889352798461896, -30.133442560831703 ], [ 27.891416549682567, -30.13269996643071 ], [ 27.895081996917725, -30.132236480712816 ], [ 27.898618698120114, -30.131665229797356 ], [ 27.900271097818962, -30.12994956970212 ], [ 27.901088714599553, -30.127304077148477 ], [ 27.902227401733381, -30.124886830647824 ], [ 27.904417037963846, -30.123516082763647 ], [ 27.906745910644503, -30.122921943664483 ], [ 27.909065246582031, -30.122655868530291 ], [ 27.91173362731929, -30.122138977050717 ], [ 27.914690017700238, -30.121650695800795 ], [ 27.918046951294006, -30.121048927307093 ], [ 27.920943895975746, -30.1196037928263 ], [ 27.924187660217314, -30.117662429809556 ], [ 27.926282882690433, -30.117145538330071 ], [ 27.92848269144692, -30.116266886393262 ], [ 27.928865432739268, -30.113674163818406 ], [ 27.926425933837894, -30.111865997314414 ], [ 27.924503326416005, -30.11094665527343 ], [ 27.922437667846655, -30.109827995300243 ], [ 27.920715332031264, -30.10853767395021 ], [ 27.918849945068324, -30.106355667114283 ], [ 27.916541814804074, -30.103770971298239 ], [ 27.91376972198487, -30.101835250854482 ], [ 27.912706693013533, -30.099349021911582 ], [ 27.911972045898391, -30.095293045043881 ], [ 27.91172790527343, -30.092071533203125 ], [ 27.912815729776973, -30.088501612345354 ], [ 27.913237571716309, -30.085977077484106 ], [ 27.91414451599119, -30.083917617797852 ], [ 27.915865898132285, -30.082337379455538 ], [ 27.918907165527362, -30.08087348937989 ], [ 27.921059608459519, -30.079064369201692 ], [ 27.922194480895989, -30.076113700866692 ], [ 27.925098896026611, -30.074715137481679 ], [ 27.928091049194336, -30.074560165405263 ], [ 27.931016921997042, -30.074731826782198 ], [ 27.933198928832969, -30.075019836425799 ], [ 27.935724258422855, -30.07496261596685 ], [ 27.937847137451154, -30.074905395507812 ], [ 27.941216468811024, -30.075396060943561 ], [ 27.944876829783126, -30.075132687886509 ], [ 27.947546005249023, -30.078922271728526 ], [ 27.949842453002937, -30.082365036010717 ], [ 27.951094627380368, -30.08531030019126 ], [ 27.951046943664547, -30.088858604431113 ], [ 27.949785232543899, -30.091920852661126 ], [ 27.947518348693844, -30.095164299011202 ], [ 27.945652008056609, -30.097976684570305 ], [ 27.945280075073264, -30.099984169006323 ], [ 27.947283744812012, -30.102543354034395 ], [ 27.949740409851142, -30.103863239288287 ], [ 27.951965332031236, -30.105438232421889 ], [ 27.953960418701151, -30.106471061706564 ], [ 27.95677518844608, -30.107787132263098 ], [ 27.96004390716551, -30.108608245849556 ], [ 27.963071823120099, -30.109483718872077 ], [ 27.965435028076179, -30.109240531921412 ], [ 27.967761039733862, -30.10802364349361 ], [ 27.969785690307635, -30.105724334716811 ], [ 27.97047519683835, -30.103687286376935 ], [ 27.971977869669583, -30.101389567057325 ], [ 27.975195407867414, -30.100266933441123 ], [ 27.976789474487273, -30.097770055135054 ], [ 27.978404998779304, -30.095315933227585 ], [ 27.979042053222635, -30.091210365295385 ], [ 27.980682373046871, -30.088005065918001 ], [ 27.981294631957997, -30.085065841674808 ], [ 27.981102466583273, -30.081754207611034 ], [ 27.979599952697786, -30.079567909240691 ], [ 27.977267265319771, -30.078372001647914 ], [ 27.975336313247666, -30.076473236084023 ], [ 27.973436991373667, -30.07455762227378 ], [ 27.973374843597409, -30.071371555328309 ], [ 27.976520538330018, -30.069597244262681 ], [ 27.979726791381786, -30.06856727600098 ], [ 27.982872962951632, -30.067380905151332 ], [ 27.985235214233416, -30.065091133117662 ], [ 27.987359523773158, -30.064068794250499 ], [ 27.990828990936322, -30.065299987792905 ], [ 27.992921829223615, -30.067345619201614 ], [ 27.994462966918942, -30.069791793823232 ], [ 27.996227264404293, -30.071651458740224 ], [ 27.998209953308105, -30.073584556579625 ], [ 28.000020027160687, -30.075225830078157 ], [ 28.001783370971655, -30.077379226684521 ], [ 28.003324508666982, -30.079191207885781 ], [ 28.005284309387179, -30.081419944763145 ], [ 28.007192611694286, -30.083108901977585 ], [ 28.010448455810554, -30.084906578063976 ], [ 28.013900756835962, -30.085679054260229 ], [ 28.01620197296144, -30.084626197814913 ], [ 28.016862869262681, -30.081614971160842 ], [ 28.016274929046613, -30.078003883361838 ], [ 28.018184661865252, -30.075861930847193 ], [ 28.02043628692623, -30.075103759765632 ], [ 28.023545265197768, -30.074418067932097 ], [ 28.027070999145497, -30.075470924377413 ], [ 28.029592514038114, -30.076743125915485 ], [ 28.032308578491193, -30.078065872192351 ], [ 28.034339904785121, -30.078849792480501 ], [ 28.036152839660588, -30.080025672912548 ], [ 28.038724422454852, -30.082225322723378 ], [ 28.040998458862298, -30.083990097045877 ], [ 28.043801784515331, -30.085090637207013 ], [ 28.048404693603523, -30.085898399352985 ], [ 28.05176734924315, -30.085630416870114 ], [ 28.054719448089593, -30.086412906646732 ], [ 28.057497978210421, -30.087612152099631 ], [ 28.05969238281245, -30.088392257690423 ], [ 28.063156604766814, -30.089390913645421 ], [ 28.065478324890169, -30.087955474853501 ], [ 28.06672668457033, -30.086288452148469 ], [ 28.068807601928757, -30.082839012145946 ], [ 28.07032585144038, -30.080024719238253 ], [ 28.072136878967257, -30.077380180358904 ], [ 28.074731826782195, -30.074857711791992 ], [ 28.077669143676708, -30.074050903320316 ], [ 28.080362319946261, -30.073413848876985 ], [ 28.082662582397443, -30.073072433471705 ], [ 28.086702346801772, -30.072731018066424 ], [ 28.08932113647462, -30.071996688842773 ], [ 28.092676162719709, -30.071210861206033 ], [ 28.095025062561007, -30.070796966552727 ], [ 28.09810924530025, -30.07074689865108 ], [ 28.100997924804648, -30.06949996948245 ], [ 28.103494644164972, -30.06837081909184 ], [ 28.106456756591779, -30.067564010620075 ], [ 28.109762191772457, -30.067001342773448 ], [ 28.113580703735352, -30.066437721252438 ], [ 28.116151809692379, -30.066755294799808 ], [ 28.118427276611268, -30.067514419555664 ], [ 28.120814323425257, -30.069607257842957 ], [ 28.122809727986663, -30.071995417277076 ], [ 28.125037193298329, -30.07268047332763 ], [ 28.127264658609995, -30.07222239176437 ], [ 28.128538131713853, -30.070085525512692 ], [ 28.127680778503382, -30.067539215087869 ], [ 28.126726150512681, -30.065629959106378 ], [ 28.125856876373344, -30.06374549865718 ], [ 28.125681241353394, -30.060269355773951 ], [ 28.126897811889616, -30.055618286132791 ], [ 28.128538131713853, -30.052312850952202 ], [ 28.130054473876886, -30.050844192504901 ], [ 28.132062911987287, -30.048934936523409 ], [ 28.13485336303707, -30.047416687011697 ], [ 28.137006759643523, -30.046241760253945 ], [ 28.140507698059047, -30.04509162902831 ], [ 28.143616676330584, -30.043696403503418 ], [ 28.146064758300792, -30.041810989379837 ], [ 28.148195266723629, -30.039436340332038 ], [ 28.150397300720197, -30.037943840026827 ], [ 28.152944564819315, -30.037479400634815 ], [ 28.155832290649418, -30.037429809570316 ], [ 28.158426284789972, -30.037820816040007 ], [ 28.161781311035149, -30.038483619689927 ], [ 28.165084838867148, -30.038311004638697 ], [ 28.16741085052492, -30.037478446960431 ], [ 28.169687271118104, -30.036598205566435 ], [ 28.171719551086415, -30.034980773925724 ], [ 28.173998355865514, -30.0331435203552 ], [ 28.176615715026831, -30.033757209777857 ], [ 28.179185867309563, -30.035619735717734 ], [ 28.181854248046822, -30.037038803100625 ], [ 28.183813095092724, -30.038311004638697 ], [ 28.185990333557175, -30.039829254150408 ], [ 28.187998771667488, -30.042056083679181 ], [ 28.190502484639456, -30.044549942016619 ], [ 28.193653106689464, -30.044479370117184 ], [ 28.196100234985288, -30.043403625488253 ], [ 28.19894027709957, -30.041738510131811 ], [ 28.202478408813491, -30.041050910949686 ], [ 28.205428123474107, -30.039216995239283 ], [ 28.208132743835467, -30.035239219665467 ], [ 28.209136009216284, -30.031982421874993 ], [ 28.211216926574711, -30.028801441192577 ], [ 28.214681625366222, -30.028569221496571 ], [ 28.218059539794925, -30.029399871826158 ], [ 28.220556259155249, -30.029500961303746 ], [ 28.222709655761701, -30.029058456420877 ], [ 28.225280761718729, -30.028201103210407 ], [ 28.228143692016626, -30.02753925323487 ], [ 28.230396270751989, -30.026585578918464 ], [ 28.232518513997395, -30.025303522745773 ], [ 28.235488255818652, -30.025060017903616 ], [ 28.237764358520522, -30.025531768798853 ], [ 28.239576339721694, -30.026488304138145 ], [ 28.242366790771477, -30.02705097198486 ], [ 28.24469280242916, -30.02685451507563 ], [ 28.247532367706295, -30.026756763458252 ], [ 28.249759674072216, -30.025924682617223 ], [ 28.251276969909632, -30.024186134338372 ], [ 28.253749847412134, -30.022583007812443 ], [ 28.257788658142079, -30.022252082824675 ], [ 28.260885715484573, -30.022643089294455 ] ] ] } },
{ "type": "Feature", "properties": { "adm1_name": "Mohale's Hoek", "div_name": "District", "adm0_name": "Lesotho", "adm1_code": 1 }, "geometry": { "type": "Polygon", "coordinates": [ [ [ 28.558404445648232, -29.783188343048096 ], [ 28.561155768001733, -29.783978967105607 ], [ 28.563021341959626, -29.785977999369241 ], [ 28.563735326131145, -29.788008371988962 ], [ 28.564778900146525, -29.79066085815434 ], [ 28.567206859588644, -29.792012453079209 ], [ 28.570199012756369, -29.791831016540527 ], [ 28.57304043240012, -29.791270573933893 ], [ 28.575446128845194, -29.792509555816672 ], [ 28.576478242874103, -29.794520378112811 ], [ 28.577884674072273, -29.796394824981643 ], [ 28.580871264139795, -29.79908482233682 ], [ 28.584636211395264, -29.800278663635261 ], [ 28.587740761893098, -29.800958633422848 ], [ 28.59092267354335, -29.803227106730091 ], [ 28.593613624572733, -29.80537796020506 ], [ 28.596191088358601, -29.807649453481023 ], [ 28.59376634870252, -29.809715270996119 ], [ 28.591085433959961, -29.812147378921484 ], [ 28.587783813476552, -29.813842773437461 ], [ 28.585718427385597, -29.81440898350305 ], [ 28.583695411682108, -29.816668828328453 ], [ 28.583552742004436, -29.820312404632499 ], [ 28.585388183593729, -29.824073155721088 ], [ 28.588130950927781, -29.826537926991815 ], [ 28.587034225463825, -29.828593730926546 ], [ 28.585136413574229, -29.830829302469898 ], [ 28.583143234252905, -29.832790374755881 ], [ 28.579890378316207, -29.834092330932616 ], [ 28.577388525009194, -29.836791515350281 ], [ 28.575831294059761, -29.840155363082822 ], [ 28.574786949157648, -29.842835044860895 ], [ 28.575722217559839, -29.845473766326847 ], [ 28.576883697509835, -29.848265361785909 ], [ 28.577896753946973, -29.850944519042933 ], [ 28.576857884724859, -29.853824615478498 ], [ 28.576655705769859, -29.856501261393188 ], [ 28.576915423075299, -29.860659837722793 ], [ 28.574981689453093, -29.862335205078129 ], [ 28.572955449422132, -29.862747192382844 ], [ 28.570651531219426, -29.863572120666483 ], [ 28.568223953247095, -29.865677833557115 ], [ 28.566891988118414, -29.868030548095682 ], [ 28.567163085937452, -29.8704013824463 ], [ 28.56815338134766, -29.872798919677713 ], [ 28.568781216939264, -29.875626246134402 ], [ 28.567764600117961, -29.878403345743788 ], [ 28.566823673248297, -29.881857037544247 ], [ 28.569729932149212, -29.884008471171054 ], [ 28.573499043782501, -29.886233011881536 ], [ 28.575685977935827, -29.888394037882438 ], [ 28.578095118204704, -29.890840530395547 ], [ 28.579925060272181, -29.892471790313714 ], [ 28.582664489746112, -29.893782854080154 ], [ 28.584869384765653, -29.895910263061488 ], [ 28.585999011993412, -29.897645950317365 ], [ 28.587652842203791, -29.901219685872405 ], [ 28.589297294616699, -29.905096769332818 ], [ 28.588160196940059, -29.907663981119793 ], [ 28.585549831390388, -29.909719467163033 ], [ 28.584012031555183, -29.912075996398958 ], [ 28.582810401916458, -29.915170669555625 ], [ 28.582120895385742, -29.917181968688912 ], [ 28.581668376922597, -29.92021203041071 ], [ 28.580447514851869, -29.923059463501001 ], [ 28.580074310302738, -29.92526372273765 ], [ 28.579364776611293, -29.927516301473013 ], [ 28.577849388122555, -29.928912162780797 ], [ 28.575892448425243, -29.930952548980706 ], [ 28.573720296223936, -29.934464136759487 ], [ 28.572626749674445, -29.936186472574878 ], [ 28.569787788391054, -29.937775739034024 ], [ 28.566463708877542, -29.93801569938659 ], [ 28.563991165161106, -29.937256240844757 ], [ 28.560742696126272, -29.938515345255535 ], [ 28.557585159937581, -29.937762101491284 ], [ 28.554624012538387, -29.935285568237347 ], [ 28.551384517124689, -29.934218542916447 ], [ 28.548902988433799, -29.93337917327883 ], [ 28.546663020232742, -29.932935486460078 ], [ 28.546794319152834, -29.935492324829106 ], [ 28.545579910278306, -29.93760553995768 ], [ 28.543953895568851, -29.939346313476523 ], [ 28.542833137512179, -29.941890716552756 ], [ 28.540819168090813, -29.94255828857424 ], [ 28.538654963175446, -29.943117141723686 ], [ 28.536190986633269, -29.943787097930908 ], [ 28.532637023925766, -29.944802093505874 ], [ 28.529187520345033, -29.946972370147652 ], [ 28.526056925455666, -29.948074976603213 ], [ 28.522446155548064, -29.948498249053902 ], [ 28.518853425979639, -29.948635101318356 ], [ 28.516215324401827, -29.949577331542955 ], [ 28.515126228332498, -29.951540946960421 ], [ 28.513508796691877, -29.954692840576215 ], [ 28.511946360270123, -29.956713358561228 ], [ 28.509574254353808, -29.958299001057998 ], [ 28.506796010335322, -29.958581670125351 ], [ 28.504175662994346, -29.959755897521912 ], [ 28.501806259155259, -29.960317611694332 ], [ 28.499088287353501, -29.960950851440394 ], [ 28.496586481730123, -29.962034861246757 ], [ 28.494005044301328, -29.964040915171331 ], [ 28.49171257019043, -29.966246128082275 ], [ 28.491206359863263, -29.96829948425297 ], [ 28.490270996093713, -29.970704650878922 ], [ 28.488632202148455, -29.972194671630859 ], [ 28.487608273824105, -29.97441927591964 ], [ 28.487049102783168, -29.97726249694821 ], [ 28.486745357513431, -29.979701519012437 ], [ 28.485885620117134, -29.982515335082983 ], [ 28.484592437744126, -29.984781265258743 ], [ 28.483476829528808, -29.988133335113499 ], [ 28.480642318725579, -29.98850011825558 ], [ 28.477733453114794, -29.987284501393564 ], [ 28.473959445953344, -29.987476587295504 ], [ 28.473069190978983, -29.990082263946572 ], [ 28.471097946166978, -29.992434024810844 ], [ 28.46859232584633, -29.992975234985387 ], [ 28.465360641479464, -29.992967605590849 ], [ 28.463186264038075, -29.993205308914185 ], [ 28.460149765014652, -29.993931770324679 ], [ 28.457494826543893, -29.994513829549142 ], [ 28.456499576568572, -29.99712276458737 ], [ 28.455794334411632, -29.999642372131309 ], [ 28.454343795776381, -30.002223968505849 ], [ 28.452933311462413, -30.004862467447847 ], [ 28.450263023376476, -30.006077766418461 ], [ 28.447009658813482, -30.005968093872038 ], [ 28.44410448074337, -30.005940818786648 ], [ 28.440780639648388, -30.005970954895012 ], [ 28.439297866821288, -30.00745830535887 ], [ 28.439409017562877, -30.010254859924302 ], [ 28.438852787017876, -30.013204574584918 ], [ 28.437349637349406, -30.015885035196966 ], [ 28.436360836029028, -30.018284797668461 ], [ 28.433951377868659, -30.019260406494187 ], [ 28.431381988525327, -30.019484329223612 ], [ 28.4278678894043, -30.020731925964373 ], [ 28.423881594339949, -30.021763737996455 ], [ 28.420733133951813, -30.022579828898067 ], [ 28.41890830993654, -30.024014282226542 ], [ 28.417092800140441, -30.025816440582243 ], [ 28.414875666300453, -30.028055826822953 ], [ 28.414011637369828, -30.030289014180479 ], [ 28.413421249389636, -30.0327600479126 ], [ 28.413971900939949, -30.035067876180022 ], [ 28.413876533508308, -30.037430922190357 ], [ 28.412490129470779, -30.040680170059165 ], [ 28.410420608520525, -30.04331703186034 ], [ 28.41062068939204, -30.045597394307478 ], [ 28.409077508108926, -30.048566545758938 ], [ 28.407042312622032, -30.050053977966297 ], [ 28.407061004638678, -30.052767562866279 ], [ 28.408189773559499, -30.055305798848476 ], [ 28.408142089843679, -30.058184623718255 ], [ 28.409014701843226, -30.060401916503899 ], [ 28.409914970397953, -30.06243991851807 ], [ 28.408523941040031, -30.064467048645028 ], [ 28.405691146850586, -30.062698364257812 ], [ 28.403842926025401, -30.060869216918974 ], [ 28.401768684387218, -30.060389518737797 ], [ 28.398294448852489, -30.061425209045446 ], [ 28.395796775817871, -30.062139034271219 ], [ 28.392303148905484, -30.062720934549937 ], [ 28.39007432120184, -30.061607360839805 ], [ 28.389270901679996, -30.05909717082973 ], [ 28.387821197509687, -30.05681673685714 ], [ 28.388128757476871, -30.053441047668429 ], [ 28.388717651367145, -30.05055046081544 ], [ 28.388928095499665, -30.047981262207003 ], [ 28.387980143229118, -30.045600891113256 ], [ 28.385886192321784, -30.043507575988727 ], [ 28.384084224700889, -30.041996002197259 ], [ 28.380758285522422, -30.039247512817347 ], [ 28.378955841064467, -30.037713527679411 ], [ 28.377784252166748, -30.035839557647726 ], [ 28.377319971720393, -30.033052444457976 ], [ 28.376804987589498, -30.031030019124373 ], [ 28.375207138061519, -30.028726196289114 ], [ 28.372294320000545, -30.028024673461996 ], [ 28.368561426798443, -30.029162406921351 ], [ 28.365565299987793, -30.028318881988515 ], [ 28.362698872884117, -30.028500239054413 ], [ 28.359133402506508, -30.031094233195056 ], [ 28.356214205423957, -30.031842295328715 ], [ 28.353263854980447, -30.031258583068855 ], [ 28.351301193237276, -30.030503273010268 ], [ 28.349569797515905, -30.028724670410224 ], [ 28.348926226297987, -30.025467681884766 ], [ 28.347172419230148, -30.022513389587392 ], [ 28.345205307006815, -30.021155675252299 ], [ 28.342802047729453, -30.020421981811541 ], [ 28.339617411295514, -30.02001094818112 ], [ 28.336308240890528, -30.018495464324936 ], [ 28.33654856681822, -30.016064643859842 ], [ 28.339814305305499, -30.015545725822413 ], [ 28.342643737792915, -30.016825358072975 ], [ 28.344650745391874, -30.017957687377873 ], [ 28.347648239135669, -30.017799758911213 ], [ 28.349782307942672, -30.01623090108232 ], [ 28.351494925362729, -30.014422007969511 ], [ 28.350156784057589, -30.011341492334932 ], [ 28.347886085510265, -30.009278297424281 ], [ 28.346168120702075, -30.006920893987022 ], [ 28.34364668528233, -30.005352656046536 ], [ 28.339813073476193, -30.004830757776869 ], [ 28.337027867635033, -30.00451405843101 ], [ 28.33434677124027, -30.00388908386229 ], [ 28.332261403401681, -30.003278732299844 ], [ 28.329317092895522, -30.002249717712438 ], [ 28.327012538909923, -30.001533508300749 ], [ 28.323387145996048, -30.001105499267556 ], [ 28.320303344726593, -30.000947570800808 ], [ 28.317486626761234, -30.001519339425165 ], [ 28.313897037506063, -30.001389169692928 ], [ 28.310747964041582, -30.000638961791971 ], [ 28.30837167104081, -29.999526913960729 ], [ 28.305087407429962, -29.999756495157893 ], [ 28.30220413208011, -30.00014877319337 ], [ 28.295842933654768, -30.000408172607408 ], [ 28.292269579569517, -30.000382614135713 ], [ 28.289149475097663, -29.999425125122038 ], [ 28.287793159484863, -29.997512817382766 ], [ 28.285433905465251, -29.995990889413072 ], [ 28.283126449584927, -29.998011779785184 ], [ 28.281387601579965, -30.000160217285178 ], [ 28.279572486877424, -30.001260757446314 ], [ 28.278135844639362, -30.004115377153685 ], [ 28.277422269185347, -30.0069268544515 ], [ 28.277668476104733, -30.010286569595369 ], [ 28.280142784118677, -30.01276922225944 ], [ 28.282141685485861, -30.014180183410645 ], [ 28.283819198608406, -30.015548706054741 ], [ 28.28498490651452, -30.017265955607076 ], [ 28.287772314889036, -30.020450319562709 ], [ 28.288349914550736, -30.023352813720706 ], [ 28.285370349884008, -30.026159286498967 ], [ 28.281986236572209, -30.026708602905284 ], [ 28.279250717163084, -30.026818084716812 ], [ 28.276530119088971, -30.027055373558632 ], [ 28.273308753967296, -30.026268005371094 ], [ 28.270362377166801, -30.025351047515848 ], [ 28.266798019409144, -30.024430274963422 ], [ 28.264325141906731, -30.023598670959451 ], [ 28.260885715484573, -30.022643089294455 ], [ 28.257788658142079, -30.022252082824675 ], [ 28.253749847412134, -30.022583007812443 ], [ 28.251276969909632, -30.024186134338372 ], [ 28.249759674072216, -30.025924682617223 ], [ 28.247532367706295, -30.026756763458252 ], [ 28.24469280242916, -30.02685451507563 ], [ 28.242366790771477, -30.02705097198486 ], [ 28.239576339721694, -30.026488304138145 ], [ 28.237764358520522, -30.025531768798853 ], [ 28.235488255818652, -30.025060017903616 ], [ 28.232518513997395, -30.025303522745773 ], [ 28.230396270751989, -30.026585578918464 ], [ 28.228143692016626, -30.02753925323487 ], [ 28.225280761718729, -30.028201103210407 ], [ 28.222709655761701, -30.029058456420877 ], [ 28.220556259155249, -30.029500961303746 ], [ 28.218059539794925, -30.029399871826158 ], [ 28.214681625366222, -30.028569221496571 ], [ 28.211216926574711, -30.028801441192577 ], [ 28.209136009216284, -30.031982421874993 ], [ 28.208132743835467, -30.035239219665467 ], [ 28.205428123474107, -30.039216995239283 ], [ 28.202478408813491, -30.041050910949686 ], [ 28.19894027709957, -30.041738510131811 ], [ 28.196100234985288, -30.043403625488253 ], [ 28.193653106689464, -30.044479370117184 ], [ 28.190502484639456, -30.044549942016619 ], [ 28.187998771667488, -30.042056083679181 ], [ 28.185990333557175, -30.039829254150408 ], [ 28.183813095092724, -30.038311004638697 ], [ 28.181854248046822, -30.037038803100625 ], [ 28.179185867309563, -30.035619735717734 ], [ 28.176615715026831, -30.033757209777857 ], [ 28.173998355865514, -30.0331435203552 ], [ 28.171719551086415, -30.034980773925724 ], [ 28.169687271118104, -30.036598205566435 ], [ 28.16741085052492, -30.037478446960431 ], [ 28.165084838867148, -30.038311004638697 ], [ 28.161781311035149, -30.038483619689927 ], [ 28.158426284789972, -30.037820816040007 ], [ 28.155832290649418, -30.037429809570316 ], [ 28.152944564819315, -30.037479400634815 ], [ 28.150397300720197, -30.037943840026827 ], [ 28.148195266723629, -30.039436340332038 ], [ 28.146064758300792, -30.041810989379837 ], [ 28.143616676330584, -30.043696403503418 ], [ 28.140507698059047, -30.04509162902831 ], [ 28.137006759643523, -30.046241760253945 ], [ 28.13485336303707, -30.047416687011697 ], [ 28.132062911987287, -30.048934936523409 ], [ 28.130054473876886, -30.050844192504901 ], [ 28.128538131713853, -30.052312850952202 ], [ 28.126897811889616, -30.055618286132791 ], [ 28.125681241353394, -30.060269355773951 ], [ 28.125856876373344, -30.06374549865718 ], [ 28.126726150512681, -30.065629959106378 ], [ 28.127680778503382, -30.067539215087869 ], [ 28.128538131713853, -30.070085525512692 ], [ 28.127264658609995, -30.07222239176437 ], [ 28.125037193298329, -30.07268047332763 ], [ 28.122809727986663, -30.071995417277076 ], [ 28.120814323425257, -30.069607257842957 ], [ 28.118427276611268, -30.067514419555664 ], [ 28.116151809692379, -30.066755294799808 ], [ 28.113580703735352, -30.066437721252438 ], [ 28.109762191772457, -30.067001342773448 ], [ 28.106456756591779, -30.067564010620075 ], [ 28.103494644164972, -30.06837081909184 ], [ 28.100997924804648, -30.06949996948245 ], [ 28.09810924530025, -30.07074689865108 ], [ 28.095025062561007, -30.070796966552727 ], [ 28.092676162719709, -30.071210861206033 ], [ 28.08932113647462, -30.071996688842773 ], [ 28.086702346801772, -30.072731018066424 ], [ 28.082662582397443, -30.073072433471705 ], [ 28.080362319946261, -30.073413848876985 ], [ 28.077669143676708, -30.074050903320316 ], [ 28.074731826782195, -30.074857711791992 ], [ 28.072136878967257, -30.077380180358904 ], [ 28.07032585144038, -30.080024719238253 ], [ 28.068807601928757, -30.082839012145946 ], [ 28.06672668457033, -30.086288452148469 ], [ 28.065478324890169, -30.087955474853501 ], [ 28.063156604766814, -30.089390913645421 ], [ 28.05969238281245, -30.088392257690423 ], [ 28.057497978210421, -30.087612152099631 ], [ 28.054719448089593, -30.086412906646732 ], [ 28.05176734924315, -30.085630416870114 ], [ 28.048404693603523, -30.085898399352985 ], [ 28.043801784515331, -30.085090637207013 ], [ 28.040998458862298, -30.083990097045877 ], [ 28.038724422454852, -30.082225322723378 ], [ 28.036152839660588, -30.080025672912548 ], [ 28.034339904785121, -30.078849792480501 ], [ 28.032308578491193, -30.078065872192351 ], [ 28.029592514038114, -30.076743125915485 ], [ 28.027070999145497, -30.075470924377413 ], [ 28.023545265197768, -30.074418067932097 ], [ 28.02043628692623, -30.075103759765632 ], [ 28.018184661865252, -30.075861930847193 ], [ 28.016274929046613, -30.078003883361838 ], [ 28.016862869262681, -30.081614971160842 ], [ 28.01620197296144, -30.084626197814913 ], [ 28.013900756835962, -30.085679054260229 ], [ 28.010448455810554, -30.084906578063976 ], [ 28.007192611694286, -30.083108901977585 ], [ 28.005284309387179, -30.081419944763145 ], [ 28.003324508666982, -30.079191207885781 ], [ 28.001783370971655, -30.077379226684521 ], [ 28.000020027160687, -30.075225830078157 ], [ 27.998209953308105, -30.073584556579625 ], [ 27.996227264404293, -30.071651458740224 ], [ 27.994462966918942, -30.069791793823232 ], [ 27.992921829223615, -30.067345619201614 ], [ 27.990828990936322, -30.065299987792905 ], [ 27.987359523773158, -30.064068794250499 ], [ 27.985235214233416, -30.065091133117662 ], [ 27.982872962951632, -30.067380905151332 ], [ 27.979726791381786, -30.06856727600098 ], [ 27.976520538330018, -30.069597244262681 ], [ 27.973374843597409, -30.071371555328309 ], [ 27.973436991373667, -30.07455762227378 ], [ 27.975336313247666, -30.076473236084023 ], [ 27.977267265319771, -30.078372001647914 ], [ 27.979599952697786, -30.079567909240691 ], [ 27.981102466583273, -30.081754207611034 ], [ 27.981294631957997, -30.085065841674808 ], [ 27.980682373046871, -30.088005065918001 ], [ 27.979042053222635, -30.091210365295385 ], [ 27.978404998779304, -30.095315933227585 ], [ 27.976789474487273, -30.097770055135054 ], [ 27.975195407867414, -30.100266933441123 ], [ 27.971977869669583, -30.101389567057325 ], [ 27.97047519683835, -30.103687286376935 ], [ 27.969785690307635, -30.105724334716811 ], [ 27.967761039733862, -30.10802364349361 ], [ 27.965435028076179, -30.109240531921412 ], [ 27.963071823120099, -30.109483718872077 ], [ 27.96004390716551, -30.108608245849556 ], [ 27.95677518844608, -30.107787132263098 ], [ 27.953960418701151, -30.106471061706564 ], [ 27.951965332031236, -30.105438232421889 ], [ 27.949740409851142, -30.103863239288287 ], [ 27.947283744812012, -30.102543354034395 ], [ 27.945280075073264, -30.099984169006323 ], [ 27.945652008056609, -30.097976684570305 ], [ 27.947518348693844, -30.095164299011202 ], [ 27.949785232543899, -30.091920852661126 ], [ 27.951046943664547, -30.088858604431113 ], [ 27.951094627380368, -30.08531030019126 ], [ 27.949842453002937, -30.082365036010717 ], [ 27.947546005249023, -30.078922271728526 ], [ 27.944876829783126, -30.075132687886509 ], [ 27.941216468811024, -30.075396060943561 ], [ 27.937847137451154, -30.074905395507812 ], [ 27.935724258422855, -30.07496261596685 ], [ 27.933198928832969, -30.075019836425799 ], [ 27.931016921997042, -30.074731826782198 ], [ 27.928091049194336, -30.074560165405263 ], [ 27.925098896026611, -30.074715137481679 ], [ 27.922194480895989, -30.076113700866692 ], [ 27.921059608459519, -30.079064369201692 ], [ 27.918907165527362, -30.08087348937989 ], [ 27.915865898132285, -30.082337379455538 ], [ 27.91414451599119, -30.083917617797852 ], [ 27.913237571716309, -30.085977077484106 ], [ 27.912815729776973, -30.088501612345354 ], [ 27.91172790527343, -30.092071533203125 ], [ 27.911972045898391, -30.095293045043881 ], [ 27.912706693013533, -30.099349021911582 ], [ 27.91376972198487, -30.101835250854482 ], [ 27.916541814804074, -30.103770971298239 ], [ 27.918849945068324, -30.106355667114283 ], [ 27.920715332031264, -30.10853767395021 ], [ 27.922437667846655, -30.109827995300243 ], [ 27.924503326416005, -30.11094665527343 ], [ 27.926425933837894, -30.111865997314414 ], [ 27.928865432739268, -30.113674163818406 ], [ 27.92848269144692, -30.116266886393262 ], [ 27.926282882690433, -30.117145538330071 ], [ 27.924187660217314, -30.117662429809556 ], [ 27.920943895975746, -30.1196037928263 ], [ 27.918046951294006, -30.121048927307093 ], [ 27.914690017700238, -30.121650695800795 ], [ 27.91173362731929, -30.122138977050717 ], [ 27.909065246582031, -30.122655868530291 ], [ 27.906745910644503, -30.122921943664483 ], [ 27.904417037963846, -30.123516082763647 ], [ 27.902227401733381, -30.124886830647824 ], [ 27.901088714599553, -30.127304077148477 ], [ 27.900271097818962, -30.12994956970212 ], [ 27.898618698120114, -30.131665229797356 ], [ 27.895081996917725, -30.132236480712816 ], [ 27.891416549682567, -30.13269996643071 ], [ 27.889352798461896, -30.133442560831703 ], [ 27.888006687164268, -30.13521194458011 ], [ 27.886558850606246, -30.139525413513169 ], [ 27.887159824371309, -30.142257213592561 ], [ 27.888411521911593, -30.144909858703596 ], [ 27.89179039001468, -30.147965431213365 ], [ 27.894113540649389, -30.150203704834034 ], [ 27.896352767944354, -30.151580810546875 ], [ 27.898189544677731, -30.153245925903317 ], [ 27.899795532226545, -30.15554046630864 ], [ 27.901288032531756, -30.158210754394489 ], [ 27.902923583984339, -30.160707473754901 ], [ 27.90395736694331, -30.162771224975572 ], [ 27.904164632161454, -30.165916442871122 ], [ 27.903423309326158, -30.168552875518785 ], [ 27.903038024902326, -30.171669006347624 ], [ 27.902478218078585, -30.174402554829861 ], [ 27.900887489318848, -30.176314353942836 ], [ 27.898849487304677, -30.177293777465831 ], [ 27.896438598632777, -30.177637100219702 ], [ 27.893440246582045, -30.178609371185306 ], [ 27.890446027119985, -30.181015650431299 ], [ 27.891070842742959, -30.183896541595413 ], [ 27.893029212951713, -30.185955047607461 ], [ 27.893473307291593, -30.188622156778933 ], [ 27.895606994628896, -30.19083786010739 ], [ 27.897729873657195, -30.191873550415039 ], [ 27.899969100952159, -30.192617416381818 ], [ 27.902320861816342, -30.192789077758842 ], [ 27.905134201049741, -30.192043304443384 ], [ 27.908102035522408, -30.191364288330092 ], [ 27.910786628723127, -30.19081211090089 ], [ 27.914436340331971, -30.190510749816802 ], [ 27.918126583099333, -30.191534519195585 ], [ 27.922811031341531, -30.19314050674431 ], [ 27.923088073730472, -30.195521354675293 ], [ 27.921964645385721, -30.197338104248029 ], [ 27.919883728027294, -30.199388504028303 ], [ 27.917587280273381, -30.201108932495103 ], [ 27.915349960327095, -30.203062057495146 ], [ 27.913226127624501, -30.205387115478533 ], [ 27.910326957702591, -30.207739830017101 ], [ 27.907514572143487, -30.209089279174851 ], [ 27.905448913574226, -30.210695266723665 ], [ 27.903440475463825, -30.21224403381353 ], [ 27.90183258056642, -30.214426040649457 ], [ 27.899881362915057, -30.216951370239254 ], [ 27.898114204406731, -30.219269752502399 ], [ 27.896152496337855, -30.22022247314451 ], [ 27.89405632019044, -30.219563484191859 ], [ 27.891559600830028, -30.217038154602061 ], [ 27.89012527465815, -30.213851928710934 ], [ 27.888518333435041, -30.210264205932603 ], [ 27.886337280273409, -30.208228111267111 ], [ 27.884271621704059, -30.208284378051765 ], [ 27.882089614868221, -30.209260940551786 ], [ 27.879163742065426, -30.209805488586451 ], [ 27.875864028930607, -30.21190071105957 ], [ 27.874055862426705, -30.215288162231491 ], [ 27.873701095581026, -30.217839241027789 ], [ 27.874228477478024, -30.221743583679196 ], [ 27.875205039978045, -30.225306510925321 ], [ 27.875102996826161, -30.228429794311552 ], [ 27.874988555908175, -30.231126785278374 ], [ 27.874530792236317, -30.233366012573249 ], [ 27.874242782592717, -30.235776901245149 ], [ 27.87447166442869, -30.238786697387688 ], [ 27.874588012695266, -30.241056442260717 ], [ 27.87341022491454, -30.244126319885268 ], [ 27.871229171752908, -30.246164321899439 ], [ 27.869451522827159, -30.247829437255881 ], [ 27.867498397827116, -30.249435424804695 ], [ 27.86371135711676, -30.251417160034123 ], [ 27.859807968139648, -30.251789093017557 ], [ 27.857513427734325, -30.251502990722635 ], [ 27.854873657226541, -30.251272201538072 ], [ 27.852405548095692, -30.250755310058587 ], [ 27.849340438842795, -30.250583648681651 ], [ 27.845873832702694, -30.250891208648657 ], [ 27.843308130900034, -30.25223032633464 ], [ 27.84316444396968, -30.256753921508817 ], [ 27.84385299682619, -30.260168075561534 ], [ 27.84488677978516, -30.262981414794933 ], [ 27.845289230346658, -30.265964508056676 ], [ 27.845115661621044, -30.268545150756832 ], [ 27.843853950500485, -30.27176284790032 ], [ 27.841844558715788, -30.274171829223629 ], [ 27.839003562927211, -30.274831771850575 ], [ 27.834985733032202, -30.274573326110833 ], [ 27.831714630126946, -30.273081779479917 ], [ 27.829132080078111, -30.270642280578631 ], [ 27.827869415283168, -30.267629623413118 ], [ 27.826663970947262, -30.265218734741218 ], [ 27.824885368347218, -30.26186180114745 ], [ 27.822990417480419, -30.260515213012674 ], [ 27.820924758911069, -30.259996414184599 ], [ 27.818227767944336, -30.259967803955124 ], [ 27.816103935241742, -30.262147903442372 ], [ 27.815530776977514, -30.265993118286151 ], [ 27.815416336059528, -30.26894950866701 ], [ 27.814812660217235, -30.271418571472154 ], [ 27.812123616536443, -30.274529774983773 ], [ 27.810493469238228, -30.275951385498058 ], [ 27.808311462402301, -30.277385711669936 ], [ 27.805557727813678, -30.279897212982188 ], [ 27.803806304931665, -30.28283691406244 ], [ 27.800535202026321, -30.283527374267628 ], [ 27.798355102539073, -30.283527374267628 ], [ 27.795829772949187, -30.282523155212427 ], [ 27.793476104736325, -30.280887603759755 ], [ 27.79123687744136, -30.279682159423849 ], [ 27.788712501525858, -30.278677940368649 ], [ 27.78607177734369, -30.278993606567429 ], [ 27.784408569335927, -30.280656814575192 ], [ 27.782283782958949, -30.282608032226555 ], [ 27.779300689697205, -30.284618377685547 ], [ 27.777004241943292, -30.285133361816442 ], [ 27.77287292480468, -30.285652160644517 ], [ 27.769027709960902, -30.286224365234361 ], [ 27.765811920166005, -30.286281585693398 ], [ 27.760848999023423, -30.286569595336911 ], [ 27.758838653564432, -30.286054611206104 ], [ 27.756257057189892, -30.284588813781689 ], [ 27.754363059997566, -30.282320976257338 ], [ 27.75367355346685, -30.279422760009723 ], [ 27.753416061401403, -30.276150703430172 ], [ 27.753444671630877, -30.272508621215866 ], [ 27.754133224487298, -30.269292831420881 ], [ 27.754936218261705, -30.266309738159226 ], [ 27.755224227905217, -30.264068603515671 ], [ 27.754993438720653, -30.261659622192361 ], [ 27.752956390380866, -30.258560180664041 ], [ 27.750173568725533, -30.257356643676726 ], [ 27.747679710388184, -30.257057189941406 ], [ 27.743974685668981, -30.257970809936531 ], [ 27.741794586181644, -30.259864807128945 ], [ 27.740474700927752, -30.261528015136708 ], [ 27.738866806030259, -30.263366699218764 ], [ 27.736715316772486, -30.26474285125731 ], [ 27.733190536499052, -30.266258239746048 ], [ 27.730975151061998, -30.268759727478024 ], [ 27.728182315826388, -30.271750926971364 ], [ 27.726814270019528, -30.274785995483434 ], [ 27.725914955139185, -30.277569293975827 ], [ 27.723829269409194, -30.279664993286183 ], [ 27.721677780151332, -30.281444549560522 ], [ 27.720329284667965, -30.283108711242669 ], [ 27.720071792602518, -30.2852897644043 ], [ 27.721591949462908, -30.287240982055664 ], [ 27.724461555480961, -30.288761138915966 ], [ 27.728449821472111, -30.288933753967285 ], [ 27.731550216674815, -30.288904190063516 ], [ 27.735050201416044, -30.28927803039554 ], [ 27.737403869628906, -30.291028976440405 ], [ 27.738408088684107, -30.29395675659179 ], [ 27.739124298095707, -30.296998977661161 ], [ 27.738838195800785, -30.29911994934087 ], [ 27.738378524780249, -30.301359176635746 ], [ 27.737058639526357, -30.304859161376974 ], [ 27.736198425292912, -30.307212829589837 ], [ 27.734619140624982, -30.31019783020017 ], [ 27.733386039733897, -30.312234878540046 ], [ 27.732725143432567, -30.315824508666967 ], [ 27.7327833175659, -30.318519592285199 ], [ 27.734792709350597, -30.320470809936563 ], [ 27.73714447021478, -30.322250366210991 ], [ 27.738981246948246, -30.323282241821282 ], [ 27.741507530212427, -30.325808525085463 ], [ 27.741678237914979, -30.32919692993168 ], [ 27.740760803222674, -30.331921577453592 ], [ 27.738006591796903, -30.33527851104736 ], [ 27.735538482665966, -30.335968017578164 ], [ 27.73329925537109, -30.335393905639641 ], [ 27.730831146240241, -30.334877014160156 ], [ 27.727732658386216, -30.335021018981912 ], [ 27.724863052368164, -30.335853576660178 ], [ 27.722826004028288, -30.336771011352571 ], [ 27.720071792602518, -30.337688446044965 ], [ 27.717315673828068, -30.338262557983398 ], [ 27.715192794799769, -30.339355468749996 ], [ 27.713790257771741, -30.341264724731488 ], [ 27.713558197021481, -30.343803405761772 ], [ 27.714330673217734, -30.345952987670866 ], [ 27.715995788574176, -30.347501754760732 ], [ 27.718118667602475, -30.348709106445316 ], [ 27.72070121765131, -30.349800109863324 ], [ 27.722883224487237, -30.350545883178693 ], [ 27.724374771118153, -30.352954864502003 ], [ 27.725179672241151, -30.355651855468736 ], [ 27.72510623931883, -30.359246730804458 ], [ 27.72367954254149, -30.363437652587844 ], [ 27.721834182739279, -30.365213394165004 ], [ 27.718662738800081, -30.36546182632447 ], [ 27.714691162109361, -30.364622116088903 ], [ 27.710386276245135, -30.363819122314496 ], [ 27.705335617065362, -30.363590240478523 ], [ 27.702236175537042, -30.363243103027383 ], [ 27.699367523193374, -30.362958908081051 ], [ 27.697215080261216, -30.362556457519553 ], [ 27.69500541687011, -30.361522674560582 ], [ 27.692708969116197, -30.36020278930669 ], [ 27.689782142639107, -30.358912467956568 ], [ 27.686148166656487, -30.357629776000984 ], [ 27.683085441589327, -30.355381965637186 ], [ 27.68048477172853, -30.353803634643551 ], [ 27.678045272827156, -30.351766586303675 ], [ 27.675750732421832, -30.349241256713878 ], [ 27.674257278442326, -30.347578048706026 ], [ 27.671359062194799, -30.345654487609842 ], [ 27.668403625488235, -30.34430503845218 ], [ 27.666337966918885, -30.343904495239272 ], [ 27.66283702850345, -30.342986106872583 ], [ 27.660397529601987, -30.341407775878949 ], [ 27.658590316772468, -30.340402603149453 ], [ 27.656064987182582, -30.340661048889107 ], [ 27.653940200805604, -30.342699050903366 ], [ 27.652046203613278, -30.343673706054709 ], [ 27.648690223693894, -30.344076156616207 ], [ 27.643719355265283, -30.34329287211095 ], [ 27.641572952270476, -30.343847274780323 ], [ 27.639219284057614, -30.345224380493164 ], [ 27.637096405029315, -30.346258163452134 ], [ 27.634571075439428, -30.347290039062514 ], [ 27.632505416870078, -30.348207473754908 ], [ 27.629749298095717, -30.349872589111349 ], [ 27.62584877014158, -30.352956295013445 ], [ 27.622014999389609, -30.356185913085977 ], [ 27.620121002197283, -30.358596801757788 ], [ 27.618428230285662, -30.360489845275907 ], [ 27.61610412597657, -30.360806465148894 ], [ 27.613894462585463, -30.35940074920649 ], [ 27.611484527587859, -30.358194351196289 ], [ 27.608797073364254, -30.358093897501593 ], [ 27.606304168701111, -30.359457969665527 ], [ 27.604482650756811, -30.36158180236821 ], [ 27.601612091064464, -30.364164352417045 ], [ 27.598800659179656, -30.365312576293913 ], [ 27.596275329589858, -30.3654270172119 ], [ 27.593233108520486, -30.365312576293913 ], [ 27.591167449951136, -30.365312576293913 ], [ 27.588411331176776, -30.364852905273466 ], [ 27.586174011230401, -30.36439323425293 ], [ 27.583705902099553, -30.363645553588881 ], [ 27.581180572509755, -30.363302230835011 ], [ 27.578369140624947, -30.363418579101587 ], [ 27.575441360473651, -30.36488151550294 ], [ 27.573604583740185, -30.366973876953175 ], [ 27.570735931396428, -30.369958877563509 ], [ 27.569013595581037, -30.372026443481449 ], [ 27.567750930786094, -30.374265670776413 ], [ 27.567291259765557, -30.377363204956055 ], [ 27.566976547241161, -30.379951477050749 ], [ 27.567664146423375, -30.383102416992159 ], [ 27.570247650146417, -30.386030197143544 ], [ 27.571910858154268, -30.387807846069382 ], [ 27.573432922363249, -30.39033508300777 ], [ 27.573346138000531, -30.394267082214355 ], [ 27.572830200195341, -30.397939682006815 ], [ 27.573804855346683, -30.399864196777383 ], [ 27.575756072998047, -30.400550842285124 ], [ 27.577880859374936, -30.400436401367227 ], [ 27.580606460571321, -30.399518013000538 ], [ 27.582357406616186, -30.398311614990249 ], [ 27.584480285644485, -30.39636135101318 ], [ 27.586545944213835, -30.395154953002979 ], [ 27.589760780334437, -30.394783020019545 ], [ 27.593261718749961, -30.395815849304221 ], [ 27.596122741699268, -30.398745536804196 ], [ 27.59658527374269, -30.401638031005863 ], [ 27.595558166503874, -30.403879165649418 ], [ 27.593692779541023, -30.405486106872527 ], [ 27.590908050537099, -30.406923294067379 ], [ 27.589014053344684, -30.408355712890668 ], [ 27.586748123168924, -30.40987777709956 ], [ 27.583848953247013, -30.411745071411179 ], [ 27.580635070800795, -30.413004875183148 ], [ 27.577421188354489, -30.412889480590866 ], [ 27.574895858764602, -30.412832260131829 ], [ 27.574569126333181, -30.412913943239751 ], [ 27.57441000000027, -30.41233 ], [ 27.574131008848134, -30.411301387041224 ], [ 27.57311220898233, -30.407545173004703 ], [ 27.571280000000197, -30.40079 ], [ 27.565017073889496, -30.392671966085217 ], [ 27.559160000000226, -30.38508 ], [ 27.553109672824426, -30.381617281306973 ], [ 27.551140000000295, -30.380489999999828 ], [ 27.545173998978022, -30.378936563084814 ], [ 27.542230000000444, -30.378169999999894 ], [ 27.513960000000303, -30.37713 ], [ 27.509112051156691, -30.373346787799505 ], [ 27.507540000000152, -30.372119999999803 ], [ 27.502450949686907, -30.364471431212149 ], [ 27.502450000000266, -30.364469999999844 ], [ 27.502134442843417, -30.363620864058106 ], [ 27.500800000000169, -30.36003 ], [ 27.500797340882709, -30.360027498124676 ], [ 27.500121367065876, -30.359391536930037 ], [ 27.4864400000004, -30.346519999999867 ], [ 27.481940571940576, -30.341570629054161 ], [ 27.481940000000215, -30.34157 ], [ 27.480230000000304, -30.333469999999863 ], [ 27.480230435889318, -30.333467979975982 ], [ 27.480437421979808, -30.332508580995455 ], [ 27.483080000000214, -30.320259999999855 ], [ 27.480230837108909, -30.315296085937394 ], [ 27.479860000000244, -30.314649999999844 ], [ 27.475886849979791, -30.311227673023367 ], [ 27.47546000000025, -30.310859999999874 ], [ 27.469569799007608, -30.311211432124253 ], [ 27.463560000000186, -30.311569999999822 ], [ 27.458454093953065, -30.313001388831019 ], [ 27.457424599700374, -30.313289996997273 ], [ 27.455627191028874, -30.313793882102203 ], [ 27.455320000000171, -30.31388 ], [ 27.447202843567741, -30.316860272772118 ], [ 27.44241, -30.318619999999875 ], [ 27.436600000000432, -30.318659999999721 ], [ 27.433623308011445, -30.31924366505654 ], [ 27.430480000000145, -30.319859999999888 ], [ 27.423576612701449, -30.323740005999845 ], [ 27.417057435702063, -30.327404068985043 ], [ 27.409930000000159, -30.33141 ], [ 27.40196000000028, -30.332089999999635 ], [ 27.39730821306463, -30.331075986704704 ], [ 27.394622284016034, -30.330490497928043 ], [ 27.394620000000302, -30.33049 ], [ 27.393719650839476, -30.327843903054475 ], [ 27.393357289747854, -30.326778935731436 ], [ 27.392490060949481, -30.324230179017132 ], [ 27.392490000000279, -30.324229999999886 ], [ 27.392578093074626, -30.324016920030484 ], [ 27.394830000000269, -30.31857 ], [ 27.394834284705748, -30.318566515637691 ], [ 27.396070820117323, -30.317560899143526 ], [ 27.396490000000394, -30.317219999999857 ], [ 27.407117666901847, -30.308611889878257 ], [ 27.407120000000184, -30.30861 ], [ 27.406698854083199, -30.306403769984037 ], [ 27.406240000000114, -30.304 ], [ 27.389680000000304, -30.29479 ], [ 27.396590000000142, -30.287189999999843 ], [ 27.396314251918884, -30.28191401900402 ], [ 27.396290000000455, -30.281449999999822 ], [ 27.396289907026382, -30.281449925967131 ], [ 27.392700000000247, -30.278589999999884 ], [ 27.390462637957768, -30.27756182309227 ], [ 27.374530000000362, -30.27024 ], [ 27.372800000000129, -30.26056 ], [ 27.373030000000242, -30.24129 ], [ 27.374650000000166, -30.220469999999789 ], [ 27.37859954770656, -30.20062227394147 ], [ 27.378600000000141, -30.20062 ], [ 27.382365927105234, -30.197798148139544 ], [ 27.38553517390072, -30.195423395866761 ], [ 27.389490000000215, -30.192459999999844 ], [ 27.397980000000221, -30.19134 ], [ 27.397982866934022, -30.191335767954786 ], [ 27.399660000000225, -30.188859999999785 ], [ 27.3965141837601, -30.182568367119856 ], [ 27.394770000000189, -30.179079999999892 ], [ 27.395175987763864, -30.178532728824315 ], [ 27.397270000000361, -30.175709999999857 ], [ 27.405199277000158, -30.17571999905282 ], [ 27.405200000000129, -30.175719999999885 ], [ 27.406129163045833, -30.174832709047706 ], [ 27.409860000000407, -30.17127 ], [ 27.410410000000262, -30.16394 ], [ 27.415780000000133, -30.154929999999847 ], [ 27.415680064151026, -30.150792659996274 ], [ 27.415680000000386, -30.150789999999784 ], [ 27.414541747053111, -30.149302561959225 ], [ 27.413170000000363, -30.147509999999823 ], [ 27.407810000000431, -30.142759999999825 ], [ 27.404694444975796, -30.142148218286003 ], [ 27.402310000000195, -30.141679999999816 ], [ 27.395999737033016, -30.142821391180853 ], [ 27.367480000000221, -30.147979999999897 ], [ 27.337210000000155, -30.152339999999867 ], [ 27.337209449043186, -30.152339421959141 ], [ 27.335180000000236, -30.15021 ], [ 27.334380706369043, -30.147783825526343 ], [ 27.32953000000029, -30.13306 ], [ 27.323624430054249, -30.113183984983817 ], [ 27.32045000000014, -30.1025 ], [ 27.317441257199814, -30.089924713952133 ], [ 27.312320000000256, -30.06852 ], [ 27.30170764792652, -30.057976203073956 ], [ 27.296840000000188, -30.053139999999857 ], [ 27.290566192970388, -30.04731534703209 ], [ 27.273718854030292, -30.031674141967525 ], [ 27.268846973240834, -30.027151048608381 ], [ 27.267650831843348, -30.026040541302269 ], [ 27.253120000000152, -30.012549999999894 ], [ 27.24686000000036, -30.01075 ], [ 27.238380000000205, -30.005439999999851 ], [ 27.236160000000197, -30.001699999999843 ], [ 27.235235659058187, -30.000112747966035 ], [ 27.235170000000174, -29.999999999999872 ], [ 27.221130000000237, -29.97576 ], [ 27.221773124896774, -29.974152187958381 ], [ 27.22231, -29.97281 ], [ 27.212380000000124, -29.95139 ], [ 27.209187828001834, -29.943657446999229 ], [ 27.207100000000239, -29.938599999999816 ], [ 27.190381713299971, -29.902083554862703 ], [ 27.190002107283572, -29.901254411130719 ], [ 27.194272041320854, -29.900260925292944 ], [ 27.198150634765671, -29.899286270141602 ], [ 27.202666282653819, -29.898226737976042 ], [ 27.205911000569682, -29.897420247395857 ], [ 27.21017074584957, -29.897285461425827 ], [ 27.212492624918582, -29.897177378336593 ], [ 27.215132395426366, -29.897649765014634 ], [ 27.217555046081564, -29.898936271667488 ], [ 27.21903228759761, -29.900388717651417 ], [ 27.220565795898487, -29.901873588562001 ], [ 27.223453521728501, -29.902802467346202 ], [ 27.227809906005817, -29.903192520141598 ], [ 27.231258392333956, -29.903523445129366 ], [ 27.233684539794933, -29.90421676635744 ], [ 27.235977172851577, -29.904792785644553 ], [ 27.23911285400391, -29.904941558837873 ], [ 27.243535041809096, -29.905240058898897 ], [ 27.247709274291964, -29.905601501464819 ], [ 27.250684976577787, -29.905630350112911 ], [ 27.254572868347115, -29.906112670898445 ], [ 27.258391189575203, -29.906803512573244 ], [ 27.261107444763176, -29.907383918762221 ], [ 27.263652801513704, -29.907797813415527 ], [ 27.267877578735366, -29.908225377400722 ], [ 27.271799087524439, -29.907829284667976 ], [ 27.275008201599093, -29.907170057296707 ], [ 27.278147697448784, -29.906237125396707 ], [ 27.280448532104472, -29.90574035644531 ], [ 27.282883834838877, -29.906124114990252 ], [ 27.285664717356383, -29.90574566523232 ], [ 27.288620948791497, -29.904686927795399 ], [ 27.290673828125044, -29.904417037963849 ], [ 27.294360978262787, -29.902888536453155 ], [ 27.296945571899411, -29.904355049133336 ], [ 27.29899120330812, -29.905116717020675 ], [ 27.301922798156774, -29.904100704193116 ], [ 27.305180168151843, -29.902717971801774 ], [ 27.307664553324361, -29.900652567545617 ], [ 27.310532093048078, -29.898345470428445 ], [ 27.312483151753696, -29.895829836527522 ], [ 27.314937591552745, -29.894236246744811 ], [ 27.316754023234079, -29.892982482910192 ], [ 27.320591211318956, -29.891551256179817 ], [ 27.326188564300512, -29.88968324661252 ], [ 27.330531120300282, -29.889493942260771 ], [ 27.333196322123165, -29.888787905375192 ], [ 27.335313796997095, -29.885995388030985 ], [ 27.33721733093255, -29.883449554443398 ], [ 27.338391621907498, -29.88168780008953 ], [ 27.339216232299822, -29.879100036621132 ], [ 27.338359196980754, -29.876008987426751 ], [ 27.337133884429864, -29.873824596404997 ], [ 27.336476008097343, -29.871702194213846 ], [ 27.335853258768704, -29.868771711985232 ], [ 27.33680470784503, -29.865055402119967 ], [ 27.339649200439386, -29.861777496337872 ], [ 27.342299652099577, -29.859968948364269 ], [ 27.345830917358359, -29.857006708780954 ], [ 27.346461296081536, -29.854550361633315 ], [ 27.346790949503518, -29.852112134297727 ], [ 27.35131963094075, -29.851898193359428 ], [ 27.353659629821724, -29.851886272430473 ], [ 27.358846664428714, -29.852420806884773 ], [ 27.362767219543404, -29.852379322051959 ], [ 27.36561036109919, -29.850945711135935 ], [ 27.367793401082285, -29.84874153137207 ], [ 27.369899272918662, -29.850696086883556 ], [ 27.371716090611041, -29.852543149675693 ], [ 27.374297459920282, -29.854832013448075 ], [ 27.373794930321814, -29.859267796788803 ], [ 27.37500349680586, -29.861931165059353 ], [ 27.377887916564902, -29.862489700317397 ], [ 27.379959515162898, -29.864469391959037 ], [ 27.379324197769183, -29.868534247080426 ], [ 27.378014087677037, -29.872104883193874 ], [ 27.376145362853975, -29.874752998352051 ], [ 27.377229928970358, -29.877776543299351 ], [ 27.379218165079799, -29.880971018473335 ], [ 27.381273269653338, -29.883960962295554 ], [ 27.38382530212402, -29.886916637420647 ], [ 27.382205327351826, -29.888017654418931 ], [ 27.379960695902493, -29.88888263702394 ], [ 27.379190826416021, -29.892985916137672 ], [ 27.377842585245759, -29.894949595133436 ], [ 27.37609863281245, -29.896631240844741 ], [ 27.373330797467887, -29.898399353027362 ], [ 27.370317755086869, -29.899879906811645 ], [ 27.368398284912153, -29.901371383666998 ], [ 27.366405487060529, -29.902516047159878 ], [ 27.364795684814446, -29.904483795166016 ], [ 27.364819526672356, -29.906577110290545 ], [ 27.365354696909549, -29.90902455647786 ], [ 27.363493510655012, -29.911091395786805 ], [ 27.364546298980684, -29.914095878601078 ], [ 27.366363313463026, -29.915804968939931 ], [ 27.367028917585067, -29.918298176356718 ], [ 27.364848772684724, -29.920346498489337 ], [ 27.362856388092037, -29.922567685445124 ], [ 27.361309766769381, -29.925012588500955 ], [ 27.359465599060083, -29.927648067474323 ], [ 27.359046363830529, -29.930577182769703 ], [ 27.36043294270829, -29.932292302449582 ], [ 27.362796783447262, -29.933703104654953 ], [ 27.363669077555318, -29.935782114664701 ], [ 27.362320423126206, -29.937676906585665 ], [ 27.35976441701251, -29.938977718353211 ], [ 27.358147048950187, -29.941508483886704 ], [ 27.35729980468744, -29.943410873413058 ], [ 27.357062458991987, -29.946014285087564 ], [ 27.357924699783286, -29.948551893234288 ], [ 27.359643459320026, -29.951560974121062 ], [ 27.361477310007242, -29.954462224786905 ], [ 27.363096618652371, -29.956959819793628 ], [ 27.361892700195266, -29.960091590881333 ], [ 27.361123085021987, -29.963644981384242 ], [ 27.36036173502605, -29.966254552205363 ], [ 27.36069107055663, -29.968479156494055 ], [ 27.361317498343251, -29.971720559256433 ], [ 27.364089330037466, -29.972020785013843 ], [ 27.3635702133179, -29.974654436111493 ], [ 27.363724517822273, -29.977133560180725 ], [ 27.365128517150893, -29.978853225708036 ], [ 27.36684775352478, -29.981642961502054 ], [ 27.368423938751206, -29.983719825744593 ], [ 27.367412567138615, -29.986039638519269 ], [ 27.368095397949176, -29.988509496053052 ], [ 27.369963836669896, -29.990286636352504 ], [ 27.372076416015577, -29.989392471313426 ], [ 27.373095989227302, -29.991992394129397 ], [ 27.370563125610325, -29.992752265930168 ], [ 27.36895942687989, -29.995341110229546 ], [ 27.370862960815433, -29.997246901194231 ], [ 27.371522358485588, -30.00012425013956 ], [ 27.374631881713828, -30.001927185058609 ], [ 27.377311706542983, -30.002160072326657 ], [ 27.380321979522758, -30.002517700195309 ], [ 27.38160460335861, -30.005073819841655 ], [ 27.383985519409148, -30.006919384002707 ], [ 27.386127471923793, -30.009168148040711 ], [ 27.387114524841326, -30.01239252090453 ], [ 27.38845252990718, -30.015022277832038 ], [ 27.389978090922028, -30.017309506734136 ], [ 27.39318688710528, -30.017968813578278 ], [ 27.395107030868559, -30.021274328231829 ], [ 27.395333099365192, -30.024703598022452 ], [ 27.398452758789048, -30.025824069976782 ], [ 27.401058197021499, -30.026776313781745 ], [ 27.403306484222444, -30.028227806091291 ], [ 27.406099001566563, -30.030924320220965 ], [ 27.404896054949045, -30.034803118024534 ], [ 27.407754898071278, -30.035090650830899 ], [ 27.408958435058594, -30.038367589314753 ], [ 27.409100850423162, -30.041214942932083 ], [ 27.411417245864843, -30.044736623764013 ], [ 27.410766601562496, -30.047584533691452 ], [ 27.413360323224744, -30.048576899937252 ], [ 27.414327621459943, -30.051387468973779 ], [ 27.417008717854795, -30.053469340006501 ], [ 27.418309529622341, -30.055072148640939 ], [ 27.419927597045856, -30.056674957275376 ], [ 27.422985076904304, -30.057672977447481 ], [ 27.425256729125923, -30.057626724243192 ], [ 27.428731536865158, -30.057436370849612 ], [ 27.431562900543248, -30.055948019027646 ], [ 27.434133052825892, -30.054223060607899 ], [ 27.436238765716524, -30.055245876312298 ], [ 27.438416004180887, -30.054556846618642 ], [ 27.439748287200882, -30.052426815032952 ], [ 27.442621469497674, -30.051974773406954 ], [ 27.444412231445291, -30.0497135162354 ], [ 27.443567276001012, -30.047715187072722 ], [ 27.442917633056595, -30.045651626586945 ], [ 27.446331659952804, -30.044809341430657 ], [ 27.448005199432334, -30.043444633483919 ], [ 27.450194676717143, -30.041619618733662 ], [ 27.45305538177487, -30.043259620666497 ], [ 27.456964015960693, -30.043932914733929 ], [ 27.462573766708442, -30.043729782104545 ], [ 27.466763655344661, -30.042805671691909 ], [ 27.469729741414305, -30.040177027384441 ], [ 27.472190652574845, -30.036343404224898 ], [ 27.469224214553844, -30.036097764968851 ], [ 27.466862201690677, -30.035389423370408 ], [ 27.466005802154502, -30.033509731292686 ], [ 27.466836166381835, -30.031412887573229 ], [ 27.469657897949173, -30.031618118286097 ], [ 27.47253179550173, -30.032671213150032 ], [ 27.476035118103081, -30.03290271759036 ], [ 27.478297642299164, -30.031640624999923 ], [ 27.47695159912109, -30.028608322143558 ], [ 27.475594997406038, -30.026823043823271 ], [ 27.473632176717121, -30.025534311930336 ], [ 27.471710681915361, -30.022801876068051 ], [ 27.472981770833304, -30.020600636800122 ], [ 27.476005109151224, -30.019387944539378 ], [ 27.479358673095721, -30.01987202962242 ], [ 27.482594490051259, -30.019395828247021 ], [ 27.484720230102532, -30.017460505167627 ], [ 27.485211690266919, -30.015288035074828 ], [ 27.48571968078608, -30.013224601745559 ], [ 27.486100673675494, -30.010821819305434 ], [ 27.485298156738235, -30.00790187290734 ], [ 27.487480481465653, -30.005880037943445 ], [ 27.491279919942201, -30.004856427510585 ], [ 27.494505882263208, -30.003164052963239 ], [ 27.499600092569953, -30.00413513183593 ], [ 27.501689093453518, -30.005373273577064 ], [ 27.503387928009037, -30.00405263900754 ], [ 27.503632863362547, -30.001826922098807 ], [ 27.502863407135013, -29.999518871307341 ], [ 27.501038742065397, -29.997282409667992 ], [ 27.498509407043436, -29.994477311770119 ], [ 27.495329175676563, -29.992340360368953 ], [ 27.491435241699168, -29.992237854003868 ], [ 27.488674545288049, -29.992114639282153 ], [ 27.486070394515959, -29.989216327667179 ], [ 27.48754453659059, -29.986162185668942 ], [ 27.491148630778039, -29.986526648203494 ], [ 27.494737625122067, -29.987653732299769 ], [ 27.497235616048176, -29.987304687500039 ], [ 27.499987030029271, -29.986347198486275 ], [ 27.502631425857537, -29.986551046371424 ], [ 27.504683971405019, -29.984755516052243 ], [ 27.505659739176402, -29.982815424601284 ], [ 27.50860061645508, -29.982082366943331 ], [ 27.511382579803477, -29.98097729682916 ], [ 27.512559890747056, -29.978722572326678 ], [ 27.513901901245074, -29.976828765869158 ], [ 27.516852283477732, -29.975144863128623 ], [ 27.519401073455828, -29.975570201873825 ], [ 27.521221160888686, -29.974622090657533 ], [ 27.520204305648853, -29.971882343292201 ], [ 27.518404006958018, -29.968819427490235 ], [ 27.51965045928959, -29.965576171874964 ], [ 27.520835494995154, -29.96404666900634 ], [ 27.522720654805543, -29.963765144348177 ], [ 27.52609125773111, -29.965251731872545 ], [ 27.527657032012897, -29.962899684905931 ], [ 27.527360916137699, -29.958925724029562 ], [ 27.526979446411136, -29.956736564636245 ], [ 27.527740796407073, -29.953872998555543 ], [ 27.52720794677732, -29.951016235351592 ], [ 27.524735132853117, -29.949868520100932 ], [ 27.522058010101279, -29.948349634806327 ], [ 27.521911621093697, -29.944953918457063 ], [ 27.522130203247052, -29.942450332641602 ], [ 27.523727416992227, -29.940334955851245 ], [ 27.527923266092923, -29.940825462341248 ], [ 27.531096935272203, -29.940186262130709 ], [ 27.533451557159449, -29.937593460082979 ], [ 27.534523010253874, -29.934445571899438 ], [ 27.535141626993841, -29.931863784790092 ], [ 27.537249183654765, -29.932304382324194 ], [ 27.538767623901371, -29.934521865844733 ], [ 27.540975570678693, -29.936273193359387 ], [ 27.542755126953121, -29.934418360392257 ], [ 27.543707529703742, -29.932434082031257 ], [ 27.545729637146032, -29.931442737579307 ], [ 27.548464393615667, -29.931149864196783 ], [ 27.550573730468763, -29.93013629913326 ], [ 27.552373886108427, -29.927960968017576 ], [ 27.555050913492817, -29.926225153605102 ], [ 27.557699203491225, -29.927223682403593 ], [ 27.559287071227988, -29.928658962249767 ], [ 27.560805479685445, -29.930787245432523 ], [ 27.563223600387609, -29.930002450942951 ], [ 27.564224720001217, -29.927962303161571 ], [ 27.566808488633864, -29.927486631605383 ], [ 27.569003740946417, -29.929045995076443 ], [ 27.571326255798322, -29.930040995279917 ], [ 27.57347891065811, -29.931548648410345 ], [ 27.574960708618178, -29.933642387390137 ], [ 27.576361656188929, -29.935558636983185 ], [ 27.578607286725653, -29.93761852809358 ], [ 27.580336570739771, -29.940044403076161 ], [ 27.582273619515551, -29.942287581307504 ], [ 27.584692001342791, -29.944173336029035 ], [ 27.586859385172534, -29.945203781127884 ], [ 27.588148117065469, -29.946982383728017 ], [ 27.588788032531774, -29.949645805358816 ], [ 27.590056991577171, -29.953110504150416 ], [ 27.593121051788327, -29.955061435699438 ], [ 27.595263957977267, -29.956397533416702 ], [ 27.597259521484329, -29.95879676125266 ], [ 27.600099086761464, -29.960711240768468 ], [ 27.601304885319355, -29.963576098850787 ], [ 27.604627323150609, -29.962562084198009 ], [ 27.607516479492155, -29.963211822509784 ], [ 27.609658674760261, -29.962744799527275 ], [ 27.611998240152968, -29.962912877400761 ], [ 27.614448547363256, -29.961442470550526 ], [ 27.615864562988278, -29.958734893798834 ], [ 27.617829322814934, -29.956426938374815 ], [ 27.619605700174986, -29.954462369283053 ], [ 27.620752811431903, -29.952487945556673 ], [ 27.623311519622828, -29.951536178588857 ], [ 27.626629734039309, -29.952104377746537 ], [ 27.630076408386216, -29.952990531921376 ], [ 27.633857250213566, -29.953217983245818 ], [ 27.636327107747348, -29.95292981465656 ], [ 27.638777542114234, -29.952814865112277 ], [ 27.64219093322755, -29.952643871307384 ], [ 27.645621299743727, -29.952235698699937 ], [ 27.648979425430319, -29.952529668807927 ], [ 27.652041625976519, -29.953806686401375 ], [ 27.653895696004248, -29.956046104431145 ], [ 27.655398368835481, -29.958335876464815 ], [ 27.658093134562133, -29.960294723510717 ], [ 27.661699676513617, -29.962188339233432 ], [ 27.664337158203111, -29.963284174601213 ], [ 27.666255950927731, -29.964708805084218 ], [ 27.668848514556931, -29.966620922088595 ], [ 27.671540260314952, -29.967945098876992 ], [ 27.674163341522217, -29.969238996505677 ], [ 27.676464080810547, -29.971173604329394 ], [ 27.677773793538417, -29.972787221272835 ], [ 27.679185231526681, -29.97429021199547 ], [ 27.68021297454839, -29.976107597351099 ], [ 27.681697572980578, -29.978004183088004 ], [ 27.686110496521032, -29.983768463134709 ], [ 27.689471721649216, -29.984388113021843 ], [ 27.693085193634047, -29.984557151794423 ], [ 27.695724328359027, -29.982553243637057 ], [ 27.698038101196264, -29.980333805084204 ], [ 27.700824737548778, -29.979569753011038 ], [ 27.703779220581048, -29.978178024292014 ], [ 27.707104365030965, -29.976533571879017 ], [ 27.709534645080524, -29.975620269775384 ], [ 27.71211789449055, -29.974042574564553 ], [ 27.712115097045874, -29.970253753662114 ], [ 27.713357925415071, -29.967285871505723 ], [ 27.718078613281282, -29.966076135635401 ], [ 27.72149006525677, -29.966003417968668 ], [ 27.725556182861254, -29.965788269042971 ], [ 27.728111076354999, -29.963794136047351 ], [ 27.73097937447686, -29.961944852556567 ], [ 27.734050559997602, -29.961224079132066 ], [ 27.73546981811521, -29.958655357360776 ], [ 27.736688613891602, -29.955609321594224 ], [ 27.737048784891737, -29.953411420186328 ], [ 27.737708663940385, -29.950450515747097 ], [ 27.739327430725091, -29.94946734110513 ], [ 27.742657979329376, -29.949208895365388 ], [ 27.746526956558281, -29.945778290430681 ], [ 27.749635696411111, -29.943116596766895 ], [ 27.752303441365566, -29.939865589141835 ], [ 27.753607177734384, -29.937134170532232 ], [ 27.755643463134771, -29.935879516601528 ], [ 27.757493591308634, -29.934356689453146 ], [ 27.75864546639577, -29.93188340323314 ], [ 27.758876323699976, -29.928685506184905 ], [ 27.754464785257959, -29.926883697509755 ], [ 27.751809755961098, -29.924817403157512 ], [ 27.750498362949848, -29.922890526907842 ], [ 27.750277201334605, -29.920046170552595 ], [ 27.752196693420416, -29.918811798095636 ], [ 27.753059005737256, -29.916849899291954 ], [ 27.753284263610855, -29.914126586914037 ], [ 27.75246493021648, -29.911319732665987 ], [ 27.751330375671412, -29.909566879272443 ], [ 27.750765609741212, -29.90736541748047 ], [ 27.750010299682625, -29.90500907897944 ], [ 27.750415420532203, -29.902328109741184 ], [ 27.753566424051911, -29.900822321573873 ], [ 27.755751037597619, -29.899062728881876 ], [ 27.756937026977479, -29.897385915120434 ], [ 27.758620977401737, -29.893713474273632 ], [ 27.759736537933332, -29.890864849090605 ], [ 27.760389709472587, -29.888751220703092 ], [ 27.761552333831773, -29.885969638824484 ], [ 27.764145851135268, -29.884492874145497 ], [ 27.76693216959638, -29.883781433105462 ], [ 27.770252227783153, -29.882360458373981 ], [ 27.771430587768474, -29.880252838134759 ], [ 27.77333927154546, -29.876707077026389 ], [ 27.773480097452751, -29.873192469278976 ], [ 27.773444448198624, -29.870894159589479 ], [ 27.777692413330101, -29.868886184692368 ], [ 27.780104637145996, -29.867587089538517 ], [ 27.782730484008788, -29.866717529296839 ], [ 27.785727739334142, -29.866617918014505 ], [ 27.789007186889613, -29.86567687988282 ], [ 27.792085886001615, -29.865559816360477 ], [ 27.7946478525797, -29.865051269531296 ], [ 27.796718835830724, -29.864082574844343 ], [ 27.799056529998744, -29.862159729003924 ], [ 27.800136375427197, -29.858981895446735 ], [ 27.80248546600339, -29.857131640116364 ], [ 27.804231961568181, -29.855298995971658 ], [ 27.806564648946107, -29.854188601175903 ], [ 27.807126998901332, -29.85119485855099 ], [ 27.806699117024735, -29.848121484120661 ], [ 27.807150602340712, -29.845101356506355 ], [ 27.810364723205549, -29.844755581447014 ], [ 27.812666320800727, -29.844233703613266 ], [ 27.814825820922827, -29.843630599975569 ], [ 27.816976165771411, -29.842753982543947 ], [ 27.819927215576111, -29.842697143554698 ], [ 27.822819312413593, -29.842121124267585 ], [ 27.82381820678712, -29.838917732238791 ], [ 27.824181238810141, -29.836441675821913 ], [ 27.825896543615002, -29.834737272823531 ], [ 27.825359821319594, -29.831763585408467 ], [ 27.823788642883262, -29.829035758972179 ], [ 27.822608947753857, -29.827352905273475 ], [ 27.820053219795259, -29.826380968093847 ], [ 27.819752120971696, -29.822533035278266 ], [ 27.821446895599355, -29.820825576782251 ], [ 27.823991060256969, -29.819484710693335 ], [ 27.826961835225394, -29.818143208821613 ], [ 27.82901879719326, -29.816237994602691 ], [ 27.831165432929982, -29.814101576805175 ], [ 27.833770751953079, -29.813366889953553 ], [ 27.835647821426445, -29.812128067016609 ], [ 27.838263829549103, -29.812309265136761 ], [ 27.840343747820139, -29.811636243547724 ], [ 27.843518511454256, -29.811778704325388 ], [ 27.846316201346188, -29.813181740897022 ], [ 27.84751796722411, -29.815830707549985 ], [ 27.848943608147824, -29.81857647214612 ], [ 27.851557159423756, -29.820202255249018 ], [ 27.853153610229441, -29.821770095825229 ], [ 27.85570383071898, -29.822800000508632 ], [ 27.858543348312391, -29.824382638931258 ], [ 27.862107086181641, -29.824641799926678 ], [ 27.864319165547634, -29.82432556152348 ], [ 27.866373380025266, -29.82375780741371 ], [ 27.868475596110031, -29.823443730672206 ], [ 27.870769119262672, -29.822874069213846 ], [ 27.874130249023498, -29.823025894165035 ], [ 27.877016067504833, -29.82329940795896 ], [ 27.879377365112234, -29.82289886474614 ], [ 27.881855249404918, -29.821673154830886 ], [ 27.883713722228997, -29.818498293558783 ], [ 27.885607528686517, -29.817244338989269 ], [ 27.887787955147857, -29.816418784005339 ], [ 27.890027523040771, -29.815283775329583 ], [ 27.892567888895602, -29.814641825358002 ], [ 27.895667212350016, -29.814056396484357 ], [ 27.89849205017083, -29.814551925659206 ], [ 27.900405883788991, -29.816014698573557 ], [ 27.902291979108561, -29.818465369088344 ], [ 27.905398845672579, -29.820054531097441 ], [ 27.908327738444004, -29.821399052937792 ], [ 27.911240323384611, -29.822284444173231 ], [ 27.915116628011049, -29.822021484375028 ], [ 27.918862390518239, -29.82150173187248 ], [ 27.92239104376899, -29.821914884779211 ], [ 27.925046920776374, -29.822160243988073 ], [ 27.927129200526689, -29.822575160435317 ], [ 27.929525375366214, -29.822898483276351 ], [ 27.932172139485644, -29.822951422797384 ], [ 27.935748577117913, -29.823142290115335 ], [ 27.938764844621943, -29.822052001953182 ], [ 27.940321241106258, -29.819676262991802 ], [ 27.94288444519044, -29.81877381461009 ], [ 27.946959177652996, -29.819644927978462 ], [ 27.95019022623697, -29.820838292439756 ], [ 27.952845096588085, -29.821303844451897 ], [ 27.955194711685238, -29.82135105133057 ], [ 27.957338333129854, -29.822674560546925 ], [ 27.957264709472639, -29.824990463256885 ], [ 27.957083066304488, -29.82766087849933 ], [ 27.958628972371379, -29.829662958780979 ], [ 27.960033655166615, -29.831981897354144 ], [ 27.961065769195525, -29.833849906921351 ], [ 27.962872505187985, -29.834891001383458 ], [ 27.966255187988342, -29.834640820821146 ], [ 27.968781471252434, -29.833225250244123 ], [ 27.971422433853132, -29.832079410552993 ], [ 27.974164962768565, -29.832433700561523 ], [ 27.977375484648203, -29.833037875947511 ], [ 27.980928421020511, -29.833260854085243 ], [ 27.984277725219741, -29.833599090576147 ], [ 27.987002134323124, -29.834599494934078 ], [ 27.988824685414681, -29.837034861246693 ], [ 27.988849163055395, -29.839647054672259 ], [ 27.989241600036618, -29.842078924179095 ], [ 27.990319569905541, -29.843821843465147 ], [ 27.991412353515631, -29.845655441284237 ], [ 27.991790771484325, -29.848167896270784 ], [ 27.992282629013076, -29.851037502288836 ], [ 27.991175969441716, -29.854378382364978 ], [ 27.990528242928669, -29.856325013296981 ], [ 27.992233991622872, -29.859455347061182 ], [ 27.992409706115694, -29.862248897552469 ], [ 27.991609597206079, -29.865258002281148 ], [ 27.989494641621903, -29.867128372192365 ], [ 27.987215042114254, -29.867608261108437 ], [ 27.985074424743694, -29.869349670410173 ], [ 27.982899506886771, -29.871434529622377 ], [ 27.980595270792662, -29.872859001159636 ], [ 27.977646963936941, -29.873577117919915 ], [ 27.975118954976374, -29.874738534291524 ], [ 27.972707366943371, -29.875946044921854 ], [ 27.971960417429575, -29.878942426045786 ], [ 27.972527640206501, -29.882569449288511 ], [ 27.973487973213217, -29.886621832847538 ], [ 27.973090553283718, -29.889527320861809 ], [ 27.973790327707903, -29.891684691111276 ], [ 27.971703767776489, -29.894763469695974 ], [ 27.971932093302442, -29.898260434468572 ], [ 27.972158432006754, -29.901179177420524 ], [ 27.973237228393554, -29.904551124572777 ], [ 27.976241111755339, -29.906178792317718 ], [ 27.978482655116487, -29.907680102757062 ], [ 27.980952898661315, -29.910206238428728 ], [ 27.98391056060796, -29.912311077117849 ], [ 27.986061811447115, -29.915002584457341 ], [ 27.988911628723145, -29.915268580118838 ], [ 27.991434097290057, -29.915189743041971 ], [ 27.993803787231396, -29.914926147460964 ], [ 27.997207641601584, -29.914994376046323 ], [ 27.998747825622527, -29.917312383651741 ], [ 27.998959064483685, -29.919647216796875 ], [ 27.998420397440537, -29.921738306681323 ], [ 27.996228354317697, -29.923752376011393 ], [ 27.995419502258233, -29.925960540771502 ], [ 27.99875852796767, -29.926385137769952 ], [ 28.001491228739383, -29.927578290303526 ], [ 28.004798936843866, -29.928142642974876 ], [ 28.008991114298464, -29.92902793884269 ], [ 28.013412157694461, -29.927784601847375 ], [ 28.017225265502898, -29.926338513692198 ], [ 28.020729064941396, -29.925504048665431 ], [ 28.023095321655255, -29.92513427734378 ], [ 28.025654983520475, -29.924848556518558 ], [ 28.029362996419248, -29.924969037373806 ], [ 28.032330751419043, -29.925187826156542 ], [ 28.035083225795109, -29.926241465977267 ], [ 28.03788566589358, -29.927218246459987 ], [ 28.041043599446635, -29.929245789845794 ], [ 28.044288907732295, -29.930493491036515 ], [ 28.048692576090527, -29.930748049418177 ], [ 28.052020549774181, -29.930860042572039 ], [ 28.055322647094737, -29.930354118347214 ], [ 28.057844638824413, -29.92983722686764 ], [ 28.06013488769532, -29.929474353790276 ], [ 28.062915039062485, -29.929045867919935 ], [ 28.065337753295893, -29.928792953491246 ], [ 28.067941983540855, -29.928759892781521 ], [ 28.070956230163556, -29.928858947753923 ], [ 28.073677825927689, -29.929331588745068 ], [ 28.076092958450282, -29.929528236389192 ], [ 28.078526178995777, -29.92907746632898 ], [ 28.080820846557607, -29.928396034240713 ], [ 28.08338534037269, -29.92884057362868 ], [ 28.086826642354289, -29.928660392761209 ], [ 28.08862352371213, -29.927320003509529 ], [ 28.092751185099306, -29.92372385660811 ], [ 28.095624446868882, -29.921923637390059 ], [ 28.098121007283549, -29.921050071716305 ], [ 28.103010813395123, -29.92086855570475 ], [ 28.105664825439479, -29.920631790161135 ], [ 28.108093261718746, -29.920170307159456 ], [ 28.111759948730452, -29.919215456644711 ], [ 28.11484432220459, -29.917755126953139 ], [ 28.117483139038079, -29.916243171691882 ], [ 28.120206197102892, -29.915562311808298 ], [ 28.121331024169937, -29.913727188110407 ], [ 28.122577667236314, -29.910969734191873 ], [ 28.124794642130468, -29.909240086873346 ], [ 28.126712799072283, -29.908398151397698 ], [ 28.128548049926771, -29.90732116699213 ], [ 28.131465148925749, -29.905755233764687 ], [ 28.134355926513631, -29.905455780029278 ], [ 28.137063026428176, -29.905429363250736 ], [ 28.139781236648552, -29.9053938388824 ], [ 28.143151998519865, -29.904500563939408 ], [ 28.146341705322197, -29.904076004028358 ], [ 28.148615360260031, -29.904239654541055 ], [ 28.151075363159194, -29.904768807547445 ], [ 28.152909755706833, -29.903335094451911 ], [ 28.154688358306878, -29.901071548461889 ], [ 28.157183329264267, -29.900305747985879 ], [ 28.160231484307129, -29.900110880533838 ], [ 28.163387298583963, -29.901154327392621 ], [ 28.164265871047988, -29.903478384017991 ], [ 28.166476821899455, -29.907295036315929 ], [ 28.169467544555648, -29.907116699218751 ], [ 28.172067960103341, -29.907176547580306 ], [ 28.173942565917919, -29.906004587809299 ], [ 28.176153246561707, -29.903777535756394 ], [ 28.17977046966551, -29.904484340122806 ], [ 28.183381398518858, -29.904965400695783 ], [ 28.188289642333974, -29.905123949050939 ], [ 28.189099629720026, -29.902456283569357 ], [ 28.190346558888745, -29.899568080902018 ], [ 28.191843795776371, -29.896701049804687 ], [ 28.194017955235061, -29.896300179617775 ], [ 28.196412563323946, -29.895798683166475 ], [ 28.198422749837192, -29.894301414489789 ], [ 28.19975566864008, -29.892271041870067 ], [ 28.200945854186998, -29.889820098876974 ], [ 28.203653653462734, -29.889637311299634 ], [ 28.206824938456275, -29.891221443812 ], [ 28.210488001505517, -29.892688194910711 ], [ 28.214306116104137, -29.893615961074783 ], [ 28.217809677124016, -29.893660068511952 ], [ 28.220007133483826, -29.892316055297897 ], [ 28.221803665161115, -29.890289306640639 ], [ 28.223526477813742, -29.887863159179663 ], [ 28.226108074188282, -29.885572910308845 ], [ 28.228338432311983, -29.884135246276845 ], [ 28.230607668558715, -29.882483800252292 ], [ 28.231858730316105, -29.879913647969559 ], [ 28.23447837829589, -29.878036626180005 ], [ 28.236826705932593, -29.875705909728968 ], [ 28.238534927368185, -29.8737359046936 ], [ 28.240557988484682, -29.871011098225942 ], [ 28.241918563842749, -29.869456609090218 ], [ 28.24335956573487, -29.866953849792456 ], [ 28.244192600250283, -29.864420413970883 ], [ 28.246140128687735, -29.862489901090928 ], [ 28.250006612141942, -29.863078180948911 ], [ 28.254501914978047, -29.864525413513189 ], [ 28.257151285807257, -29.866415023803739 ], [ 28.259244918823189, -29.866520881652804 ], [ 28.261575153895823, -29.867721285138838 ], [ 28.264147077287948, -29.868380410330687 ], [ 28.265645980834918, -29.870090484619173 ], [ 28.267987442016572, -29.8701496124268 ], [ 28.27097606658937, -29.869547367095951 ], [ 28.273458798726402, -29.870480219523078 ], [ 28.274093627929652, -29.87302160263059 ], [ 28.273212432861271, -29.875785827636726 ], [ 28.271725654602008, -29.878162384033203 ], [ 28.270029544830354, -29.87996435165401 ], [ 28.267733812332118, -29.880747079849247 ], [ 28.265603746686651, -29.881725856236031 ], [ 28.269072055816679, -29.88294982910158 ], [ 28.272225379943826, -29.883724212646513 ], [ 28.275075912475533, -29.884671847025569 ], [ 28.278947353363048, -29.886646429697695 ], [ 28.283116976420096, -29.888066609700537 ], [ 28.286616643269923, -29.888705889383949 ], [ 28.289726829528771, -29.887513542175249 ], [ 28.292971801757826, -29.885731887817425 ], [ 28.297048568725568, -29.885396957397404 ], [ 28.299819310506201, -29.884981791178401 ], [ 28.301732381184873, -29.883899052937824 ], [ 28.305107661655992, -29.882876259939973 ], [ 28.308392524719238, -29.882712364196774 ], [ 28.312146663665793, -29.882790088653511 ], [ 28.315288543701133, -29.8826084136963 ], [ 28.317763646443716, -29.881888071696029 ], [ 28.320056597391762, -29.880602836608873 ], [ 28.322631676991804, -29.87926483154293 ], [ 28.325468063354474, -29.879047775268553 ], [ 28.328528642654426, -29.879158735275247 ], [ 28.330938339233413, -29.878168106079151 ], [ 28.333402633666992, -29.877504893711638 ], [ 28.336006641387911, -29.8772468566894 ], [ 28.338606357574413, -29.876711845397953 ], [ 28.341969490051277, -29.875712585449211 ], [ 28.345050334930399, -29.875893712043734 ], [ 28.348681290944388, -29.875698725382517 ], [ 28.35128021240234, -29.874246597289989 ], [ 28.354222978864406, -29.873107365199548 ], [ 28.35707823435467, -29.871965726216555 ], [ 28.358423423767064, -29.869977760314971 ], [ 28.359515508015964, -29.867139816284173 ], [ 28.361350250244065, -29.865566253662102 ], [ 28.365004221598266, -29.864835103352828 ], [ 28.367954889933266, -29.86437924702965 ], [ 28.370854377746578, -29.86398633321128 ], [ 28.373594284057656, -29.863662174769768 ], [ 28.377083301544225, -29.863489389419563 ], [ 28.378763707478893, -29.861237907409667 ], [ 28.380133946736596, -29.858769098917627 ], [ 28.381575993129204, -29.856366838727745 ], [ 28.382990837097143, -29.853608608245864 ], [ 28.384343306223524, -29.850853284199964 ], [ 28.387315750122099, -29.849231719970671 ], [ 28.390134811401357, -29.849646568298361 ], [ 28.392134348551433, -29.850099563598654 ], [ 28.394882202148452, -29.850982189178389 ], [ 28.39694643020627, -29.852194309234626 ], [ 28.399542490641249, -29.852504306369344 ], [ 28.399503946304282, -29.849108457565322 ], [ 28.399531793594356, -29.846021032333315 ], [ 28.400000190734897, -29.843136787414505 ], [ 28.402223110198953, -29.842039108276342 ], [ 28.404479344685839, -29.84258842468266 ], [ 28.406517028808608, -29.843008041381825 ], [ 28.409097671508764, -29.843233108520529 ], [ 28.411314773559514, -29.842019271850596 ], [ 28.412773927052836, -29.838715871175104 ], [ 28.413953781127898, -29.836012840271021 ], [ 28.41582552591959, -29.83392715454103 ], [ 28.41783142089842, -29.832443237304741 ], [ 28.419035502842526, -29.830645152500757 ], [ 28.419866561889616, -29.828029632568388 ], [ 28.421799659729018, -29.825591564178456 ], [ 28.424911022186294, -29.825043201446523 ], [ 28.427278518676701, -29.824924468994119 ], [ 28.429765701293984, -29.824901580810593 ], [ 28.432847023010254, -29.824793815612761 ], [ 28.436082839965792, -29.824390411376967 ], [ 28.438081741332976, -29.823947906494098 ], [ 28.440389633178697, -29.823270797729485 ], [ 28.442197799682599, -29.821855545043952 ], [ 28.44440460205082, -29.819487571716309 ], [ 28.446629524230914, -29.817419052123984 ], [ 28.44859504699706, -29.816588719685889 ], [ 28.451037406921319, -29.816013018290178 ], [ 28.453883361816445, -29.815006637573195 ], [ 28.457014465332019, -29.813788986206081 ], [ 28.459137780325715, -29.812402180263021 ], [ 28.461407661438031, -29.810859839121463 ], [ 28.464647928873731, -29.80967203776046 ], [ 28.466686248779304, -29.808870951334644 ], [ 28.469272613525408, -29.808046340942408 ], [ 28.4714344024658, -29.807159423828168 ], [ 28.473398208618161, -29.805793762207045 ], [ 28.476176500320459, -29.804693698883057 ], [ 28.480542421340903, -29.805460929870598 ], [ 28.484080632527697, -29.805027961730946 ], [ 28.48731698989868, -29.803757286071765 ], [ 28.490012486775672, -29.803525924682607 ], [ 28.492624282836875, -29.804449081420859 ], [ 28.495039463043192, -29.806411743164031 ], [ 28.497764428456595, -29.807847817738843 ], [ 28.50097608566282, -29.80785131454471 ], [ 28.503198623657266, -29.807104349136338 ], [ 28.505118687947583, -29.805325190226274 ], [ 28.506749016898002, -29.802978788103363 ], [ 28.509093856811528, -29.800689888000488 ], [ 28.510964711507135, -29.797988891601591 ], [ 28.513367176055947, -29.796668529510551 ], [ 28.516524314880364, -29.795583248138403 ], [ 28.518999338150074, -29.793134093284547 ], [ 28.521279811859145, -29.790990829467813 ], [ 28.52321243286131, -29.789751529693632 ], [ 28.526121520996139, -29.788323688507013 ], [ 28.529515902201318, -29.787880261739087 ], [ 28.532414627075141, -29.787800216674821 ], [ 28.534401893615712, -29.789006551106723 ], [ 28.536121777125722, -29.790942737034399 ], [ 28.538030783335365, -29.792112350463885 ], [ 28.539940834045407, -29.790619850158674 ], [ 28.5418513161795, -29.789011546543588 ], [ 28.544169108072936, -29.78798802693683 ], [ 28.546120643615701, -29.787317276000969 ], [ 28.548686345418272, -29.78636105855308 ], [ 28.550771713256772, -29.785282135009773 ], [ 28.552521705627431, -29.784140586853059 ], [ 28.556351661682132, -29.782973289489757 ], [ 28.558404445648232, -29.783188343048096 ] ] ] } },
{ "type": "Feature", "properties": { "adm1_name": "Qacha's Nek", "div_name": "District", "adm0_name": "Lesotho", "adm1_code": 0 }, "geometry": { "type": "Polygon", "coordinates": [ [ [ 29.034812768300377, -29.710409641265812 ], [ 29.03930015563969, -29.710300827026327 ], [ 29.041632461547827, -29.710239028930708 ], [ 29.043459320068376, -29.71126632690433 ], [ 29.045368194580078, -29.712337493896502 ], [ 29.048197269439701, -29.713411331176754 ], [ 29.050957361857076, -29.713869730631504 ], [ 29.053926849365229, -29.713808441162094 ], [ 29.058535194396939, -29.7131544748942 ], [ 29.062167882919287, -29.713022708892801 ], [ 29.064689874649051, -29.713985204696659 ], [ 29.067283868789694, -29.714214801788309 ], [ 29.0708909034729, -29.715145230293217 ], [ 29.074045658111579, -29.716499567031796 ], [ 29.0768627166748, -29.71648674011227 ], [ 29.07919239997867, -29.716130256652807 ], [ 29.08183097839354, -29.716011047363256 ], [ 29.084501743316626, -29.715814590454027 ], [ 29.087501843770379, -29.715876261393227 ], [ 29.090991338094096, -29.715375423431368 ], [ 29.095213481358083, -29.715939385550328 ], [ 29.09690461839951, -29.717511449541313 ], [ 29.09712724685669, -29.720434045791567 ], [ 29.098563385009712, -29.722835540771509 ], [ 29.100438308715781, -29.724125289917037 ], [ 29.102184677123976, -29.725186538696292 ], [ 29.103757619857817, -29.726784706115673 ], [ 29.106022834777811, -29.72949886322025 ], [ 29.108547592163102, -29.730083084106408 ], [ 29.110473632812472, -29.730954647064213 ], [ 29.111907323201457, -29.732599258422866 ], [ 29.114609582083538, -29.734727042062016 ], [ 29.11702346801761, -29.736630439758272 ], [ 29.118878936767544, -29.737611389160158 ], [ 29.121107737223294, -29.73856862386064 ], [ 29.123684883117672, -29.738597869873008 ], [ 29.126134713490814, -29.737201849619566 ], [ 29.129613161087086, -29.736200332641594 ], [ 29.132144927978509, -29.737141132354751 ], [ 29.135310581776096, -29.738518987391572 ], [ 29.14230982969903, -29.7356873513565 ], [ 29.149308684403884, -29.732855343998366 ], [ 29.149868960669622, -29.734240107133015 ], [ 29.150401343205456, -29.735555928916813 ], [ 29.152945831853593, -29.741844815059149 ], [ 29.153130000000282, -29.7423 ], [ 29.156042591841235, -29.746810104102629 ], [ 29.156429405095285, -29.747409078938404 ], [ 29.15643, -29.74741 ], [ 29.15686, -29.75178 ], [ 29.15267527883929, -29.757875853889427 ], [ 29.149240000000297, -29.762879999999804 ], [ 29.149084918228873, -29.774708117002891 ], [ 29.148870000000237, -29.791099999999894 ], [ 29.145360000000252, -29.806639999999774 ], [ 29.138050732775177, -29.819568985872525 ], [ 29.133290000000244, -29.827989999999872 ], [ 29.131327504927039, -29.837905377985386 ], [ 29.130620000000217, -29.841479999999866 ], [ 29.131530000000193, -29.847919999999807 ], [ 29.132841311841261, -29.850705226074737 ], [ 29.134030000000187, -29.853229999999865 ], [ 29.13403381203452, -29.853232493947225 ], [ 29.136187741941932, -29.854641631088953 ], [ 29.142330000000104, -29.858659999999816 ], [ 29.149061268951669, -29.860395857188383 ], [ 29.152800000000155, -29.86136 ], [ 29.154158794000317, -29.862364325999891 ], [ 29.156940000000219, -29.864419999999804 ], [ 29.165090000000159, -29.88819 ], [ 29.171850000000198, -29.903439999999804 ], [ 29.173868260097468, -29.911084505974173 ], [ 29.174770000000215, -29.9145 ], [ 29.169770000000227, -29.92635 ], [ 29.166260000000243, -29.92973 ], [ 29.160650000000231, -29.933299999999786 ], [ 29.153153210035775, -29.934940928161936 ], [ 29.149000000000335, -29.935849999999832 ], [ 29.128730000000157, -29.935719999999822 ], [ 29.120140000000138, -29.942679999999889 ], [ 29.120139356749618, -29.942683210949617 ], [ 29.120117346748685, -29.94279304994938 ], [ 29.115970000000257, -29.963489999999894 ], [ 29.113616275026665, -29.964026666115618 ], [ 29.110401769925808, -29.964759596673197 ], [ 29.110400000000269, -29.96476 ], [ 29.10343333243841, -29.960744552329444 ], [ 29.102610000000183, -29.96027 ], [ 29.099948706053013, -29.957853570941651 ], [ 29.098480000000237, -29.956519999999887 ], [ 29.09505473695415, -29.957205052769154 ], [ 29.092130000000193, -29.957789999999807 ], [ 29.09139416881683, -29.958368613782827 ], [ 29.064750000000149, -29.979319999999788 ], [ 29.060050976086615, -29.982482449128135 ], [ 29.049490000000254, -29.98959 ], [ 29.041346562031144, -29.993232656068681 ], [ 29.030890000000319, -29.997909999999873 ], [ 29.026718229029157, -29.999769062064964 ], [ 29.026200000000223, -29.999999999999872 ], [ 29.025662725876632, -30.000240570723925 ], [ 29.022850000000155, -30.0015 ], [ 29.019260146008307, -30.003316256015623 ], [ 29.019090247887757, -30.003402214522335 ], [ 29.014350536160837, -30.005800231317426 ], [ 29.000970000000258, -30.012569999999862 ], [ 28.999928825217779, -30.013622192215085 ], [ 28.997190000000138, -30.01639 ], [ 28.992384038488094, -30.018663679870251 ], [ 28.983841232055617, -30.022705245116722 ], [ 28.954260000000275, -30.0367 ], [ 28.952897681365219, -30.037440880827205 ], [ 28.937950000000278, -30.04557 ], [ 28.936925218019226, -30.04622847860723 ], [ 28.928144688020318, -30.051870450530927 ], [ 28.926181421423202, -30.053131956966684 ], [ 28.91917901069958, -30.057631389802953 ], [ 28.918449010716806, -30.058100454818316 ], [ 28.911960000000224, -30.062269999999881 ], [ 28.908776807916613, -30.06435392987219 ], [ 28.904460000000242, -30.067179999999883 ], [ 28.889280000000127, -30.07308 ], [ 28.879740000000108, -30.07473 ], [ 28.867640000000193, -30.083899999999787 ], [ 28.867447640365839, -30.084172509257701 ], [ 28.865890563023665, -30.086378369016465 ], [ 28.865722363717538, -30.086616651800281 ], [ 28.865720000000138, -30.086619999999865 ], [ 28.848640000000202, -30.094539999999871 ], [ 28.841097490506783, -30.095566847047795 ], [ 28.832519807721123, -30.096734623980016 ], [ 28.829828469067586, -30.097101026337715 ], [ 28.81184000000021, -30.099549999999887 ], [ 28.806641839110213, -30.103101444160952 ], [ 28.79814, -30.108909999999845 ], [ 28.786980000000305, -30.111899999999881 ], [ 28.783340504999821, -30.111906733742334 ], [ 28.77617, -30.11192 ], [ 28.765886254016348, -30.109545151929918 ], [ 28.762010000000181, -30.108649999999827 ], [ 28.762006458032573, -30.108650578197494 ], [ 28.748230000000174, -30.1109 ], [ 28.74185849796833, -30.113574684222201 ], [ 28.738536450088347, -30.1149692422096 ], [ 28.738256848740939, -30.11508661574991 ], [ 28.73782, -30.115269999999828 ], [ 28.73738129907688, -30.115545613121931 ], [ 28.728970000000253, -30.120829999999877 ], [ 28.718570590982594, -30.124154177944696 ], [ 28.717520000000118, -30.12449 ], [ 28.711393826936526, -30.12693653384051 ], [ 28.710570383995936, -30.127265381988689 ], [ 28.708180000000304, -30.128219999999818 ], [ 28.708015462029412, -30.128278322082448 ], [ 28.69540000000017, -30.13275 ], [ 28.694971907903465, -30.132951275794074 ], [ 28.691277373936796, -30.134688331865146 ], [ 28.684170000000208, -30.138029999999883 ], [ 28.675086160002849, -30.13845437805729 ], [ 28.668696999398001, -30.138752866372332 ], [ 28.667260000000127, -30.138819999999878 ], [ 28.651290000000106, -30.133899999999848 ], [ 28.650306142626313, -30.133826055040714 ], [ 28.649185739538851, -30.133741847549956 ], [ 28.64145436134875, -30.133160771003343 ], [ 28.641382363020028, -30.133155359737863 ], [ 28.638651740010367, -30.132950130865744 ], [ 28.638650000000187, -30.13295 ], [ 28.62588301594846, -30.136579142817755 ], [ 28.625880000000258, -30.13658 ], [ 28.619526678253159, -30.135396485364542 ], [ 28.61555913429028, -30.134657400121668 ], [ 28.602260000000278, -30.132179999999821 ], [ 28.602259561022002, -30.132179778956459 ], [ 28.600592082296682, -30.131339997999863 ], [ 28.588460000000126, -30.125229999999871 ], [ 28.58301832403216, -30.123472969901034 ], [ 28.572510000000161, -30.12008 ], [ 28.565946963035426, -30.119311777697511 ], [ 28.555680000000216, -30.118109999999888 ], [ 28.55133960010081, -30.120978999720883 ], [ 28.546270000000206, -30.12433 ], [ 28.531701996919189, -30.134674705885512 ], [ 28.530920000000236, -30.135229999999847 ], [ 28.530919553060684, -30.135230553048743 ], [ 28.527090000000243, -30.139969999999817 ], [ 28.520890000000264, -30.144419999999862 ], [ 28.514991750937234, -30.147080292859819 ], [ 28.513133203976992, -30.147918554948539 ], [ 28.513130000000174, -30.147919999999818 ], [ 28.504558772127652, -30.146355342554788 ], [ 28.503160000000193, -30.146099999999866 ], [ 28.493721123380421, -30.150089178861329 ], [ 28.48558936694101, -30.15352592585996 ], [ 28.481510000000142, -30.155249999999857 ], [ 28.472223940951235, -30.156879308721663 ], [ 28.472220000000291, -30.156879999999809 ], [ 28.459330000000293, -30.15568 ], [ 28.459215614527999, -30.155639994999884 ], [ 28.43539811449871, -30.147310099004333 ], [ 28.417270000000293, -30.140969999999868 ], [ 28.417265229996346, -30.140970331945184 ], [ 28.41224000000031, -30.141319999999872 ], [ 28.406015852933852, -30.143899932840036 ], [ 28.403845942250982, -30.144799369065979 ], [ 28.400861747974226, -30.146036328936688 ], [ 28.39914, -30.14675 ], [ 28.398504880905961, -30.147224784873728 ], [ 28.396026785520267, -30.149077291039617 ], [ 28.390415470217633, -30.153272043290592 ], [ 28.38484000000021, -30.15744 ], [ 28.378288173148668, -30.16259653018858 ], [ 28.37296000000029, -30.16679 ], [ 28.372670000000277, -30.16702 ], [ 28.372669212286915, -30.167022702767078 ], [ 28.371892988792723, -30.169675773702732 ], [ 28.371882814289172, -30.16971054939679 ], [ 28.369402567522805, -30.168984889992046 ], [ 28.369720458984315, -30.166425704956069 ], [ 28.369589487711643, -30.163475275039687 ], [ 28.368415196736695, -30.159897327423103 ], [ 28.366584142049089, -30.157851537068737 ], [ 28.363708114623986, -30.157095336914065 ], [ 28.36075496673589, -30.15702247619625 ], [ 28.357585271199536, -30.157012939453121 ], [ 28.354573647181191, -30.158857226371772 ], [ 28.351997375488235, -30.161075592041065 ], [ 28.349387359619115, -30.160731506347616 ], [ 28.346991539001486, -30.159656524658175 ], [ 28.345110575358067, -30.158390680948944 ], [ 28.343368530273438, -30.156868362426771 ], [ 28.34054152170815, -30.155217170715321 ], [ 28.337192535400323, -30.155047007969472 ], [ 28.335085868835485, -30.155426979064949 ], [ 28.332418441772433, -30.155567169189435 ], [ 28.329478581746436, -30.155624071756982 ], [ 28.32637977600092, -30.155370712280295 ], [ 28.32374890645346, -30.155583063761405 ], [ 28.321301651000951, -30.156345748901426 ], [ 28.318125089009548, -30.155180931091309 ], [ 28.314942359924288, -30.154233694076527 ], [ 28.311594963073738, -30.152566432952877 ], [ 28.308637619018494, -30.151387532552022 ], [ 28.305804570515946, -30.15121078491212 ], [ 28.302573013305675, -30.152028656005903 ], [ 28.300307083129827, -30.152882766723611 ], [ 28.297274780273373, -30.153259277343714 ], [ 28.295162582397481, -30.152173995971744 ], [ 28.293447017669692, -30.150239467620811 ], [ 28.291472911834713, -30.14919090271 ], [ 28.289193153381319, -30.149312973022525 ], [ 28.287098884582495, -30.148841381073034 ], [ 28.284539699554422, -30.147715568542456 ], [ 28.281949679056794, -30.145998954772924 ], [ 28.279508972168021, -30.143895339965866 ], [ 28.276900132497151, -30.142680644988996 ], [ 28.274635950724235, -30.14223607381188 ], [ 28.27170626322426, -30.142271677653 ], [ 28.269611358642543, -30.142211914062479 ], [ 28.267002378191219, -30.142697198050406 ], [ 28.264226277669223, -30.142618179321246 ], [ 28.261681079864442, -30.142691135406508 ], [ 28.259412002563455, -30.144539260864246 ], [ 28.25680971145632, -30.144999504089377 ], [ 28.253995895385774, -30.144821166992198 ], [ 28.251228332519517, -30.144697189331083 ], [ 28.249172687530532, -30.144343852996847 ], [ 28.246174335479711, -30.143866380055751 ], [ 28.243281555175791, -30.142797470092809 ], [ 28.241061210632367, -30.140786170959434 ], [ 28.238515218098946, -30.139202753702744 ], [ 28.235948944091781, -30.13757629394529 ], [ 28.23385715484623, -30.136290550231926 ], [ 28.231648445129331, -30.135478973388686 ], [ 28.229415257771805, -30.133286158243845 ], [ 28.228748798370361, -30.130650520324732 ], [ 28.227254231770814, -30.129075050353983 ], [ 28.225084032331193, -30.126524788992693 ], [ 28.225635051727348, -30.123811483383168 ], [ 28.226623535156236, -30.121869087219256 ], [ 28.226974868774434, -30.119808578491259 ], [ 28.228165562947559, -30.116648928324331 ], [ 28.22822952270505, -30.112979125976548 ], [ 28.226935577392553, -30.110749816894501 ], [ 28.224655787150098, -30.108860969543439 ], [ 28.22432565689088, -30.106266021728501 ], [ 28.225131988525408, -30.103796958923358 ], [ 28.227096796035788, -30.100542545318621 ], [ 28.230506896972617, -30.097673416137717 ], [ 28.230404853820822, -30.095103263854984 ], [ 28.230284118652293, -30.092263793945296 ], [ 28.229784011840774, -30.089914321899403 ], [ 28.229843139648402, -30.087514877319311 ], [ 28.230332565307602, -30.085269165039087 ], [ 28.229621569315565, -30.083272616068491 ], [ 28.229832331339576, -30.080942789713539 ], [ 28.232246398925852, -30.079414367675717 ], [ 28.234802722930862, -30.077902793884249 ], [ 28.236725807189899, -30.07620763778689 ], [ 28.238869094848628, -30.074665451049732 ], [ 28.240868886311809, -30.073860168457035 ], [ 28.241505050659143, -30.07614974975581 ], [ 28.242977142334013, -30.07855606079104 ], [ 28.245367050170888, -30.07694689432785 ], [ 28.246751785278267, -30.075071970621782 ], [ 28.248290842229661, -30.073320215398592 ], [ 28.249518530709427, -30.076457159859761 ], [ 28.251759211222293, -30.078669865926134 ], [ 28.252942085266074, -30.080808639526403 ], [ 28.255042959916231, -30.082678297628608 ], [ 28.257642507553115, -30.082000732421822 ], [ 28.256560325622559, -30.079338868459061 ], [ 28.256067752838131, -30.076558033625279 ], [ 28.259846210479743, -30.077522277831982 ], [ 28.262641143798838, -30.078319931030229 ], [ 28.262572097778381, -30.075695419311522 ], [ 28.261093139648374, -30.074050903320316 ], [ 28.259945596967405, -30.071236474173425 ], [ 28.261714458465569, -30.069794654846206 ], [ 28.264267349243188, -30.069956588745118 ], [ 28.264960924784365, -30.068012237548803 ], [ 28.263431549072248, -30.065862178802472 ], [ 28.264281988143946, -30.06370368003839 ], [ 28.267442226409955, -30.06556892395016 ], [ 28.269553343455044, -30.068801561991322 ], [ 28.270219421386699, -30.070967864990262 ], [ 28.272228785923502, -30.070567812238448 ], [ 28.269553343455044, -30.068801561991322 ], [ 28.271183013916023, -30.066111723581891 ], [ 28.274292627970453, -30.064671357472751 ], [ 28.271994543075539, -30.061564111709572 ], [ 28.272888183593746, -30.058403396606415 ], [ 28.275022029876705, -30.058457374572779 ], [ 28.277486324310374, -30.060579140981037 ], [ 28.278449376424074, -30.064128875732422 ], [ 28.279272143046107, -30.066690953572618 ], [ 28.282767534256003, -30.066147446632364 ], [ 28.286094120570592, -30.064923422677193 ], [ 28.287653923034672, -30.066781044006309 ], [ 28.289098421732572, -30.069081942240384 ], [ 28.290481567382763, -30.070966720581072 ], [ 28.292411168416297, -30.072060267130563 ], [ 28.294642448425233, -30.070219516754172 ], [ 28.295878887176528, -30.068371295928987 ], [ 28.296613311767537, -30.066089630126914 ], [ 28.298657894134504, -30.065079212188706 ], [ 28.299954414367633, -30.067869186401342 ], [ 28.301737467447929, -30.0690415700277 ], [ 28.303553104400624, -30.07025671005248 ], [ 28.304218292236282, -30.072418848673511 ], [ 28.303396320343065, -30.074726200103697 ], [ 28.305964469909672, -30.076473236083935 ], [ 28.309701474507619, -30.076178677876776 ], [ 28.310640335083036, -30.073340415954576 ], [ 28.31356175740558, -30.073120117187525 ], [ 28.316771984100363, -30.07460117340084 ], [ 28.319747289021823, -30.076090494791675 ], [ 28.322794437408504, -30.076646804809549 ], [ 28.32510366439822, -30.075173997879002 ], [ 28.326237869262648, -30.073424148559603 ], [ 28.324470996856665, -30.071774005889807 ], [ 28.322671890258832, -30.068762779235826 ], [ 28.321280161539718, -30.065875371297214 ], [ 28.319771766662626, -30.064014434814435 ], [ 28.317909717559807, -30.062423706054698 ], [ 28.317134857177727, -30.060195922851541 ], [ 28.318767547607425, -30.05780911445617 ], [ 28.317297935485829, -30.055887222290046 ], [ 28.315666834513319, -30.054435094197608 ], [ 28.313920021057125, -30.052068710327152 ], [ 28.313357035319008, -30.049799601237016 ], [ 28.313455581665025, -30.046683311462431 ], [ 28.313467025756832, -30.044113159179698 ], [ 28.311578114827473, -30.042161941528335 ], [ 28.309134960174575, -30.039449214935289 ], [ 28.306152343750068, -30.036259174346892 ], [ 28.30429935455323, -30.033732414245563 ], [ 28.302243232727097, -30.032852172851566 ], [ 28.299966812133736, -30.032484054565401 ], [ 28.297666549682642, -30.032876014709476 ], [ 28.294728279113745, -30.034075736999522 ], [ 28.291350364685041, -30.034099578857433 ], [ 28.288608551025373, -30.033659934997537 ], [ 28.285402297973604, -30.033143997192347 ], [ 28.282709121704141, -30.032386779785082 ], [ 28.280016899108883, -30.031799793243398 ], [ 28.277018070221004, -30.030257701873776 ], [ 28.276530119088971, -30.027055373558632 ], [ 28.279250717163084, -30.026818084716812 ], [ 28.281986236572209, -30.026708602905284 ], [ 28.285370349884008, -30.026159286498967 ], [ 28.288349914550736, -30.023352813720706 ], [ 28.287772314889036, -30.020450319562709 ], [ 28.28498490651452, -30.017265955607076 ], [ 28.283819198608406, -30.015548706054741 ], [ 28.282141685485861, -30.014180183410645 ], [ 28.280142784118677, -30.01276922225944 ], [ 28.277668476104733, -30.010286569595369 ], [ 28.277422269185347, -30.0069268544515 ], [ 28.278135844639362, -30.004115377153685 ], [ 28.279572486877424, -30.001260757446314 ], [ 28.281387601579965, -30.000160217285178 ], [ 28.283126449584927, -29.998011779785184 ], [ 28.285433905465251, -29.995990889413072 ], [ 28.287793159484863, -29.997512817382766 ], [ 28.289149475097663, -29.999425125122038 ], [ 28.292269579569517, -30.000382614135713 ], [ 28.295842933654768, -30.000408172607408 ], [ 28.30220413208011, -30.00014877319337 ], [ 28.305087407429962, -29.999756495157893 ], [ 28.30837167104081, -29.999526913960729 ], [ 28.310747964041582, -30.000638961791971 ], [ 28.313897037506063, -30.001389169692928 ], [ 28.317486626761234, -30.001519339425165 ], [ 28.320303344726593, -30.000947570800808 ], [ 28.323387145996048, -30.001105499267556 ], [ 28.327012538909923, -30.001533508300749 ], [ 28.329317092895522, -30.002249717712438 ], [ 28.332261403401681, -30.003278732299844 ], [ 28.33434677124027, -30.00388908386229 ], [ 28.337027867635033, -30.00451405843101 ], [ 28.339813073476193, -30.004830757776869 ], [ 28.34364668528233, -30.005352656046536 ], [ 28.346168120702075, -30.006920893987022 ], [ 28.347886085510265, -30.009278297424281 ], [ 28.350156784057589, -30.011341492334932 ], [ 28.351494925362729, -30.014422007969511 ], [ 28.349782307942672, -30.01623090108232 ], [ 28.347648239135669, -30.017799758911213 ], [ 28.344650745391874, -30.017957687377873 ], [ 28.342643737792915, -30.016825358072975 ], [ 28.339814305305499, -30.015545725822413 ], [ 28.33654856681822, -30.016064643859842 ], [ 28.336308240890528, -30.018495464324936 ], [ 28.339617411295514, -30.02001094818112 ], [ 28.342802047729453, -30.020421981811541 ], [ 28.345205307006815, -30.021155675252299 ], [ 28.347172419230148, -30.022513389587392 ], [ 28.348926226297987, -30.025467681884766 ], [ 28.349569797515905, -30.028724670410224 ], [ 28.351301193237276, -30.030503273010268 ], [ 28.353263854980447, -30.031258583068855 ], [ 28.356214205423957, -30.031842295328715 ], [ 28.359133402506508, -30.031094233195056 ], [ 28.362698872884117, -30.028500239054413 ], [ 28.365565299987793, -30.028318881988515 ], [ 28.368561426798443, -30.029162406921351 ], [ 28.372294320000545, -30.028024673461996 ], [ 28.375207138061519, -30.028726196289114 ], [ 28.376804987589498, -30.031030019124373 ], [ 28.377319971720393, -30.033052444457976 ], [ 28.377784252166748, -30.035839557647726 ], [ 28.378955841064467, -30.037713527679411 ], [ 28.380758285522422, -30.039247512817347 ], [ 28.384084224700889, -30.041996002197259 ], [ 28.385886192321784, -30.043507575988727 ], [ 28.387980143229118, -30.045600891113256 ], [ 28.388928095499665, -30.047981262207003 ], [ 28.388717651367145, -30.05055046081544 ], [ 28.388128757476871, -30.053441047668429 ], [ 28.387821197509687, -30.05681673685714 ], [ 28.389270901679996, -30.05909717082973 ], [ 28.39007432120184, -30.061607360839805 ], [ 28.392303148905484, -30.062720934549937 ], [ 28.395796775817871, -30.062139034271219 ], [ 28.398294448852489, -30.061425209045446 ], [ 28.401768684387218, -30.060389518737797 ], [ 28.403842926025401, -30.060869216918974 ], [ 28.405691146850586, -30.062698364257812 ], [ 28.408523941040031, -30.064467048645028 ], [ 28.409914970397953, -30.06243991851807 ], [ 28.409014701843226, -30.060401916503899 ], [ 28.408142089843679, -30.058184623718255 ], [ 28.408189773559499, -30.055305798848476 ], [ 28.407061004638678, -30.052767562866279 ], [ 28.407042312622032, -30.050053977966297 ], [ 28.409077508108926, -30.048566545758938 ], [ 28.41062068939204, -30.045597394307478 ], [ 28.410420608520525, -30.04331703186034 ], [ 28.412490129470779, -30.040680170059165 ], [ 28.413876533508308, -30.037430922190357 ], [ 28.413971900939949, -30.035067876180022 ], [ 28.413421249389636, -30.0327600479126 ], [ 28.414011637369828, -30.030289014180479 ], [ 28.414875666300453, -30.028055826822953 ], [ 28.417092800140441, -30.025816440582243 ], [ 28.41890830993654, -30.024014282226542 ], [ 28.420733133951813, -30.022579828898067 ], [ 28.423881594339949, -30.021763737996455 ], [ 28.4278678894043, -30.020731925964373 ], [ 28.431381988525327, -30.019484329223612 ], [ 28.433951377868659, -30.019260406494187 ], [ 28.436360836029028, -30.018284797668461 ], [ 28.437349637349406, -30.015885035196966 ], [ 28.438852787017876, -30.013204574584918 ], [ 28.439409017562877, -30.010254859924302 ], [ 28.439297866821288, -30.00745830535887 ], [ 28.440780639648388, -30.005970954895012 ], [ 28.44410448074337, -30.005940818786648 ], [ 28.447009658813482, -30.005968093872038 ], [ 28.450263023376476, -30.006077766418461 ], [ 28.452933311462413, -30.004862467447847 ], [ 28.454343795776381, -30.002223968505849 ], [ 28.455794334411632, -29.999642372131309 ], [ 28.456499576568572, -29.99712276458737 ], [ 28.457494826543893, -29.994513829549142 ], [ 28.460149765014652, -29.993931770324679 ], [ 28.463186264038075, -29.993205308914185 ], [ 28.465360641479464, -29.992967605590849 ], [ 28.46859232584633, -29.992975234985387 ], [ 28.471097946166978, -29.992434024810844 ], [ 28.473069190978983, -29.990082263946572 ], [ 28.473959445953344, -29.987476587295504 ], [ 28.477733453114794, -29.987284501393564 ], [ 28.480642318725579, -29.98850011825558 ], [ 28.483476829528808, -29.988133335113499 ], [ 28.484592437744126, -29.984781265258743 ], [ 28.485885620117134, -29.982515335082983 ], [ 28.486745357513431, -29.979701519012437 ], [ 28.487049102783168, -29.97726249694821 ], [ 28.487608273824105, -29.97441927591964 ], [ 28.488632202148455, -29.972194671630859 ], [ 28.490270996093713, -29.970704650878922 ], [ 28.491206359863263, -29.96829948425297 ], [ 28.49171257019043, -29.966246128082275 ], [ 28.494005044301328, -29.964040915171331 ], [ 28.496586481730123, -29.962034861246757 ], [ 28.499088287353501, -29.960950851440394 ], [ 28.501806259155259, -29.960317611694332 ], [ 28.504175662994346, -29.959755897521912 ], [ 28.506796010335322, -29.958581670125351 ], [ 28.509574254353808, -29.958299001057998 ], [ 28.511946360270123, -29.956713358561228 ], [ 28.513508796691877, -29.954692840576215 ], [ 28.515126228332498, -29.951540946960421 ], [ 28.516215324401827, -29.949577331542955 ], [ 28.518853425979639, -29.948635101318356 ], [ 28.522446155548064, -29.948498249053902 ], [ 28.526056925455666, -29.948074976603213 ], [ 28.529187520345033, -29.946972370147652 ], [ 28.532637023925766, -29.944802093505874 ], [ 28.536190986633269, -29.943787097930908 ], [ 28.538654963175446, -29.943117141723686 ], [ 28.540819168090813, -29.94255828857424 ], [ 28.542833137512179, -29.941890716552756 ], [ 28.543953895568851, -29.939346313476523 ], [ 28.545579910278306, -29.93760553995768 ], [ 28.546794319152834, -29.935492324829106 ], [ 28.546663020232742, -29.932935486460078 ], [ 28.548902988433799, -29.93337917327883 ], [ 28.551384517124689, -29.934218542916447 ], [ 28.554624012538387, -29.935285568237347 ], [ 28.557585159937581, -29.937762101491284 ], [ 28.560742696126272, -29.938515345255535 ], [ 28.563991165161106, -29.937256240844757 ], [ 28.566463708877542, -29.93801569938659 ], [ 28.569787788391054, -29.937775739034024 ], [ 28.572626749674445, -29.936186472574878 ], [ 28.573720296223936, -29.934464136759487 ], [ 28.575892448425243, -29.930952548980706 ], [ 28.577849388122555, -29.928912162780797 ], [ 28.579364776611293, -29.927516301473013 ], [ 28.580074310302738, -29.92526372273765 ], [ 28.580447514851869, -29.923059463501001 ], [ 28.581668376922597, -29.92021203041071 ], [ 28.582120895385742, -29.917181968688912 ], [ 28.582810401916458, -29.915170669555625 ], [ 28.584012031555183, -29.912075996398958 ], [ 28.585549831390388, -29.909719467163033 ], [ 28.588160196940059, -29.907663981119793 ], [ 28.589297294616699, -29.905096769332818 ], [ 28.587652842203791, -29.901219685872405 ], [ 28.585999011993412, -29.897645950317365 ], [ 28.584869384765653, -29.895910263061488 ], [ 28.582664489746112, -29.893782854080154 ], [ 28.579925060272181, -29.892471790313714 ], [ 28.578095118204704, -29.890840530395547 ], [ 28.575685977935827, -29.888394037882438 ], [ 28.573499043782501, -29.886233011881536 ], [ 28.569729932149212, -29.884008471171054 ], [ 28.566823673248297, -29.881857037544247 ], [ 28.567764600117961, -29.878403345743788 ], [ 28.568781216939264, -29.875626246134402 ], [ 28.56815338134766, -29.872798919677713 ], [ 28.567163085937452, -29.8704013824463 ], [ 28.566891988118414, -29.868030548095682 ], [ 28.568223953247095, -29.865677833557115 ], [ 28.570651531219426, -29.863572120666483 ], [ 28.572955449422132, -29.862747192382844 ], [ 28.574981689453093, -29.862335205078129 ], [ 28.576915423075299, -29.860659837722793 ], [ 28.576655705769859, -29.856501261393188 ], [ 28.576857884724859, -29.853824615478498 ], [ 28.577896753946973, -29.850944519042933 ], [ 28.576883697509835, -29.848265361785909 ], [ 28.575722217559839, -29.845473766326847 ], [ 28.574786949157648, -29.842835044860895 ], [ 28.575831294059761, -29.840155363082822 ], [ 28.577388525009194, -29.836791515350281 ], [ 28.579890378316207, -29.834092330932616 ], [ 28.583143234252905, -29.832790374755881 ], [ 28.585136413574229, -29.830829302469898 ], [ 28.587034225463825, -29.828593730926546 ], [ 28.588130950927781, -29.826537926991815 ], [ 28.585388183593729, -29.824073155721088 ], [ 28.583552742004436, -29.820312404632499 ], [ 28.583695411682108, -29.816668828328453 ], [ 28.585718427385597, -29.81440898350305 ], [ 28.587783813476552, -29.813842773437461 ], [ 28.591085433959961, -29.812147378921484 ], [ 28.59376634870252, -29.809715270996119 ], [ 28.596191088358601, -29.807649453481023 ], [ 28.593613624572733, -29.80537796020506 ], [ 28.59092267354335, -29.803227106730091 ], [ 28.587740761893098, -29.800958633422848 ], [ 28.584636211395264, -29.800278663635261 ], [ 28.580871264139795, -29.79908482233682 ], [ 28.577884674072273, -29.796394824981643 ], [ 28.576478242874103, -29.794520378112811 ], [ 28.575446128845194, -29.792509555816672 ], [ 28.57304043240012, -29.791270573933893 ], [ 28.570199012756369, -29.791831016540527 ], [ 28.567206859588644, -29.792012453079209 ], [ 28.564778900146525, -29.79066085815434 ], [ 28.563735326131145, -29.788008371988962 ], [ 28.563021341959626, -29.785977999369241 ], [ 28.561155768001733, -29.783978967105607 ], [ 28.563826402028369, -29.78372383117669 ], [ 28.567399597167963, -29.783072090148877 ], [ 28.571410814921027, -29.781413396199486 ], [ 28.574395997183654, -29.779333114624041 ], [ 28.576890182495095, -29.777885437011676 ], [ 28.57942390441892, -29.777147505018476 ], [ 28.58115363121032, -29.775439739227295 ], [ 28.582331657409664, -29.773325920104977 ], [ 28.584960665021629, -29.772091729300399 ], [ 28.587438310895607, -29.76987607138495 ], [ 28.590232086181654, -29.769041824340881 ], [ 28.59226837158204, -29.769136428833033 ], [ 28.593897395663802, -29.766950501335977 ], [ 28.596916675567584, -29.766257762908911 ], [ 28.599703047010582, -29.767709732055604 ], [ 28.6026136610243, -29.768687142266149 ], [ 28.605708916981975, -29.770113070805838 ], [ 28.608503341674862, -29.772248744964603 ], [ 28.611254991803857, -29.773235866001603 ], [ 28.614585240681944, -29.773662567138693 ], [ 28.617189134870213, -29.774385043552943 ], [ 28.619495709737141, -29.776106198628739 ], [ 28.622352600097688, -29.777501821517905 ], [ 28.62404422760012, -29.778831672668439 ], [ 28.625981603349992, -29.779756001063774 ], [ 28.628300428390506, -29.780959844589262 ], [ 28.631010532379108, -29.78164259592695 ], [ 28.632975578308105, -29.782306353251165 ], [ 28.635559899466333, -29.782682418823271 ], [ 28.637775802612286, -29.782754898071296 ], [ 28.639880589076427, -29.783211435590463 ], [ 28.642848832266687, -29.784133865719721 ], [ 28.645514488220169, -29.785303354263327 ], [ 28.646934509277354, -29.787036657333378 ], [ 28.64894458225795, -29.788889748709547 ], [ 28.65127645220069, -29.789331163678835 ], [ 28.653340975443452, -29.790971650017607 ], [ 28.655877720225863, -29.792967796325765 ], [ 28.659095382690424, -29.793795585632289 ], [ 28.662213734218, -29.79380171639583 ], [ 28.664776166280092, -29.794223467508974 ], [ 28.666969776153572, -29.794350266456583 ], [ 28.668911361694271, -29.796009063720753 ], [ 28.670402254377091, -29.797894069126652 ], [ 28.672822271074526, -29.79860033307753 ], [ 28.675782294500451, -29.798779714675195 ], [ 28.67843425273897, -29.801068186759917 ], [ 28.681743939717585, -29.802532937791582 ], [ 28.684135913848884, -29.80308135350549 ], [ 28.685133457183841, -29.805273103713926 ], [ 28.687702560424832, -29.806984519958469 ], [ 28.689916419982907, -29.805590057373067 ], [ 28.692303657531703, -29.806363582611063 ], [ 28.693619319370821, -29.808578354971772 ], [ 28.695559342702136, -29.811060746510854 ], [ 28.696961402893017, -29.813197612762444 ], [ 28.698023955027207, -29.814990043640123 ], [ 28.700132052103665, -29.815305391947412 ], [ 28.702340761820476, -29.816478729248065 ], [ 28.704720052083331, -29.81820278167724 ], [ 28.706356811523403, -29.820255661010787 ], [ 28.7075029214223, -29.823172887166272 ], [ 28.710308551788376, -29.82516670227049 ], [ 28.712290763854952, -29.827124595642097 ], [ 28.712608705867403, -29.830119046297888 ], [ 28.714159011840778, -29.833695173263553 ], [ 28.713689009348563, -29.836628913879416 ], [ 28.713159016200528, -29.839726311819859 ], [ 28.71122296651205, -29.840968343946695 ], [ 28.71109390258788, -29.844150900840805 ], [ 28.711985588073773, -29.847281455993603 ], [ 28.713246073041642, -29.849666050502211 ], [ 28.711755405772731, -29.851862647316697 ], [ 28.709102429284016, -29.855160787370473 ], [ 28.707234791346913, -29.857848439897761 ], [ 28.706752777099553, -29.860231081644685 ], [ 28.706686701093464, -29.862700598580517 ], [ 28.704730033874458, -29.865120993720119 ], [ 28.705271879831894, -29.867770353953006 ], [ 28.706373691558817, -29.869618415832534 ], [ 28.707250754038437, -29.871846834818495 ], [ 28.706697368621835, -29.873951530456623 ], [ 28.709723336355996, -29.873238972255113 ], [ 28.711197853088354, -29.870523770650227 ], [ 28.713817977905286, -29.871274185180653 ], [ 28.715914344787596, -29.872702026367183 ], [ 28.716687774658144, -29.875671005249039 ], [ 28.716272592544566, -29.878716707229614 ], [ 28.716359032524895, -29.882581075032522 ], [ 28.718679809570279, -29.883266830444356 ], [ 28.720620791117323, -29.881051699320494 ], [ 28.721057573954244, -29.878656387329162 ], [ 28.722457885742191, -29.87652432918544 ], [ 28.725005149841309, -29.874460697174122 ], [ 28.7282211303711, -29.873909568786662 ], [ 28.731102371215854, -29.872482299804727 ], [ 28.734329700470006, -29.870624065399088 ], [ 28.738121986389164, -29.867753028869593 ], [ 28.739847183227528, -29.865596771240256 ], [ 28.741209030151381, -29.863990783691442 ], [ 28.742960294087737, -29.862745602925656 ], [ 28.745858873639762, -29.861376489911763 ], [ 28.749053955078118, -29.860950197492265 ], [ 28.752045313517204, -29.8607184092204 ], [ 28.754399435860755, -29.860698154994459 ], [ 28.757401227951028, -29.860713005065943 ], [ 28.759591102600112, -29.860646724700924 ], [ 28.76215124130248, -29.857634544372559 ], [ 28.764334106445254, -29.85484580993656 ], [ 28.765739440917958, -29.852557818094883 ], [ 28.765922164917001, -29.84938011169438 ], [ 28.767585754394553, -29.847567081451377 ], [ 28.770157496134473, -29.846782366434677 ], [ 28.774412155151396, -29.846806208292676 ], [ 28.777391433715781, -29.847107569376675 ], [ 28.780449151992848, -29.84741401672364 ], [ 28.786076681954519, -29.847411019461468 ], [ 28.790980339050275, -29.84588265419006 ], [ 28.793648910522428, -29.845708847045916 ], [ 28.796269280569863, -29.846061706543004 ], [ 28.800065517425487, -29.845532417297328 ], [ 28.803552945454957, -29.844614346822041 ], [ 28.805187225341754, -29.842016220092816 ], [ 28.805823053632484, -29.838389226368523 ], [ 28.80254554748538, -29.837697982788104 ], [ 28.799257914225262, -29.838819503784176 ], [ 28.797183036804185, -29.839434623718276 ], [ 28.795074462890579, -29.839522933959973 ], [ 28.79266500473021, -29.839243888854995 ], [ 28.790228525797467, -29.837459564209002 ], [ 28.788863499959238, -29.834846496582013 ], [ 28.788489341735811, -29.832373619079601 ], [ 28.788233439127552, -29.829881668090842 ], [ 28.787406921386726, -29.827572822570826 ], [ 28.78586006164554, -29.824592590331967 ], [ 28.784184137980183, -29.822615941365594 ], [ 28.781783461570697, -29.820171356201165 ], [ 28.78024787902833, -29.818517303466741 ], [ 28.780426597595209, -29.815282440185587 ], [ 28.782855749130242, -29.811726093292258 ], [ 28.783813476562536, -29.808430671691855 ], [ 28.785936196645089, -29.806547323862699 ], [ 28.789430618286115, -29.806295182969823 ], [ 28.792554855346641, -29.807571411132795 ], [ 28.795395533243816, -29.808342933654753 ], [ 28.796768506367986, -29.806287129720022 ], [ 28.797220230102493, -29.803915977478002 ], [ 28.797784614562993, -29.801727104187027 ], [ 28.801088905334481, -29.801279176984497 ], [ 28.804362297058027, -29.802148501078364 ], [ 28.806732892990116, -29.803182244300853 ], [ 28.809041976928661, -29.803451538085902 ], [ 28.811110496520985, -29.804076088799359 ], [ 28.814227739969866, -29.804958899815826 ], [ 28.817673789130293, -29.805628882514124 ], [ 28.820745086669874, -29.80670814514157 ], [ 28.823021252950042, -29.808210055033314 ], [ 28.8268590768179, -29.808295329411806 ], [ 28.829775537763268, -29.808787073407817 ], [ 28.832591904534176, -29.80887815687392 ], [ 28.83532301584879, -29.808517138163261 ], [ 28.838108825683605, -29.80722050666802 ], [ 28.84146202935105, -29.806731965806744 ], [ 28.843966620308969, -29.806799207414937 ], [ 28.846007029215514, -29.80572732289637 ], [ 28.847983837127632, -29.806440830230741 ], [ 28.850499471028645, -29.805432001749722 ], [ 28.852988243103027, -29.806111812591563 ], [ 28.855576038360663, -29.806035995483416 ], [ 28.858009338378942, -29.806900024414041 ], [ 28.860188802083297, -29.80799516042072 ], [ 28.862505912780744, -29.810571829477951 ], [ 28.86530113220218, -29.812181472778288 ], [ 28.867974281311003, -29.813893318176255 ], [ 28.870263814926144, -29.816117684046418 ], [ 28.872446537017836, -29.81769704818722 ], [ 28.874490737915014, -29.818664550781261 ], [ 28.876215457916231, -29.820506572723438 ], [ 28.877871831258094, -29.822956879933638 ], [ 28.879822969436674, -29.826631069183374 ], [ 28.883233388264994, -29.828483263651485 ], [ 28.885775566101056, -29.830012162526454 ], [ 28.887423706054637, -29.831527328491237 ], [ 28.889341354370067, -29.832685470581023 ], [ 28.891585350036685, -29.833664417266782 ], [ 28.893977483113552, -29.83557796478269 ], [ 28.896448135375973, -29.836563746134438 ], [ 28.898435592651349, -29.837731679280633 ], [ 28.900669860839855, -29.839693927764866 ], [ 28.903735160827647, -29.841929117838518 ], [ 28.906435012817354, -29.843645095825245 ], [ 28.908157348632745, -29.845256805419918 ], [ 28.910183191299431, -29.846596240997304 ], [ 28.913039684295704, -29.845305919647181 ], [ 28.916441917419466, -29.845222949981643 ], [ 28.919585943222014, -29.846384048461939 ], [ 28.921305020650244, -29.848759969075523 ], [ 28.922838211059542, -29.8501443862915 ], [ 28.925041675567641, -29.851360797882066 ], [ 28.926932017008443, -29.852992375691723 ], [ 28.929494380950892, -29.853828430175767 ], [ 28.931630611419678, -29.853643417358434 ], [ 28.934535503387536, -29.85432386398308 ], [ 28.936614227294942, -29.856102371215854 ], [ 28.938496112823508, -29.858825445175153 ], [ 28.940314292907686, -29.861001014709455 ], [ 28.942096710205, -29.862362543741906 ], [ 28.944211006164554, -29.863726139068604 ], [ 28.947066783904972, -29.864499568939241 ], [ 28.949020385742163, -29.866225814819348 ], [ 28.951040649414072, -29.867997741699238 ], [ 28.953652381896976, -29.869402885436958 ], [ 28.957370758056665, -29.870734214782747 ], [ 28.960037231445334, -29.871829509735083 ], [ 28.963308334350589, -29.873205820719374 ], [ 28.965637842814051, -29.874192555745417 ], [ 28.967539787292495, -29.875363349914497 ], [ 28.969937801361144, -29.876784006754487 ], [ 28.972234725952116, -29.875104904174844 ], [ 28.974481582641619, -29.871862411499063 ], [ 28.975060462951706, -29.868239879608161 ], [ 28.972374439239545, -29.866590976715003 ], [ 28.969200452168774, -29.864293416341138 ], [ 28.9687948226929, -29.860679626464815 ], [ 28.96700286865228, -29.857614517211918 ], [ 28.965827941894528, -29.855604171752926 ], [ 28.964546203613239, -29.853412628173871 ], [ 28.963201522827141, -29.851736068725621 ], [ 28.963183403015091, -29.849487304687528 ], [ 28.965578079223619, -29.84736061096196 ], [ 28.968021392822262, -29.845233917236303 ], [ 28.969673156738217, -29.843206405639645 ], [ 28.967864990234315, -29.84140968322755 ], [ 28.96591758728022, -29.840469360351541 ], [ 28.963410377502385, -29.838831901550279 ], [ 28.961368560791033, -29.836125373840328 ], [ 28.959168434143056, -29.834266662597631 ], [ 28.956550598144503, -29.830883026123068 ], [ 28.956785202026335, -29.82809734344476 ], [ 28.958271662394196, -29.825429598490395 ], [ 28.956889152526898, -29.823512077331561 ], [ 28.954599380493139, -29.821625709533684 ], [ 28.953474998474093, -29.818500518798775 ], [ 28.952850341796864, -29.814949035644545 ], [ 28.953023910522479, -29.812604904174812 ], [ 28.953236579894991, -29.810058593749989 ], [ 28.955461502075174, -29.807573318481474 ], [ 28.956989924112907, -29.805714925130179 ], [ 28.957965850830035, -29.803667068481477 ], [ 28.958957672119134, -29.800979614257784 ], [ 28.960592269897422, -29.798576354980511 ], [ 28.96296501159663, -29.796731948852507 ], [ 28.96549701690676, -29.794915199279771 ], [ 28.966938972473177, -29.792177200317372 ], [ 28.971809387207003, -29.791200637817351 ], [ 28.97463035583494, -29.79036331176761 ], [ 28.977339744567864, -29.78866863250731 ], [ 28.979051589965831, -29.786560058593793 ], [ 28.980424880981403, -29.784870147705057 ], [ 28.983098983764609, -29.783130645751999 ], [ 28.985033035278306, -29.780609130859382 ], [ 28.983654975891081, -29.776542663574169 ], [ 28.986623764038043, -29.773462295532195 ], [ 28.98797035217282, -29.771617889404279 ], [ 28.988692283630368, -29.768535614013626 ], [ 28.987318038940412, -29.764986991882282 ], [ 28.986540794372594, -29.762556076049741 ], [ 28.984672164916979, -29.760892486572278 ], [ 28.985351943969761, -29.758255767822273 ], [ 28.986134211222335, -29.755973180135143 ], [ 28.988971114158634, -29.753605246543891 ], [ 28.992123484611486, -29.751233339309714 ], [ 28.994896252950063, -29.749899228413913 ], [ 28.997140248616503, -29.749689102172884 ], [ 29.000093460082986, -29.748697757720933 ], [ 29.001297632853195, -29.7469997406006 ], [ 29.000912348429363, -29.744556268056211 ], [ 29.00182560511999, -29.741474458149476 ], [ 29.003046417236277, -29.737954521179223 ], [ 29.005460739135746, -29.7366895675659 ], [ 29.008665084838835, -29.735706329345724 ], [ 29.010834058125766, -29.734761873880956 ], [ 29.012363433837884, -29.732399368286156 ], [ 29.014167785644517, -29.730809211730925 ], [ 29.016208267211873, -29.728752517700197 ], [ 29.016990820566789, -29.725775400797506 ], [ 29.016740481058733, -29.722716649373361 ], [ 29.017038345336864, -29.720202207565261 ], [ 29.018225288391108, -29.71763858795169 ], [ 29.022313308715852, -29.716410827636764 ], [ 29.024694442748999, -29.715540885925208 ], [ 29.027138710021937, -29.714703559875467 ], [ 29.029024600982666, -29.713262557983345 ], [ 29.030501683552966, -29.711070378621397 ], [ 29.031785692487432, -29.709450585501585 ], [ 29.034812768300377, -29.710409641265812 ] ] ] } },
{ "type": "Feature", "properties": { "adm1_name": "Mafeteng", "div_name": "District", "adm0_name": "Lesotho", "adm1_code": 3 }, "geometry": { "type": "Polygon", "coordinates": [ [ [ 27.300200019054998, -29.524948394786033 ], [ 27.302080000000316, -29.525429999999787 ], [ 27.302218752014817, -29.525466330027484 ], [ 27.302827163970477, -29.525625633113584 ], [ 27.304639251148032, -29.526100099743481 ], [ 27.307591921195872, -29.526873210115557 ], [ 27.305642127995377, -29.534319877612237 ], [ 27.307837486267083, -29.536431948343878 ], [ 27.307766278584843, -29.539490699768024 ], [ 27.308369318644242, -29.54246457417813 ], [ 27.309091567993192, -29.544689655303969 ], [ 27.309615135192832, -29.547505696614596 ], [ 27.311012268066403, -29.549892663955625 ], [ 27.313629786173465, -29.551559130350725 ], [ 27.316218694051052, -29.550317128499316 ], [ 27.31882762908937, -29.548925399780202 ], [ 27.322397708892886, -29.547105789184581 ], [ 27.32450342178343, -29.546010494232156 ], [ 27.32603836059566, -29.544654846191399 ], [ 27.327941894531204, -29.543417930603045 ], [ 27.330487357245591, -29.542031182183216 ], [ 27.333414077758821, -29.541012763977093 ], [ 27.336110750834152, -29.540893872578945 ], [ 27.338220596313455, -29.538423220316524 ], [ 27.340806643168158, -29.537023544311559 ], [ 27.343222045898429, -29.535564422607475 ], [ 27.345389502389072, -29.535660334995818 ], [ 27.347662353515577, -29.537256431579607 ], [ 27.349772930145221, -29.535219192504925 ], [ 27.352624098459909, -29.534660100936861 ], [ 27.355709457397491, -29.535612869262696 ], [ 27.35742238362635, -29.537843672434484 ], [ 27.359632492065455, -29.538487570626405 ], [ 27.360534667968771, -29.541160583496119 ], [ 27.362979062398306, -29.54402112960819 ], [ 27.366484069824203, -29.543293380737335 ], [ 27.368828455607041, -29.544304529825883 ], [ 27.368848323822025, -29.547330856323196 ], [ 27.365554809570302, -29.548675298690764 ], [ 27.364315668741867, -29.551585833231609 ], [ 27.36615562438962, -29.553624153137182 ], [ 27.366756200790409, -29.556355237960808 ], [ 27.365112032209126, -29.557652882167208 ], [ 27.365606117248497, -29.559843254089358 ], [ 27.367807006835964, -29.561519622802802 ], [ 27.368892033894831, -29.564086278279667 ], [ 27.371289014816313, -29.565955877304063 ], [ 27.372563997904397, -29.569003740946421 ], [ 27.373793601989703, -29.571328163147005 ], [ 27.373774337768463, -29.573759841918946 ], [ 27.37274687630784, -29.576124191284126 ], [ 27.371390342712342, -29.578775882720866 ], [ 27.371193647384583, -29.581975936889627 ], [ 27.373660659790055, -29.583372497558603 ], [ 27.376958370208747, -29.584902286529569 ], [ 27.379377365112333, -29.586516698201471 ], [ 27.381849833897153, -29.587321145193958 ], [ 27.382787704467781, -29.58497873942061 ], [ 27.383856481975965, -29.582585255304995 ], [ 27.386729876200388, -29.582923889160174 ], [ 27.386769612630179, -29.585247039794972 ], [ 27.386290359497089, -29.587265014648413 ], [ 27.387419700622594, -29.589673360188741 ], [ 27.390568733215325, -29.590160369873054 ], [ 27.392698764801015, -29.592195034027103 ], [ 27.3922424316406, -29.594417572021548 ], [ 27.39134263992311, -29.596419334411618 ], [ 27.391318321228052, -29.598668098449711 ], [ 27.392319869995085, -29.60170326232905 ], [ 27.392519632975286, -29.604259808858192 ], [ 27.389252344767211, -29.605393091837563 ], [ 27.387195375230554, -29.607038074069592 ], [ 27.387618255615219, -29.610327243804925 ], [ 27.389117717742927, -29.612159729003885 ], [ 27.391627311706589, -29.612313747406006 ], [ 27.393900871276887, -29.611564636230515 ], [ 27.396808862686161, -29.610380331675202 ], [ 27.39824981689447, -29.613011169433602 ], [ 27.398682594299316, -29.61505079269411 ], [ 27.400330781936621, -29.617435693740802 ], [ 27.400181770324682, -29.620059013366685 ], [ 27.399211502075204, -29.621957015991175 ], [ 27.399915313720701, -29.624384689331041 ], [ 27.402148882548016, -29.6237624486287 ], [ 27.404363632202177, -29.626366424560558 ], [ 27.406748771667488, -29.626518726348895 ], [ 27.409247080484999, -29.62646505567761 ], [ 27.411797114780988, -29.624820981706868 ], [ 27.414100170135502, -29.623754978179907 ], [ 27.416834694998581, -29.623088019234768 ], [ 27.419840812683137, -29.622149825096123 ], [ 27.422744989395142, -29.624615669250499 ], [ 27.423413276672303, -29.627688725789337 ], [ 27.425510883331249, -29.629897594451894 ], [ 27.427967580159528, -29.631256802876816 ], [ 27.431003093719507, -29.630236864089966 ], [ 27.433696746826119, -29.631171226501497 ], [ 27.435504277547217, -29.632289568583193 ], [ 27.437775929768925, -29.632432301839163 ], [ 27.438070933024083, -29.635264078776103 ], [ 27.43726587295534, -29.637512207031303 ], [ 27.435817718505827, -29.639705657959038 ], [ 27.434457302093506, -29.641629219055222 ], [ 27.435415506362947, -29.643918991088803 ], [ 27.438010406494072, -29.645495223999042 ], [ 27.441227722167948, -29.644725036621079 ], [ 27.442926724751814, -29.647101211547856 ], [ 27.440252304077116, -29.649873733520483 ], [ 27.439225741795092, -29.652331079755513 ], [ 27.438118616739903, -29.655275344848665 ], [ 27.437135060628236, -29.657345453898177 ], [ 27.436293919881138, -29.659666273329034 ], [ 27.435881932576422, -29.662762641906749 ], [ 27.436213220868776, -29.66563606262207 ], [ 27.434771219889264, -29.668147722880068 ], [ 27.432157961527558, -29.668814913431763 ], [ 27.429716825485272, -29.671127285276079 ], [ 27.429692077636702, -29.675487073262531 ], [ 27.430978059768684, -29.678932905197165 ], [ 27.432573046003061, -29.681724820818257 ], [ 27.435936927795378, -29.682829221089669 ], [ 27.437016010284431, -29.685738086700454 ], [ 27.437904834747261, -29.688890393575008 ], [ 27.440684890747068, -29.690077209472655 ], [ 27.443110602242559, -29.690963472638799 ], [ 27.446837175460036, -29.690606389726849 ], [ 27.450002670288075, -29.689595794677693 ], [ 27.452996850013744, -29.689575195312457 ], [ 27.45531749725345, -29.692772184099493 ], [ 27.458093484242795, -29.695039192835427 ], [ 27.459672292073488, -29.693373362223308 ], [ 27.461508750915552, -29.690874576568561 ], [ 27.463713963826496, -29.688009262084925 ], [ 27.465589523315369, -29.686569213867188 ], [ 27.467251459757435, -29.684734344482401 ], [ 27.469887733459441, -29.682115554809553 ], [ 27.47311210632326, -29.679713249206575 ], [ 27.475634574890083, -29.678427696228017 ], [ 27.477751731872523, -29.67740440368647 ], [ 27.479846000671348, -29.675763130187939 ], [ 27.481939315795877, -29.674287796020483 ], [ 27.483602523803729, -29.672696113586451 ], [ 27.48600578308109, -29.669936180114732 ], [ 27.487670898437443, -29.667579650878896 ], [ 27.488908767700181, -29.665723800659173 ], [ 27.490478515624982, -29.664154052734371 ], [ 27.492253303527846, -29.661909103393548 ], [ 27.495047569274899, -29.65891933441165 ], [ 27.497497558593786, -29.656278610229482 ], [ 27.499562263488752, -29.65417098999017 ], [ 27.500667572021452, -29.652189636230442 ], [ 27.50286356608067, -29.650936762491909 ], [ 27.506211280822711, -29.649563789367651 ], [ 27.509208679199237, -29.649303436279318 ], [ 27.511325836181676, -29.648707389831564 ], [ 27.514047622680703, -29.647218704223622 ], [ 27.516886393229111, -29.645875295003222 ], [ 27.52046394348142, -29.645589828491193 ], [ 27.52293841044111, -29.645796457926444 ], [ 27.525098800659208, -29.644686126708987 ], [ 27.52841885884607, -29.644924163818388 ], [ 27.531183242797862, -29.644733428955107 ], [ 27.533775057111431, -29.645332881382537 ], [ 27.536961449517094, -29.64514096577966 ], [ 27.538333075387133, -29.647378104073653 ], [ 27.539348602294943, -29.649271647135379 ], [ 27.541624704996725, -29.650824864705317 ], [ 27.543200016021729, -29.6529555320739 ], [ 27.54345703124994, -29.655330657959023 ], [ 27.54367351531981, -29.657586097717271 ], [ 27.541155179341569, -29.659067153930675 ], [ 27.541636657714829, -29.66214485168457 ], [ 27.543605804443349, -29.664003372192372 ], [ 27.54303340911861, -29.666961050033503 ], [ 27.540754954020152, -29.665839513142945 ], [ 27.538587951660109, -29.665899658203166 ], [ 27.536333084106367, -29.666146850585907 ], [ 27.533533368791762, -29.664837428501723 ], [ 27.531024932861325, -29.665605545043917 ], [ 27.528550465901635, -29.665756225585916 ], [ 27.525575192769413, -29.665940348307252 ], [ 27.527405500412016, -29.669185002644817 ], [ 27.527396392822222, -29.672027587890582 ], [ 27.527203321456927, -29.674525976180966 ], [ 27.529648542404161, -29.676237821578933 ], [ 27.529886007308967, -29.679729461669947 ], [ 27.532598813374797, -29.681234677632663 ], [ 27.53479232788083, -29.681816482544022 ], [ 27.536846160888672, -29.683352947235143 ], [ 27.539327812194813, -29.684561538696276 ], [ 27.539248466491649, -29.687577962875334 ], [ 27.536428833007797, -29.688385772705029 ], [ 27.534379959106413, -29.68975448608402 ], [ 27.532037893931015, -29.691766262054454 ], [ 27.533919334411671, -29.693953514099093 ], [ 27.535287857055678, -29.696237564086903 ], [ 27.5375719070434, -29.696618080139171 ], [ 27.540308475494356, -29.69605827331543 ], [ 27.540802001953168, -29.698795318603445 ], [ 27.541974067687946, -29.701924800872771 ], [ 27.542018072945694, -29.704370498657241 ], [ 27.543919324874921, -29.707766056060759 ], [ 27.546935081481937, -29.707872867584207 ], [ 27.548957824707031, -29.708396434783936 ], [ 27.550801467895457, -29.709922027587933 ], [ 27.552811861038172, -29.711686611175537 ], [ 27.553514480590756, -29.71403646469113 ], [ 27.555220740182062, -29.715247562953429 ], [ 27.558217684427898, -29.714943885803248 ], [ 27.56023597717283, -29.71543931961056 ], [ 27.562104293278299, -29.716738224029516 ], [ 27.565261205037416, -29.716887156168582 ], [ 27.568219184875463, -29.717594146728544 ], [ 27.570265769958468, -29.717886606852218 ], [ 27.573901430765812, -29.717653338114381 ], [ 27.577703793843543, -29.716609700520792 ], [ 27.580543994903572, -29.715643405914328 ], [ 27.583068211873329, -29.713836669921868 ], [ 27.586340824762988, -29.713392972946174 ], [ 27.587387084960845, -29.710521062215168 ], [ 27.588376204172715, -29.706752777099666 ], [ 27.590400695800742, -29.704649353027325 ], [ 27.592529296874989, -29.703872680664102 ], [ 27.594788233439104, -29.702033360799152 ], [ 27.597105979919444, -29.699882507324183 ], [ 27.599987824757854, -29.698645432790084 ], [ 27.602171421050969, -29.69588947296138 ], [ 27.605271498362182, -29.695860544840414 ], [ 27.608289718627898, -29.695785045623758 ], [ 27.610509872436516, -29.695099512736057 ], [ 27.613471269607558, -29.694060325622541 ], [ 27.618315696716355, -29.69332599639889 ], [ 27.622098286946638, -29.693100611368873 ], [ 27.624874591827385, -29.692418575286862 ], [ 27.626968383789062, -29.692132949829087 ], [ 27.629074096679695, -29.692252159118638 ], [ 27.632088851928692, -29.693170166015626 ], [ 27.634392420450848, -29.694464365641316 ], [ 27.636855125427239, -29.695619583129918 ], [ 27.639852841695166, -29.69760195414224 ], [ 27.643418312072775, -29.698232332865416 ], [ 27.647199630737273, -29.696975231170676 ], [ 27.649850845336864, -29.696178436279276 ], [ 27.652182896931897, -29.695749918619786 ], [ 27.654441452026401, -29.694636917114249 ], [ 27.657972335815394, -29.693678855895978 ], [ 27.660887718200676, -29.69289445877077 ], [ 27.664556775774262, -29.692758287702304 ], [ 27.664706230163571, -29.695011138915973 ], [ 27.663695335388127, -29.697534084320033 ], [ 27.662814617156982, -29.700770378112718 ], [ 27.661247889200812, -29.703410466512082 ], [ 27.662832975387563, -29.706213712692243 ], [ 27.66231918334967, -29.70929002761833 ], [ 27.660799407958979, -29.71225318908688 ], [ 27.663230895996115, -29.714760780334416 ], [ 27.664738337198912, -29.716419855753596 ], [ 27.666514714558875, -29.717959086100244 ], [ 27.668049891789725, -29.720295667648312 ], [ 27.667403539021795, -29.723002751668282 ], [ 27.667455196380629, -29.725230693817096 ], [ 27.667804718017596, -29.727320098876998 ], [ 27.670155715942379, -29.728833389282251 ], [ 27.672885656356815, -29.731192111969019 ], [ 27.675793457031194, -29.729930496215818 ], [ 27.678331756591778, -29.729167175292993 ], [ 27.67980003356929, -29.730696360270215 ], [ 27.681779384613069, -29.731644153595017 ], [ 27.684289932251026, -29.733012199401877 ], [ 27.6880486806234, -29.735201517740851 ], [ 27.691102981567383, -29.737485885620153 ], [ 27.694350719451965, -29.739492098490384 ], [ 27.696805953979474, -29.741291999816855 ], [ 27.697281837463382, -29.743624687194782 ], [ 27.697178522745801, -29.745765050252238 ], [ 27.697710037231381, -29.748399734497056 ], [ 27.698803901672363, -29.750239372253407 ], [ 27.700969696044918, -29.750858306884776 ], [ 27.703551292419458, -29.751833438873266 ], [ 27.706008434295647, -29.753511667251576 ], [ 27.708084106445273, -29.755712985992467 ], [ 27.709416580200163, -29.757801437377985 ], [ 27.707117080688469, -29.758118629455566 ], [ 27.704939842224107, -29.756334304809574 ], [ 27.702614068984953, -29.755448627471882 ], [ 27.701504707336454, -29.758662700653083 ], [ 27.70048586527507, -29.760963439941413 ], [ 27.699293899536158, -29.763778877258297 ], [ 27.696445465087848, -29.76501846313473 ], [ 27.694172859191934, -29.76475763320925 ], [ 27.691971397399961, -29.762952899932827 ], [ 27.690375518798781, -29.764041137695308 ], [ 27.691951370239231, -29.766515159606911 ], [ 27.693450927734386, -29.76851463317869 ], [ 27.692856652396113, -29.770568847656232 ], [ 27.689419507980361, -29.771318435668871 ], [ 27.686672846476256, -29.771879831949889 ], [ 27.683991050720213, -29.771607875823914 ], [ 27.684083461761432, -29.768314361572191 ], [ 27.685366058349569, -29.766213607788107 ], [ 27.683988571167028, -29.764079093933105 ], [ 27.68093109130858, -29.763211250305211 ], [ 27.678757985432977, -29.763971964518255 ], [ 27.677412986755389, -29.766218185424776 ], [ 27.676603794097886, -29.768870353698752 ], [ 27.675723393758055, -29.771908442179363 ], [ 27.675076293945299, -29.775233078002984 ], [ 27.676750946044958, -29.776660919189514 ], [ 27.676090876261416, -29.778911590576197 ], [ 27.673823674519781, -29.780988693237354 ], [ 27.673570394515966, -29.783575534820518 ], [ 27.677198954990899, -29.784422193254724 ], [ 27.679982662200974, -29.784051895141573 ], [ 27.682909488677975, -29.785622596740669 ], [ 27.683147430419929, -29.787978172302211 ], [ 27.68115854263311, -29.790160655975374 ], [ 27.677957534790053, -29.790679931640597 ], [ 27.678332646687863, -29.792395273844342 ], [ 27.681861877441371, -29.793119430541971 ], [ 27.685859680175827, -29.793759346008276 ], [ 27.688571929931637, -29.794546127319311 ], [ 27.691238403320305, -29.795543670654268 ], [ 27.694758415222175, -29.79794692993163 ], [ 27.698137283325174, -29.800397872924812 ], [ 27.700897216796893, -29.801826477050831 ], [ 27.703206062316909, -29.80304050445557 ], [ 27.70640277862546, -29.804412206013954 ], [ 27.709424336751209, -29.805585225423204 ], [ 27.711740493774361, -29.806680043538393 ], [ 27.714278539021841, -29.807584762573281 ], [ 27.716277440388936, -29.809361139933245 ], [ 27.716832478841113, -29.811993281046579 ], [ 27.717355728149439, -29.814786275227846 ], [ 27.718706130981396, -29.817035675048832 ], [ 27.717840576171792, -29.819049453735392 ], [ 27.715695063273071, -29.821231206258126 ], [ 27.713614463806135, -29.824262936909985 ], [ 27.711126327514645, -29.826623916625984 ], [ 27.708937644958475, -29.827765464782697 ], [ 27.706510543823203, -29.828432083129886 ], [ 27.703107833862294, -29.828598976135257 ], [ 27.700069586435937, -29.827753067016594 ], [ 27.69677734375, -29.826814651489265 ], [ 27.694081624348964, -29.825703938802107 ], [ 27.691781997680675, -29.824768066406261 ], [ 27.690044403076207, -29.823577880859343 ], [ 27.688390731811484, -29.821872711181619 ], [ 27.686726706368535, -29.819171905517528 ], [ 27.683587869008374, -29.817164738972913 ], [ 27.679800510406526, -29.816700935363794 ], [ 27.676279544830273, -29.816581726074244 ], [ 27.673911809921247, -29.817110776901213 ], [ 27.671454020908847, -29.815487725394153 ], [ 27.669144630432129, -29.814859708150166 ], [ 27.666421318054212, -29.814012145996106 ], [ 27.664393424987765, -29.811905384063731 ], [ 27.661959552764891, -29.810702228546116 ], [ 27.659613291422524, -29.81231276194254 ], [ 27.658567746480255, -29.815349260965963 ], [ 27.658733367919929, -29.818101882934545 ], [ 27.65936851501467, -29.820227305094416 ], [ 27.660181045532205, -29.822469711303757 ], [ 27.659444808959964, -29.825221538543701 ], [ 27.655434608459494, -29.826492786407478 ], [ 27.652219136555999, -29.82652791341145 ], [ 27.649212837219238, -29.827574412028014 ], [ 27.645634969075527, -29.826988220214879 ], [ 27.643255869547477, -29.825560251871753 ], [ 27.639528274536151, -29.824278354644807 ], [ 27.637260198593182, -29.825064659118695 ], [ 27.637287139892596, -29.827287038167306 ], [ 27.63908920288085, -29.829732513427732 ], [ 27.642208576202453, -29.832687377929702 ], [ 27.64492130279541, -29.83419895172117 ], [ 27.646122932434047, -29.836137771606431 ], [ 27.645742416381779, -29.838247299194332 ], [ 27.645408630371037, -29.840492248535156 ], [ 27.645063877105724, -29.843692779540977 ], [ 27.642220497131408, -29.846190929412831 ], [ 27.638389587402322, -29.845964431762685 ], [ 27.636438369750959, -29.844633102416985 ], [ 27.635482025146473, -29.842315673828136 ], [ 27.633488178253195, -29.840539455413829 ], [ 27.629490375518827, -29.839915275573659 ], [ 27.627311434064538, -29.842100415910956 ], [ 27.625088691711429, -29.844084739685051 ], [ 27.624338626861555, -29.846275329589812 ], [ 27.625108446393675, -29.848919459751656 ], [ 27.623787562052392, -29.850716272989942 ], [ 27.622156906127881, -29.852640914917018 ], [ 27.623856782913169, -29.855430126190164 ], [ 27.624065399169883, -29.85848999023435 ], [ 27.624246835708654, -29.860896269480342 ], [ 27.627269744872972, -29.861518859863324 ], [ 27.629474639892514, -29.861090342203834 ], [ 27.631603622436462, -29.86077442169195 ], [ 27.633796691894496, -29.859719276428255 ], [ 27.636176824569713, -29.858445882797181 ], [ 27.638389587402322, -29.858248138427768 ], [ 27.64052162170405, -29.858219146728505 ], [ 27.642596435546828, -29.858723068237293 ], [ 27.645337581634543, -29.856970071792578 ], [ 27.647936248779303, -29.855592727661207 ], [ 27.649647848946678, -29.857271058218849 ], [ 27.651626314435628, -29.85930715288443 ], [ 27.653832912445008, -29.859301567077591 ], [ 27.654962539672855, -29.857576370239226 ], [ 27.656911468505839, -29.858304977417017 ], [ 27.659356880187968, -29.859737968444811 ], [ 27.660816192626946, -29.85827875137328 ], [ 27.663104375203428, -29.856879234313972 ], [ 27.66628238133022, -29.856720379420643 ], [ 27.668897549311321, -29.855507453282627 ], [ 27.672999858856183, -29.854234536488878 ], [ 27.675835927327451, -29.854964362250392 ], [ 27.678389453887963, -29.857914447784385 ], [ 27.681752681732185, -29.856486797332749 ], [ 27.683941841125502, -29.854044119516999 ], [ 27.685980987548774, -29.854363250732408 ], [ 27.688515424728365, -29.854588508606007 ], [ 27.691299438476523, -29.853965759277369 ], [ 27.693476041157993, -29.853302319844556 ], [ 27.695383071899403, -29.852328777313254 ], [ 27.696058273315426, -29.850404739379833 ], [ 27.697725677490158, -29.848895263671938 ], [ 27.699799060821494, -29.847874164581324 ], [ 27.701499938964801, -29.846661158970434 ], [ 27.704005718231194, -29.845757484436032 ], [ 27.707048177719095, -29.844844420750928 ], [ 27.710343647003132, -29.843215703964244 ], [ 27.713832037789409, -29.842406136649014 ], [ 27.718130350112901, -29.841824531555151 ], [ 27.721071243286065, -29.84141120910644 ], [ 27.723786883883971, -29.839664035373282 ], [ 27.727212206522566, -29.839123376210509 ], [ 27.729421234130868, -29.837628173828158 ], [ 27.731982612609873, -29.836303520202613 ], [ 27.734446334838857, -29.835743331909171 ], [ 27.737132231394423, -29.835743268330873 ], [ 27.740582772663668, -29.835693359374972 ], [ 27.743864536285411, -29.835532426834078 ], [ 27.746647698538695, -29.835817337036175 ], [ 27.749139785766562, -29.834999084472692 ], [ 27.752274672190346, -29.834310531616183 ], [ 27.755110059465714, -29.832745960780539 ], [ 27.756823062896729, -29.830292892456068 ], [ 27.760462079729308, -29.830387660435221 ], [ 27.763404210408481, -29.830644607543967 ], [ 27.766299915313674, -29.830242347717274 ], [ 27.768963241577115, -29.830010604858415 ], [ 27.772429784139007, -29.828822135925282 ], [ 27.776182015736882, -29.829225699106821 ], [ 27.779218292236262, -29.829352951049849 ], [ 27.781374740600583, -29.828445053100584 ], [ 27.783226490020784, -29.829388141632119 ], [ 27.786330620447796, -29.83134253819777 ], [ 27.789589745657771, -29.831792831420923 ], [ 27.792735780988419, -29.831553867885031 ], [ 27.796084880828897, -29.832064628601064 ], [ 27.79954083760574, -29.83239523569743 ], [ 27.801836013793956, -29.832578182220427 ], [ 27.804337365286734, -29.833272661481548 ], [ 27.80664215087889, -29.833544158935577 ], [ 27.808795452117895, -29.83360576629639 ], [ 27.811743545532263, -29.833483123779271 ], [ 27.814448165893534, -29.83303756713871 ], [ 27.817566871643095, -29.833126068115302 ], [ 27.820452690124519, -29.833529949188154 ], [ 27.823277791341127, -29.833770751953171 ], [ 27.825896543615002, -29.834737272823531 ], [ 27.824181238810141, -29.836441675821913 ], [ 27.82381820678712, -29.838917732238791 ], [ 27.822819312413593, -29.842121124267585 ], [ 27.819927215576111, -29.842697143554698 ], [ 27.816976165771411, -29.842753982543947 ], [ 27.814825820922827, -29.843630599975569 ], [ 27.812666320800727, -29.844233703613266 ], [ 27.810364723205549, -29.844755581447014 ], [ 27.807150602340712, -29.845101356506355 ], [ 27.806699117024735, -29.848121484120661 ], [ 27.807126998901332, -29.85119485855099 ], [ 27.806564648946107, -29.854188601175903 ], [ 27.804231961568181, -29.855298995971658 ], [ 27.80248546600339, -29.857131640116364 ], [ 27.800136375427197, -29.858981895446735 ], [ 27.799056529998744, -29.862159729003924 ], [ 27.796718835830724, -29.864082574844343 ], [ 27.7946478525797, -29.865051269531296 ], [ 27.792085886001615, -29.865559816360477 ], [ 27.789007186889613, -29.86567687988282 ], [ 27.785727739334142, -29.866617918014505 ], [ 27.782730484008788, -29.866717529296839 ], [ 27.780104637145996, -29.867587089538517 ], [ 27.777692413330101, -29.868886184692368 ], [ 27.773444448198624, -29.870894159589479 ], [ 27.773480097452751, -29.873192469278976 ], [ 27.77333927154546, -29.876707077026389 ], [ 27.771430587768474, -29.880252838134759 ], [ 27.770252227783153, -29.882360458373981 ], [ 27.76693216959638, -29.883781433105462 ], [ 27.764145851135268, -29.884492874145497 ], [ 27.761552333831773, -29.885969638824484 ], [ 27.760389709472587, -29.888751220703092 ], [ 27.759736537933332, -29.890864849090605 ], [ 27.758620977401737, -29.893713474273632 ], [ 27.756937026977479, -29.897385915120434 ], [ 27.755751037597619, -29.899062728881876 ], [ 27.753566424051911, -29.900822321573873 ], [ 27.750415420532203, -29.902328109741184 ], [ 27.750010299682625, -29.90500907897944 ], [ 27.750765609741212, -29.90736541748047 ], [ 27.751330375671412, -29.909566879272443 ], [ 27.75246493021648, -29.911319732665987 ], [ 27.753284263610855, -29.914126586914037 ], [ 27.753059005737256, -29.916849899291954 ], [ 27.752196693420416, -29.918811798095636 ], [ 27.750277201334605, -29.920046170552595 ], [ 27.750498362949848, -29.922890526907842 ], [ 27.751809755961098, -29.924817403157512 ], [ 27.754464785257959, -29.926883697509755 ], [ 27.758876323699976, -29.928685506184905 ], [ 27.75864546639577, -29.93188340323314 ], [ 27.757493591308634, -29.934356689453146 ], [ 27.755643463134771, -29.935879516601528 ], [ 27.753607177734384, -29.937134170532232 ], [ 27.752303441365566, -29.939865589141835 ], [ 27.749635696411111, -29.943116596766895 ], [ 27.746526956558281, -29.945778290430681 ], [ 27.742657979329376, -29.949208895365388 ], [ 27.739327430725091, -29.94946734110513 ], [ 27.737708663940385, -29.950450515747097 ], [ 27.737048784891737, -29.953411420186328 ], [ 27.736688613891602, -29.955609321594224 ], [ 27.73546981811521, -29.958655357360776 ], [ 27.734050559997602, -29.961224079132066 ], [ 27.73097937447686, -29.961944852556567 ], [ 27.728111076354999, -29.963794136047351 ], [ 27.725556182861254, -29.965788269042971 ], [ 27.72149006525677, -29.966003417968668 ], [ 27.718078613281282, -29.966076135635401 ], [ 27.713357925415071, -29.967285871505723 ], [ 27.712115097045874, -29.970253753662114 ], [ 27.71211789449055, -29.974042574564553 ], [ 27.709534645080524, -29.975620269775384 ], [ 27.707104365030965, -29.976533571879017 ], [ 27.703779220581048, -29.978178024292014 ], [ 27.700824737548778, -29.979569753011038 ], [ 27.698038101196264, -29.980333805084204 ], [ 27.695724328359027, -29.982553243637057 ], [ 27.693085193634047, -29.984557151794423 ], [ 27.689471721649216, -29.984388113021843 ], [ 27.686110496521032, -29.983768463134709 ], [ 27.681697572980578, -29.978004183088004 ], [ 27.68021297454839, -29.976107597351099 ], [ 27.679185231526681, -29.97429021199547 ], [ 27.677773793538417, -29.972787221272835 ], [ 27.676464080810547, -29.971173604329394 ], [ 27.674163341522217, -29.969238996505677 ], [ 27.671540260314952, -29.967945098876992 ], [ 27.668848514556931, -29.966620922088595 ], [ 27.666255950927731, -29.964708805084218 ], [ 27.664337158203111, -29.963284174601213 ], [ 27.661699676513617, -29.962188339233432 ], [ 27.658093134562133, -29.960294723510717 ], [ 27.655398368835481, -29.958335876464815 ], [ 27.653895696004248, -29.956046104431145 ], [ 27.652041625976519, -29.953806686401375 ], [ 27.648979425430319, -29.952529668807927 ], [ 27.645621299743727, -29.952235698699937 ], [ 27.64219093322755, -29.952643871307384 ], [ 27.638777542114234, -29.952814865112277 ], [ 27.636327107747348, -29.95292981465656 ], [ 27.633857250213566, -29.953217983245818 ], [ 27.630076408386216, -29.952990531921376 ], [ 27.626629734039309, -29.952104377746537 ], [ 27.623311519622828, -29.951536178588857 ], [ 27.620752811431903, -29.952487945556673 ], [ 27.619605700174986, -29.954462369283053 ], [ 27.617829322814934, -29.956426938374815 ], [ 27.615864562988278, -29.958734893798834 ], [ 27.614448547363256, -29.961442470550526 ], [ 27.611998240152968, -29.962912877400761 ], [ 27.609658674760261, -29.962744799527275 ], [ 27.607516479492155, -29.963211822509784 ], [ 27.604627323150609, -29.962562084198009 ], [ 27.601304885319355, -29.963576098850787 ], [ 27.600099086761464, -29.960711240768468 ], [ 27.597259521484329, -29.95879676125266 ], [ 27.595263957977267, -29.956397533416702 ], [ 27.593121051788327, -29.955061435699438 ], [ 27.590056991577171, -29.953110504150416 ], [ 27.588788032531774, -29.949645805358816 ], [ 27.588148117065469, -29.946982383728017 ], [ 27.586859385172534, -29.945203781127884 ], [ 27.584692001342791, -29.944173336029035 ], [ 27.582273619515551, -29.942287581307504 ], [ 27.580336570739771, -29.940044403076161 ], [ 27.578607286725653, -29.93761852809358 ], [ 27.576361656188929, -29.935558636983185 ], [ 27.574960708618178, -29.933642387390137 ], [ 27.57347891065811, -29.931548648410345 ], [ 27.571326255798322, -29.930040995279917 ], [ 27.569003740946417, -29.929045995076443 ], [ 27.566808488633864, -29.927486631605383 ], [ 27.564224720001217, -29.927962303161571 ], [ 27.563223600387609, -29.930002450942951 ], [ 27.560805479685445, -29.930787245432523 ], [ 27.559287071227988, -29.928658962249767 ], [ 27.557699203491225, -29.927223682403593 ], [ 27.555050913492817, -29.926225153605102 ], [ 27.552373886108427, -29.927960968017576 ], [ 27.550573730468763, -29.93013629913326 ], [ 27.548464393615667, -29.931149864196783 ], [ 27.545729637146032, -29.931442737579307 ], [ 27.543707529703742, -29.932434082031257 ], [ 27.542755126953121, -29.934418360392257 ], [ 27.540975570678693, -29.936273193359387 ], [ 27.538767623901371, -29.934521865844733 ], [ 27.537249183654765, -29.932304382324194 ], [ 27.535141626993841, -29.931863784790092 ], [ 27.534523010253874, -29.934445571899438 ], [ 27.533451557159449, -29.937593460082979 ], [ 27.531096935272203, -29.940186262130709 ], [ 27.527923266092923, -29.940825462341248 ], [ 27.523727416992227, -29.940334955851245 ], [ 27.522130203247052, -29.942450332641602 ], [ 27.521911621093697, -29.944953918457063 ], [ 27.522058010101279, -29.948349634806327 ], [ 27.524735132853117, -29.949868520100932 ], [ 27.52720794677732, -29.951016235351592 ], [ 27.527740796407073, -29.953872998555543 ], [ 27.526979446411136, -29.956736564636245 ], [ 27.527360916137699, -29.958925724029562 ], [ 27.527657032012897, -29.962899684905931 ], [ 27.52609125773111, -29.965251731872545 ], [ 27.522720654805543, -29.963765144348177 ], [ 27.520835494995154, -29.96404666900634 ], [ 27.51965045928959, -29.965576171874964 ], [ 27.518404006958018, -29.968819427490235 ], [ 27.520204305648853, -29.971882343292201 ], [ 27.521221160888686, -29.974622090657533 ], [ 27.519401073455828, -29.975570201873825 ], [ 27.516852283477732, -29.975144863128623 ], [ 27.513901901245074, -29.976828765869158 ], [ 27.512559890747056, -29.978722572326678 ], [ 27.511382579803477, -29.98097729682916 ], [ 27.50860061645508, -29.982082366943331 ], [ 27.505659739176402, -29.982815424601284 ], [ 27.504683971405019, -29.984755516052243 ], [ 27.502631425857537, -29.986551046371424 ], [ 27.499987030029271, -29.986347198486275 ], [ 27.497235616048176, -29.987304687500039 ], [ 27.494737625122067, -29.987653732299769 ], [ 27.491148630778039, -29.986526648203494 ], [ 27.48754453659059, -29.986162185668942 ], [ 27.486070394515959, -29.989216327667179 ], [ 27.488674545288049, -29.992114639282153 ], [ 27.491435241699168, -29.992237854003868 ], [ 27.495329175676563, -29.992340360368953 ], [ 27.498509407043436, -29.994477311770119 ], [ 27.501038742065397, -29.997282409667992 ], [ 27.502863407135013, -29.999518871307341 ], [ 27.503632863362547, -30.001826922098807 ], [ 27.503387928009037, -30.00405263900754 ], [ 27.501689093453518, -30.005373273577064 ], [ 27.499600092569953, -30.00413513183593 ], [ 27.494505882263208, -30.003164052963239 ], [ 27.491279919942201, -30.004856427510585 ], [ 27.487480481465653, -30.005880037943445 ], [ 27.485298156738235, -30.00790187290734 ], [ 27.486100673675494, -30.010821819305434 ], [ 27.48571968078608, -30.013224601745559 ], [ 27.485211690266919, -30.015288035074828 ], [ 27.484720230102532, -30.017460505167627 ], [ 27.482594490051259, -30.019395828247021 ], [ 27.479358673095721, -30.01987202962242 ], [ 27.476005109151224, -30.019387944539378 ], [ 27.472981770833304, -30.020600636800122 ], [ 27.471710681915361, -30.022801876068051 ], [ 27.473632176717121, -30.025534311930336 ], [ 27.475594997406038, -30.026823043823271 ], [ 27.47695159912109, -30.028608322143558 ], [ 27.478297642299164, -30.031640624999923 ], [ 27.476035118103081, -30.03290271759036 ], [ 27.47253179550173, -30.032671213150032 ], [ 27.469657897949173, -30.031618118286097 ], [ 27.466836166381835, -30.031412887573229 ], [ 27.466005802154502, -30.033509731292686 ], [ 27.466862201690677, -30.035389423370408 ], [ 27.469224214553844, -30.036097764968851 ], [ 27.472190652574845, -30.036343404224898 ], [ 27.469729741414305, -30.040177027384441 ], [ 27.466763655344661, -30.042805671691909 ], [ 27.462573766708442, -30.043729782104545 ], [ 27.456964015960693, -30.043932914733929 ], [ 27.45305538177487, -30.043259620666497 ], [ 27.450194676717143, -30.041619618733662 ], [ 27.448005199432334, -30.043444633483919 ], [ 27.446331659952804, -30.044809341430657 ], [ 27.442917633056595, -30.045651626586945 ], [ 27.443567276001012, -30.047715187072722 ], [ 27.444412231445291, -30.0497135162354 ], [ 27.442621469497674, -30.051974773406954 ], [ 27.439748287200882, -30.052426815032952 ], [ 27.438416004180887, -30.054556846618642 ], [ 27.436238765716524, -30.055245876312298 ], [ 27.434133052825892, -30.054223060607899 ], [ 27.431562900543248, -30.055948019027646 ], [ 27.428731536865158, -30.057436370849612 ], [ 27.425256729125923, -30.057626724243192 ], [ 27.422985076904304, -30.057672977447481 ], [ 27.419927597045856, -30.056674957275376 ], [ 27.418309529622341, -30.055072148640939 ], [ 27.417008717854795, -30.053469340006501 ], [ 27.414327621459943, -30.051387468973779 ], [ 27.413360323224744, -30.048576899937252 ], [ 27.410766601562496, -30.047584533691452 ], [ 27.411417245864843, -30.044736623764013 ], [ 27.409100850423162, -30.041214942932083 ], [ 27.408958435058594, -30.038367589314753 ], [ 27.407754898071278, -30.035090650830899 ], [ 27.404896054949045, -30.034803118024534 ], [ 27.406099001566563, -30.030924320220965 ], [ 27.403306484222444, -30.028227806091291 ], [ 27.401058197021499, -30.026776313781745 ], [ 27.398452758789048, -30.025824069976782 ], [ 27.395333099365192, -30.024703598022452 ], [ 27.395107030868559, -30.021274328231829 ], [ 27.39318688710528, -30.017968813578278 ], [ 27.389978090922028, -30.017309506734136 ], [ 27.38845252990718, -30.015022277832038 ], [ 27.387114524841326, -30.01239252090453 ], [ 27.386127471923793, -30.009168148040711 ], [ 27.383985519409148, -30.006919384002707 ], [ 27.38160460335861, -30.005073819841655 ], [ 27.380321979522758, -30.002517700195309 ], [ 27.377311706542983, -30.002160072326657 ], [ 27.374631881713828, -30.001927185058609 ], [ 27.371522358485588, -30.00012425013956 ], [ 27.370862960815433, -29.997246901194231 ], [ 27.36895942687989, -29.995341110229546 ], [ 27.370563125610325, -29.992752265930168 ], [ 27.373095989227302, -29.991992394129397 ], [ 27.372076416015577, -29.989392471313426 ], [ 27.369963836669896, -29.990286636352504 ], [ 27.368095397949176, -29.988509496053052 ], [ 27.367412567138615, -29.986039638519269 ], [ 27.368423938751206, -29.983719825744593 ], [ 27.36684775352478, -29.981642961502054 ], [ 27.365128517150893, -29.978853225708036 ], [ 27.363724517822273, -29.977133560180725 ], [ 27.3635702133179, -29.974654436111493 ], [ 27.364089330037466, -29.972020785013843 ], [ 27.361317498343251, -29.971720559256433 ], [ 27.36069107055663, -29.968479156494055 ], [ 27.36036173502605, -29.966254552205363 ], [ 27.361123085021987, -29.963644981384242 ], [ 27.361892700195266, -29.960091590881333 ], [ 27.363096618652371, -29.956959819793628 ], [ 27.361477310007242, -29.954462224786905 ], [ 27.359643459320026, -29.951560974121062 ], [ 27.357924699783286, -29.948551893234288 ], [ 27.357062458991987, -29.946014285087564 ], [ 27.35729980468744, -29.943410873413058 ], [ 27.358147048950187, -29.941508483886704 ], [ 27.35976441701251, -29.938977718353211 ], [ 27.362320423126206, -29.937676906585665 ], [ 27.363669077555318, -29.935782114664701 ], [ 27.362796783447262, -29.933703104654953 ], [ 27.36043294270829, -29.932292302449582 ], [ 27.359046363830529, -29.930577182769703 ], [ 27.359465599060083, -29.927648067474323 ], [ 27.361309766769381, -29.925012588500955 ], [ 27.362856388092037, -29.922567685445124 ], [ 27.364848772684724, -29.920346498489337 ], [ 27.367028917585067, -29.918298176356718 ], [ 27.366363313463026, -29.915804968939931 ], [ 27.364546298980684, -29.914095878601078 ], [ 27.363493510655012, -29.911091395786805 ], [ 27.365354696909549, -29.90902455647786 ], [ 27.364819526672356, -29.906577110290545 ], [ 27.364795684814446, -29.904483795166016 ], [ 27.366405487060529, -29.902516047159878 ], [ 27.368398284912153, -29.901371383666998 ], [ 27.370317755086869, -29.899879906811645 ], [ 27.373330797467887, -29.898399353027362 ], [ 27.37609863281245, -29.896631240844741 ], [ 27.377842585245759, -29.894949595133436 ], [ 27.379190826416021, -29.892985916137672 ], [ 27.379960695902493, -29.88888263702394 ], [ 27.382205327351826, -29.888017654418931 ], [ 27.38382530212402, -29.886916637420647 ], [ 27.381273269653338, -29.883960962295554 ], [ 27.379218165079799, -29.880971018473335 ], [ 27.377229928970358, -29.877776543299351 ], [ 27.376145362853975, -29.874752998352051 ], [ 27.378014087677037, -29.872104883193874 ], [ 27.379324197769183, -29.868534247080426 ], [ 27.379959515162898, -29.864469391959037 ], [ 27.377887916564902, -29.862489700317397 ], [ 27.37500349680586, -29.861931165059353 ], [ 27.373794930321814, -29.859267796788803 ], [ 27.374297459920282, -29.854832013448075 ], [ 27.371716090611041, -29.852543149675693 ], [ 27.369899272918662, -29.850696086883556 ], [ 27.367793401082285, -29.84874153137207 ], [ 27.36561036109919, -29.850945711135935 ], [ 27.362767219543404, -29.852379322051959 ], [ 27.358846664428714, -29.852420806884773 ], [ 27.353659629821724, -29.851886272430473 ], [ 27.35131963094075, -29.851898193359428 ], [ 27.346790949503518, -29.852112134297727 ], [ 27.346461296081536, -29.854550361633315 ], [ 27.345830917358359, -29.857006708780954 ], [ 27.342299652099577, -29.859968948364269 ], [ 27.339649200439386, -29.861777496337872 ], [ 27.33680470784503, -29.865055402119967 ], [ 27.335853258768704, -29.868771711985232 ], [ 27.336476008097343, -29.871702194213846 ], [ 27.337133884429864, -29.873824596404997 ], [ 27.338359196980754, -29.876008987426751 ], [ 27.339216232299822, -29.879100036621132 ], [ 27.338391621907498, -29.88168780008953 ], [ 27.33721733093255, -29.883449554443398 ], [ 27.335313796997095, -29.885995388030985 ], [ 27.333196322123165, -29.888787905375192 ], [ 27.330531120300282, -29.889493942260771 ], [ 27.326188564300512, -29.88968324661252 ], [ 27.320591211318956, -29.891551256179817 ], [ 27.316754023234079, -29.892982482910192 ], [ 27.314937591552745, -29.894236246744811 ], [ 27.312483151753696, -29.895829836527522 ], [ 27.310532093048078, -29.898345470428445 ], [ 27.307664553324361, -29.900652567545617 ], [ 27.305180168151843, -29.902717971801774 ], [ 27.301922798156774, -29.904100704193116 ], [ 27.29899120330812, -29.905116717020675 ], [ 27.296945571899411, -29.904355049133336 ], [ 27.294360978262787, -29.902888536453155 ], [ 27.290673828125044, -29.904417037963849 ], [ 27.288620948791497, -29.904686927795399 ], [ 27.285664717356383, -29.90574566523232 ], [ 27.282883834838877, -29.906124114990252 ], [ 27.280448532104472, -29.90574035644531 ], [ 27.278147697448784, -29.906237125396707 ], [ 27.275008201599093, -29.907170057296707 ], [ 27.271799087524439, -29.907829284667976 ], [ 27.267877578735366, -29.908225377400722 ], [ 27.263652801513704, -29.907797813415527 ], [ 27.261107444763176, -29.907383918762221 ], [ 27.258391189575203, -29.906803512573244 ], [ 27.254572868347115, -29.906112670898445 ], [ 27.250684976577787, -29.905630350112911 ], [ 27.247709274291964, -29.905601501464819 ], [ 27.243535041809096, -29.905240058898897 ], [ 27.23911285400391, -29.904941558837873 ], [ 27.235977172851577, -29.904792785644553 ], [ 27.233684539794933, -29.90421676635744 ], [ 27.231258392333956, -29.903523445129366 ], [ 27.227809906005817, -29.903192520141598 ], [ 27.223453521728501, -29.902802467346202 ], [ 27.220565795898487, -29.901873588562001 ], [ 27.21903228759761, -29.900388717651417 ], [ 27.217555046081564, -29.898936271667488 ], [ 27.215132395426366, -29.897649765014634 ], [ 27.212492624918582, -29.897177378336593 ], [ 27.21017074584957, -29.897285461425827 ], [ 27.205911000569682, -29.897420247395857 ], [ 27.202666282653819, -29.898226737976042 ], [ 27.198150634765671, -29.899286270141602 ], [ 27.194272041320854, -29.900260925292944 ], [ 27.190002107283572, -29.901254411130719 ], [ 27.18365, -29.887379999999887 ], [ 27.172770000000156, -29.86386 ], [ 27.161693417933485, -29.838813654029451 ], [ 27.154240000000328, -29.82196 ], [ 27.148073048103804, -29.811894974936482 ], [ 27.148070000000345, -29.81189 ], [ 27.142860000000123, -29.797959999999858 ], [ 27.123320000000128, -29.75533 ], [ 27.119307903836209, -29.74931410710926 ], [ 27.114410000000277, -29.741969999999874 ], [ 27.105021980927035, -29.73270591507411 ], [ 27.099260000000157, -29.727019999999872 ], [ 27.096273132122949, -29.722047957926168 ], [ 27.094340000000127, -29.71883 ], [ 27.08587, -29.707539999999867 ], [ 27.082297530922371, -29.704473147090372 ], [ 27.07725, -29.700139999999898 ], [ 27.065980000000266, -29.69289 ], [ 27.05928177594441, -29.689690848116591 ], [ 27.059280000000307, -29.68969 ], [ 27.053750000000164, -29.68378 ], [ 27.052603563883103, -29.681642201062687 ], [ 27.049610000000278, -29.676059999999872 ], [ 27.029071193179654, -29.6460117458772 ], [ 27.029070000000232, -29.646009999999801 ], [ 27.036777532876343, -29.63777263688392 ], [ 27.03678000000027, -29.637769999999875 ], [ 27.037030000000172, -29.631809999999859 ], [ 27.0308600000001, -29.62243 ], [ 27.02927, -29.616639999999773 ], [ 27.031241674999173, -29.61374116830482 ], [ 27.032630000000179, -29.611699999999864 ], [ 27.03766602900901, -29.611862452729266 ], [ 27.042860000000267, -29.612029999999812 ], [ 27.051540000000184, -29.61805 ], [ 27.05251594317135, -29.620569895933603 ], [ 27.053430000000155, -29.62293 ], [ 27.05343423596711, -29.622933990034973 ], [ 27.053701124020634, -29.623185385977969 ], [ 27.060980442105475, -29.63004215786691 ], [ 27.061010000000273, -29.630069999999865 ], [ 27.067260000000303, -29.63142 ], [ 27.067261824050458, -29.631417637038716 ], [ 27.068781794937568, -29.629448652951563 ], [ 27.072270000000142, -29.62493 ], [ 27.071810000000362, -29.6171 ], [ 27.0744800000003, -29.609839999999799 ], [ 27.074188524536979, -29.601228982022732 ], [ 27.074130000000295, -29.599499999999846 ], [ 27.078210000000102, -29.59619 ], [ 27.080615891974368, -29.595121823941707 ], [ 27.080620000000287, -29.59512 ], [ 27.083903771056249, -29.595924498771332 ], [ 27.087110000000191, -29.596709999999838 ], [ 27.089800353000747, -29.602242132999535 ], [ 27.091909170825645, -29.606578463783229 ], [ 27.092437941961322, -29.607665768018855 ], [ 27.092440000000217, -29.60767 ], [ 27.09406711792408, -29.606794722858321 ], [ 27.098611501886282, -29.604350157788129 ], [ 27.099584224226291, -29.603826900089182 ], [ 27.099690000000209, -29.60377 ], [ 27.106549997000084, -29.601001375569581 ], [ 27.11919, -29.595899999999787 ], [ 27.122690000000226, -29.585949999999862 ], [ 27.123440000000286, -29.578419999999884 ], [ 27.125803904084499, -29.575942558614244 ], [ 27.127346237496596, -29.574326147592945 ], [ 27.13155884322591, -29.569911212214951 ], [ 27.131560000000142, -29.56991 ], [ 27.13636000000028, -29.56774 ], [ 27.147514201016087, -29.567581924520404 ], [ 27.147650000000411, -29.567579999999772 ], [ 27.1480965388456, -29.567329147161537 ], [ 27.14880481830788, -29.566931255879926 ], [ 27.150820217063053, -29.565799062111498 ], [ 27.151940000000273, -29.565169999999853 ], [ 27.15615513385583, -29.561610553828533 ], [ 27.158524208306311, -29.559610001999893 ], [ 27.162740000000184, -29.556049999999857 ], [ 27.162744282005601, -29.55604925203026 ], [ 27.169610000000354, -29.554849999999867 ], [ 27.171974943030385, -29.555108228724226 ], [ 27.180600000000354, -29.556049999999857 ], [ 27.190998799950282, -29.558585745203892 ], [ 27.203770000000226, -29.561699999999892 ], [ 27.206824940122253, -29.561777536551205 ], [ 27.207710000000262, -29.561799999999817 ], [ 27.212790000000119, -29.558719999999884 ], [ 27.212790145126164, -29.558719668054923 ], [ 27.215010582717113, -29.553644382875955 ], [ 27.215096042942143, -29.553449045189929 ], [ 27.215410998826272, -29.552729145923685 ], [ 27.217058891189104, -29.548962534082502 ], [ 27.217060000000281, -29.548959999999781 ], [ 27.221451149749697, -29.547256722601102 ], [ 27.22317, -29.546589999999796 ], [ 27.227140000000215, -29.54555 ], [ 27.227708704936603, -29.545081750066494 ], [ 27.230650000000288, -29.542659999999877 ], [ 27.232779529034467, -29.540744853037705 ], [ 27.233628066090287, -29.539981739100064 ], [ 27.23363, -29.539979999999822 ], [ 27.237840000000112, -29.539399999999883 ], [ 27.237842784171583, -29.539402501809132 ], [ 27.245483293980421, -29.546267504022051 ], [ 27.24651, -29.54719 ], [ 27.250192429014163, -29.548058433940639 ], [ 27.251980000000152, -29.548479999999856 ], [ 27.256013060288197, -29.547275154945286 ], [ 27.258340000000402, -29.546579999999768 ], [ 27.258342746906571, -29.546578022869486 ], [ 27.258901353033171, -29.546175930045827 ], [ 27.264800000000221, -29.541929999999873 ], [ 27.267952350104018, -29.535248196048759 ], [ 27.270150000000214, -29.53059 ], [ 27.27181905087852, -29.529214578429098 ], [ 27.271948564011183, -29.529107850013126 ], [ 27.275550000000258, -29.52614 ], [ 27.279629006987548, -29.52484870295995 ], [ 27.284300000000282, -29.523369999999872 ], [ 27.291150000000219, -29.52263 ], [ 27.300200019054998, -29.524948394786033 ] ] ] } },
{ "type": "Feature", "properties": { "adm1_name": "Maseru", "div_name": "District", "adm0_name": "Lesotho", "adm1_code": 2 }, "geometry": { "type": "Polygon", "coordinates": [ [ [ 27.512419019413347, -29.282566887995888 ], [ 27.512156486511174, -29.285033226013169 ], [ 27.511741002400679, -29.287245432535848 ], [ 27.511333465576126, -29.289331595102897 ], [ 27.511814912160236, -29.291470209757509 ], [ 27.51108837127687, -29.293961661202573 ], [ 27.510340826852019, -29.296569006783614 ], [ 27.510659217834487, -29.299243927001918 ], [ 27.511798381805374, -29.301532983779911 ], [ 27.513998389244087, -29.302777647972068 ], [ 27.516211986541727, -29.304453134536757 ], [ 27.518192291259712, -29.305561701456707 ], [ 27.520334243774357, -29.306585311889656 ], [ 27.522700945536215, -29.308085441589316 ], [ 27.524856567382837, -29.308909988403254 ], [ 27.527563095092788, -29.308440208435083 ], [ 27.529900687081476, -29.307934352329813 ], [ 27.532004356384231, -29.306750456492093 ], [ 27.533495426178, -29.305045763651517 ], [ 27.534807840983099, -29.303055127461764 ], [ 27.535800933837894, -29.300921440124551 ], [ 27.537021255493176, -29.298390388488805 ], [ 27.539118630545477, -29.296241351536324 ], [ 27.541214625040688, -29.296898523966487 ], [ 27.543610572814913, -29.29841518402101 ], [ 27.544972101847364, -29.301149050394649 ], [ 27.545669364929125, -29.303346443176249 ], [ 27.547739028930639, -29.3046580723354 ], [ 27.550887870788564, -29.305741786956819 ], [ 27.552618503570535, -29.307770633697473 ], [ 27.551951885223435, -29.311485767364488 ], [ 27.548060909907001, -29.314115095138483 ], [ 27.547187646230075, -29.317279338836656 ], [ 27.546652921040881, -29.320786285400381 ], [ 27.545099814732875, -29.324162324269555 ], [ 27.542327880859329, -29.325993537902818 ], [ 27.540852928161573, -29.327450561523417 ], [ 27.538776942661801, -29.329359872000605 ], [ 27.537080764770504, -29.331725801740372 ], [ 27.53972880045572, -29.332604408264086 ], [ 27.543343407767139, -29.333073752267037 ], [ 27.546084260940539, -29.333985233306837 ], [ 27.547460011073465, -29.336722510201586 ], [ 27.549112955729193, -29.339124107360771 ], [ 27.552165865898125, -29.340824723243642 ], [ 27.555172204971367, -29.342482566833429 ], [ 27.557779841952822, -29.344715542263412 ], [ 27.560115814208984, -29.344908714294405 ], [ 27.562544822692935, -29.345322847366329 ], [ 27.565392812093069, -29.344250679016138 ], [ 27.569053922380714, -29.344937188284682 ], [ 27.572120189666748, -29.345698833465562 ], [ 27.575778007507367, -29.346607446670504 ], [ 27.579005241393983, -29.347432136535613 ], [ 27.58136510848994, -29.347222328186074 ], [ 27.583839416503885, -29.346511205037441 ], [ 27.586512565612797, -29.346091747283932 ], [ 27.58891423543297, -29.344972610473597 ], [ 27.590847015380792, -29.343738555908217 ], [ 27.592539787292502, -29.342367649078383 ], [ 27.594043254852284, -29.340795516967756 ], [ 27.595826148986745, -29.339177767435732 ], [ 27.597244535173648, -29.33736555916926 ], [ 27.596964518229171, -29.335281689961757 ], [ 27.598742802937814, -29.33335145314533 ], [ 27.600710391998295, -29.330606460571286 ], [ 27.603875432695645, -29.32891082763669 ], [ 27.604127502441344, -29.326309967040999 ], [ 27.602885437011725, -29.324373245239311 ], [ 27.601533412933343, -29.322450160980186 ], [ 27.601876068115171, -29.320431900024403 ], [ 27.605491876602194, -29.319854974746718 ], [ 27.608927620781753, -29.320054160224075 ], [ 27.610930252075171, -29.317756652832006 ], [ 27.611235300699843, -29.314986546834355 ], [ 27.6130485534668, -29.312602361043339 ], [ 27.614047368367544, -29.310414950052866 ], [ 27.613876342773413, -29.308033943176227 ], [ 27.613363265991197, -29.305974960327209 ], [ 27.613076472282415, -29.302398419380161 ], [ 27.614974737167341, -29.300095081329292 ], [ 27.617194652557341, -29.298536300659151 ], [ 27.619135856628429, -29.297545750935928 ], [ 27.621584653854313, -29.296786308288581 ], [ 27.624258041381843, -29.295621054513067 ], [ 27.626654488699764, -29.296505791800321 ], [ 27.628880228315044, -29.297907284327952 ], [ 27.631296682357775, -29.300324058532713 ], [ 27.633485794067369, -29.302896499633825 ], [ 27.635302952357698, -29.304209845406671 ], [ 27.637218611580948, -29.306422097342356 ], [ 27.638874721527106, -29.309663677215593 ], [ 27.639736016591353, -29.312997023264554 ], [ 27.638431167602494, -29.316259479522678 ], [ 27.638788700103788, -29.319957017898513 ], [ 27.637404362360684, -29.323592503865537 ], [ 27.63744449615475, -29.326655387878354 ], [ 27.637633187430243, -29.329445157732238 ], [ 27.638568878173885, -29.332655906677175 ], [ 27.640992482503201, -29.334332572089284 ], [ 27.644202096121639, -29.333642687116402 ], [ 27.645960998535134, -29.332006072998041 ], [ 27.64806675910949, -29.33044028282168 ], [ 27.650911521911613, -29.329043197631833 ], [ 27.654439926147422, -29.329292161124144 ], [ 27.656341791152993, -29.326742907365123 ], [ 27.658085505167683, -29.328193028767902 ], [ 27.660387611389158, -29.329978561401383 ], [ 27.663368384043373, -29.329230308532651 ], [ 27.666251373290972, -29.329470825195326 ], [ 27.66849199930823, -29.330338795979817 ], [ 27.671150207519556, -29.331595420837409 ], [ 27.674489021301273, -29.332958221435558 ], [ 27.676639556884751, -29.333621978759773 ], [ 27.678777694702127, -29.334048843383776 ], [ 27.680827776590998, -29.334173043568935 ], [ 27.682861328125007, -29.333221435546864 ], [ 27.685199737548793, -29.33178683689659 ], [ 27.68801689147946, -29.331552982330301 ], [ 27.690892855326354, -29.329967975616423 ], [ 27.69446182250983, -29.329160213470452 ], [ 27.696564924149246, -29.326022238958483 ], [ 27.698783874511722, -29.327162933349605 ], [ 27.701406637827585, -29.32860533396402 ], [ 27.704730563693513, -29.328684340582956 ], [ 27.706658710132913, -29.332335645502262 ], [ 27.703296661376896, -29.332761128743524 ], [ 27.699999173482247, -29.333607991536482 ], [ 27.698388115565042, -29.335980510711646 ], [ 27.701180362701393, -29.336995887756313 ], [ 27.704741859436076, -29.33650350570678 ], [ 27.707157611846899, -29.337037563324021 ], [ 27.706386838640483, -29.339525767735065 ], [ 27.705384254455566, -29.341978073120135 ], [ 27.705865315028543, -29.344200542994937 ], [ 27.703904015677349, -29.345175811222536 ], [ 27.704748630523678, -29.348265051841761 ], [ 27.704780033656572, -29.351308822631839 ], [ 27.702542622884096, -29.352640151977539 ], [ 27.702559683057991, -29.35471789042159 ], [ 27.70452372233072, -29.353619893391937 ], [ 27.704780033656572, -29.351308822631839 ], [ 27.707126299540196, -29.350896199544319 ], [ 27.710158920288052, -29.350307655334507 ], [ 27.711847941080791, -29.347614924112953 ], [ 27.713135147094658, -29.344804763793931 ], [ 27.715983881269167, -29.344768605913419 ], [ 27.718592961629195, -29.344759941101085 ], [ 27.720042467117278, -29.342569828033472 ], [ 27.723710934321065, -29.343298753102665 ], [ 27.727114295959442, -29.343269538879358 ], [ 27.728423754374209, -29.345077514648455 ], [ 27.730526765187612, -29.346155246098849 ], [ 27.733588409423792, -29.344623184204078 ], [ 27.734716415405302, -29.342841148376465 ], [ 27.735583496093795, -29.340618515014661 ], [ 27.737018108367927, -29.338656902313232 ], [ 27.737609863281264, -29.336264610290531 ], [ 27.738167953491221, -29.333246994018559 ], [ 27.739335060119629, -29.330641428629601 ], [ 27.739075183868444, -29.327577495574953 ], [ 27.736899375915524, -29.325015703837099 ], [ 27.734879732131933, -29.321941256523122 ], [ 27.737361192703268, -29.319694519042972 ], [ 27.741764386494982, -29.317627747853582 ], [ 27.744574546813915, -29.31618595123291 ], [ 27.74726645151777, -29.315095265706393 ], [ 27.749762725830095, -29.314153289794898 ], [ 27.752717256545999, -29.312712669372566 ], [ 27.756306966145793, -29.310833613077826 ], [ 27.758569717407177, -29.309851646423347 ], [ 27.761078153337703, -29.308909824916341 ], [ 27.764696884155281, -29.307801055908179 ], [ 27.767559448877964, -29.306488156318601 ], [ 27.770704057481609, -29.304902818467916 ], [ 27.77421331405645, -29.303835868835449 ], [ 27.777273178100636, -29.303058624267543 ], [ 27.78014254570007, -29.302145719528184 ], [ 27.782548904418935, -29.301316579183002 ], [ 27.784551620483388, -29.300491333007873 ], [ 27.787438392639107, -29.299130439758315 ], [ 27.78951225280759, -29.297909545898438 ], [ 27.791131973266591, -29.295829137166397 ], [ 27.792805433273337, -29.294283628463781 ], [ 27.794850667317682, -29.294640223185176 ], [ 27.79733886718747, -29.29617538452154 ], [ 27.799302577972473, -29.297476768493592 ], [ 27.801344871520971, -29.299104690551726 ], [ 27.803867885044586, -29.300894873482864 ], [ 27.806281280517563, -29.302347946166996 ], [ 27.808129628499344, -29.303394953409857 ], [ 27.810064315795845, -29.304536819457972 ], [ 27.812662442525248, -29.306036631266231 ], [ 27.814808654785161, -29.307274055480971 ], [ 27.816644668579048, -29.308415222167984 ], [ 27.818806409835805, -29.309629917144765 ], [ 27.822225570678704, -29.311602183750708 ], [ 27.824769973754847, -29.313006973266621 ], [ 27.826809565226206, -29.314123789469427 ], [ 27.828638076782152, -29.315156173706015 ], [ 27.830941518147711, -29.316438674926793 ], [ 27.833247593470944, -29.317722320556673 ], [ 27.836754035949717, -29.319638156890871 ], [ 27.839673995971669, -29.321201324462876 ], [ 27.841707229614276, -29.322357892990137 ], [ 27.844018391200475, -29.323631831577913 ], [ 27.847432231903046, -29.325495719909679 ], [ 27.850336074829073, -29.327208518981941 ], [ 27.853519821167016, -29.328896331787103 ], [ 27.855908584594701, -29.330227279663102 ], [ 27.857777786254822, -29.331288528442357 ], [ 27.860036849975533, -29.332596778869636 ], [ 27.861928176879868, -29.333998298645071 ], [ 27.862822055816693, -29.336437225341761 ], [ 27.864004516601536, -29.339485168456992 ], [ 27.865543365478484, -29.341494560241689 ], [ 27.866780281066838, -29.34355564117428 ], [ 27.868695100148532, -29.34641170501704 ], [ 27.869625409444176, -29.349193414052245 ], [ 27.872441768646205, -29.350513935089118 ], [ 27.874426523844352, -29.351397832234728 ], [ 27.876480102539091, -29.35195121765133 ], [ 27.878549957275322, -29.353171920776401 ], [ 27.880695660909026, -29.35566234588627 ], [ 27.883631569998645, -29.358976364135692 ], [ 27.886587905883808, -29.359697723388646 ], [ 27.890380859375007, -29.359509468078638 ], [ 27.89239120483391, -29.358979701995814 ], [ 27.893887996673627, -29.356419086456299 ], [ 27.896595875422147, -29.354680776595977 ], [ 27.900699536005668, -29.356628100077288 ], [ 27.903242874145494, -29.353543853759746 ], [ 27.904478836059553, -29.350383996963437 ], [ 27.907162189483635, -29.347674608230601 ], [ 27.9098480769566, -29.348033632550919 ], [ 27.912693977355939, -29.348730564117421 ], [ 27.916265614827495, -29.349590365091927 ], [ 27.919473648071257, -29.350249926249173 ], [ 27.921758333841961, -29.350896517435721 ], [ 27.924558575948065, -29.35170135498042 ], [ 27.927924950917514, -29.352515538533531 ], [ 27.930522441863936, -29.352698802947931 ], [ 27.933116531372114, -29.351008319854689 ], [ 27.934450149536193, -29.348367691040057 ], [ 27.936075973510754, -29.346315765380893 ], [ 27.936966737111412, -29.34424908955895 ], [ 27.939384187970816, -29.342346872602199 ], [ 27.941674073537136, -29.341962814331058 ], [ 27.944035339355477, -29.341649246215852 ], [ 27.946496009826593, -29.340428543090869 ], [ 27.947751453944591, -29.337330954415442 ], [ 27.949665069580053, -29.33652925491328 ], [ 27.952999591827353, -29.336401939392044 ], [ 27.955688794453891, -29.336266199747719 ], [ 27.958778381347681, -29.335449218750021 ], [ 27.961396026611251, -29.335324859619206 ], [ 27.964596430460563, -29.33574284447571 ], [ 27.967350482940677, -29.334364414215109 ], [ 27.968391418457038, -29.332215785980221 ], [ 27.968985557556113, -29.330157279968262 ], [ 27.969537734985316, -29.327798843383746 ], [ 27.971712207794152, -29.326140785217248 ], [ 27.973201513290412, -29.323502063751206 ], [ 27.973917643229139, -29.319554964701378 ], [ 27.97781991958621, -29.317380428314156 ], [ 27.980681419372576, -29.316679477691633 ], [ 27.983269214630123, -29.315781593322733 ], [ 27.983849287033124, -29.312280654907209 ], [ 27.983944574991892, -29.3092549641927 ], [ 27.985135674476624, -29.306958556175179 ], [ 27.987586339314795, -29.305639266967788 ], [ 27.990178664525377, -29.30407810211182 ], [ 27.992507553100609, -29.302149581909177 ], [ 27.993696212768548, -29.300403594970682 ], [ 27.994610118866014, -29.298413848876926 ], [ 27.994107723236027, -29.295680999755881 ], [ 27.996005058288564, -29.294014930725055 ], [ 27.997934341430696, -29.292707443237266 ], [ 27.999895095825188, -29.291666030883757 ], [ 28.002128601074205, -29.289260864257805 ], [ 28.002062797546422, -29.287004470825174 ], [ 28.004723548889142, -29.285770177841176 ], [ 28.007936795552556, -29.285550435384145 ], [ 28.01009241739909, -29.285131454467784 ], [ 28.012266540527285, -29.283855438232443 ], [ 28.01437296186171, -29.284429005214175 ], [ 28.016126950581842, -29.285940806070943 ], [ 28.018005688985181, -29.28825569152831 ], [ 28.020428975423183, -29.289833068847649 ], [ 28.022188459123875, -29.291360446384985 ], [ 28.022770245869943, -29.293521722157823 ], [ 28.023212790489204, -29.295900464057901 ], [ 28.024244308471701, -29.298504556928396 ], [ 28.022237300872831, -29.300500763787142 ], [ 28.020457172393808, -29.302905273437553 ], [ 28.021825222742013, -29.305406706673743 ], [ 28.020566940307589, -29.306410789489746 ], [ 28.018794377644806, -29.307900428771983 ], [ 28.019735336303707, -29.311147451400799 ], [ 28.021195411682086, -29.312585512797074 ], [ 28.019053459167441, -29.313485145568819 ], [ 28.016612243652371, -29.312927627563457 ], [ 28.015274320329929, -29.314665658133411 ], [ 28.016686630248987, -29.316131973266636 ], [ 28.019134839375791, -29.315940539042163 ], [ 28.021799723307272, -29.316044807434039 ], [ 28.025162378946899, -29.315589904785156 ], [ 28.026081323623607, -29.318370024363173 ], [ 28.024168491363554, -29.321632575988744 ], [ 28.025896453857445, -29.32437896728517 ], [ 28.028897762298598, -29.324606418609612 ], [ 28.03031212942939, -29.326458522251709 ], [ 28.029846668243351, -29.32932567596438 ], [ 28.028108215332036, -29.330905151367116 ], [ 28.02548103332516, -29.33146514892584 ], [ 28.024032831192013, -29.33355093002319 ], [ 28.025987625122116, -29.33563550313314 ], [ 28.028889656066912, -29.336242675781211 ], [ 28.031851689020758, -29.335499525070198 ], [ 28.034658159528391, -29.33445004054478 ], [ 28.034157752990673, -29.336791992187528 ], [ 28.033758481343551, -29.338845570882178 ], [ 28.031789620717372, -29.340375661849972 ], [ 28.034252738952613, -29.341921329498245 ], [ 28.035255432128924, -29.344410623822871 ], [ 28.032632403903545, -29.345622380574611 ], [ 28.030210971832247, -29.345942974090612 ], [ 28.028162320454907, -29.346754709879598 ], [ 28.027402162551883, -29.348773002624529 ], [ 28.026302597739438, -29.351351131092486 ], [ 28.027519702911373, -29.353160381317146 ], [ 28.029532750447594, -29.353998184204123 ], [ 28.032273769378712, -29.354302406311007 ], [ 28.035527819678862, -29.354573204403845 ], [ 28.033051967620825, -29.356818914413441 ], [ 28.029804229736332, -29.356462478637702 ], [ 28.027701059977183, -29.35617828369146 ], [ 28.02594439188637, -29.357551892598433 ], [ 28.026302576065042, -29.359948158264149 ], [ 28.028290748596184, -29.361445426940925 ], [ 28.031511306762646, -29.362194061279357 ], [ 28.034309768676756, -29.363139724731436 ], [ 28.035150527954066, -29.366057078043607 ], [ 28.036397933959933, -29.367812020438034 ], [ 28.038784027099627, -29.366526921590165 ], [ 28.03973102569579, -29.368650436401357 ], [ 28.039626121521021, -29.371467113494877 ], [ 28.039055188496874, -29.374560674031592 ], [ 28.03703114645819, -29.377301856449623 ], [ 28.039075501759857, -29.380613454182903 ], [ 28.03968067169189, -29.383307075500454 ], [ 28.04174900054932, -29.384759585062682 ], [ 28.044160842895426, -29.38527107238771 ], [ 28.046679337819413, -29.385358969370557 ], [ 28.049313449859635, -29.384117603302041 ], [ 28.052489757537845, -29.381607055664084 ], [ 28.054745674133329, -29.380142211914052 ], [ 28.057258129119877, -29.378815174102769 ], [ 28.060320536295546, -29.37668816248571 ], [ 28.06438922882084, -29.373268604278536 ], [ 28.067880312601744, -29.370377540588311 ], [ 28.071963628133133, -29.367408116658456 ], [ 28.074890454610134, -29.365332921345978 ], [ 28.076310634613066, -29.363397121429436 ], [ 28.076508522033649, -29.360874176025376 ], [ 28.077493349711101, -29.358466784159344 ], [ 28.079622983932516, -29.356961250305137 ], [ 28.081167221069258, -29.355196634928383 ], [ 28.081770550120954, -29.352405721491049 ], [ 28.083998489379901, -29.350384902954097 ], [ 28.086187226431679, -29.349193300519683 ], [ 28.089713716507013, -29.348513460159232 ], [ 28.092128208705368, -29.347669873918814 ], [ 28.095440210614896, -29.347178173065181 ], [ 28.099705060323043, -29.346302763620958 ], [ 28.103238201141355, -29.345785140991133 ], [ 28.10595221746539, -29.344354788462269 ], [ 28.108772397041303, -29.343396544456525 ], [ 28.112001578013167, -29.342477798461864 ], [ 28.114542388915996, -29.340591049194288 ], [ 28.115913603040909, -29.338290532430001 ], [ 28.112856758965354, -29.337696499294786 ], [ 28.111386617024724, -29.334800402323392 ], [ 28.10936800638839, -29.3318047523498 ], [ 28.10988744099927, -29.329442342122448 ], [ 28.112306118011453, -29.328329324722247 ], [ 28.115288416544558, -29.328518549601213 ], [ 28.117824281964964, -29.32884870256698 ], [ 28.119611467633931, -29.327144350324353 ], [ 28.119333902994747, -29.324847062428795 ], [ 28.121081624712229, -29.323289462498249 ], [ 28.123925018310491, -29.323744583129919 ], [ 28.126529216766304, -29.324254035949672 ], [ 28.130141139030517, -29.325026035308777 ], [ 28.133310794830301, -29.324314117431594 ], [ 28.135849189758243, -29.3240364074707 ], [ 28.138340950012196, -29.323687235514285 ], [ 28.140879891135405, -29.321317846124796 ], [ 28.143585205078136, -29.319432803562751 ], [ 28.146225484212216, -29.317969258626309 ], [ 28.149893896920396, -29.317725317818756 ], [ 28.152898550033555, -29.317222356796236 ], [ 28.155018329620351, -29.315733909606912 ], [ 28.155714035034162, -29.312774658203168 ], [ 28.156358083089227, -29.309782346089698 ], [ 28.156966781616187, -29.307434844970693 ], [ 28.155611038207983, -29.305469036102295 ], [ 28.154340267181443, -29.303126811981151 ], [ 28.153797149658221, -29.300407409667951 ], [ 28.154004414876276, -29.297590891520176 ], [ 28.154540061950705, -29.294625759124738 ], [ 28.155644416809022, -29.29204177856446 ], [ 28.158180713653568, -29.290150165557783 ], [ 28.161143302917523, -29.28877878189089 ], [ 28.163510640462185, -29.28844833374027 ], [ 28.166468620300321, -29.289421558380081 ], [ 28.169419129689576, -29.291403134663852 ], [ 28.171315670013474, -29.294018268585177 ], [ 28.17233371734622, -29.296945571899414 ], [ 28.173179626464794, -29.300405693054167 ], [ 28.172971407572444, -29.302892049153662 ], [ 28.173067774091475, -29.304925373622371 ], [ 28.17389922671849, -29.307912296718964 ], [ 28.175797939300494, -29.309309959411657 ], [ 28.17822599411015, -29.310782909393286 ], [ 28.179798889160089, -29.313419342041037 ], [ 28.181194623311367, -29.315070152282697 ], [ 28.182711029052697, -29.316611099243218 ], [ 28.185633063316317, -29.316897392272946 ], [ 28.188733400617338, -29.318673924037398 ], [ 28.190352678298968, -29.321755647659288 ], [ 28.192587614059427, -29.32416796684263 ], [ 28.194488525390614, -29.326042447771329 ], [ 28.196592998504698, -29.32849691708881 ], [ 28.199529886245699, -29.330242395401008 ], [ 28.202271007356238, -29.332043829418343 ], [ 28.203274318150061, -29.335800307137628 ], [ 28.205138150383412, -29.33695624856394 ], [ 28.205191135406448, -29.339186668395968 ], [ 28.207842826843276, -29.33841133117674 ], [ 28.209662437438986, -29.340479135513299 ], [ 28.207175254821792, -29.342329025268544 ], [ 28.204993247985865, -29.341401100158638 ], [ 28.202458620071468, -29.341088294982921 ], [ 28.200836181640575, -29.343166351318374 ], [ 28.20284032821656, -29.345701376597045 ], [ 28.205696741739871, -29.348192532857254 ], [ 28.204092979431138, -29.351168632507353 ], [ 28.201805114746058, -29.353097915649396 ], [ 28.198827266693115, -29.354195594787559 ], [ 28.195844650268519, -29.354413350423215 ], [ 28.193582534790028, -29.356021881103512 ], [ 28.19229698181147, -29.358682632446321 ], [ 28.190091451009124, -29.360033671061171 ], [ 28.188418388366653, -29.357601801554335 ], [ 28.185961882273357, -29.355950355529782 ], [ 28.183821360270155, -29.357543945312493 ], [ 28.184352874755913, -29.359969615936233 ], [ 28.186500930786117, -29.361818313598654 ], [ 28.188916524251283, -29.362167358398473 ], [ 28.191109657287615, -29.36213302612305 ], [ 28.194330374399822, -29.361533006032282 ], [ 28.195112864176441, -29.364264806111674 ], [ 28.194418907165563, -29.366573333740199 ], [ 28.192851702372245, -29.369301160176576 ], [ 28.188985824584933, -29.368025779724128 ], [ 28.186351776123008, -29.366838455200185 ], [ 28.184377670288029, -29.365571975708061 ], [ 28.182169914245602, -29.364172458648664 ], [ 28.180800914764358, -29.36598730087281 ], [ 28.181128501892093, -29.368367195129409 ], [ 28.181686401367156, -29.370762825012232 ], [ 28.183615684509288, -29.372804641723583 ], [ 28.185758590698228, -29.37428140640257 ], [ 28.185923894246411, -29.376436233520554 ], [ 28.183997154235851, -29.377175013224278 ], [ 28.181210517883336, -29.376399040222157 ], [ 28.17826271057131, -29.376242160797062 ], [ 28.176864624023445, -29.374416351318345 ], [ 28.177865505218524, -29.372008323669419 ], [ 28.175484561920182, -29.370772266387913 ], [ 28.172322273254412, -29.371675491332972 ], [ 28.17090288798012, -29.373690923055019 ], [ 28.170007228851301, -29.376121520996069 ], [ 28.167867660522393, -29.37872314453125 ], [ 28.165267944335891, -29.380392074584961 ], [ 28.164559125900301, -29.383761405944743 ], [ 28.166282653808604, -29.385927200317386 ], [ 28.166203975677483, -29.388576030731151 ], [ 28.16367244720459, -29.389139175415014 ], [ 28.160676956176744, -29.387911796569789 ], [ 28.158396720886202, -29.386783599853562 ], [ 28.155789693196564, -29.385724703470895 ], [ 28.154676437377923, -29.387851715087866 ], [ 28.155614852905252, -29.389730453491204 ], [ 28.156772613525337, -29.391729354858388 ], [ 28.157969474792498, -29.393389701843265 ], [ 28.159435272216825, -29.395139694213835 ], [ 28.157863616943345, -29.397338867187518 ], [ 28.154558181762667, -29.398071289062489 ], [ 28.151327133178693, -29.398534774780206 ], [ 28.148210525512706, -29.398397445678693 ], [ 28.145454883575493, -29.39706325531002 ], [ 28.142512003580688, -29.398262023925771 ], [ 28.143936157226545, -29.400207519531186 ], [ 28.145642280578564, -29.402439117431612 ], [ 28.145319366455034, -29.405186080932634 ], [ 28.14287567138669, -29.406417846679723 ], [ 28.13975763320926, -29.405782699584982 ], [ 28.136872291564895, -29.405982971191392 ], [ 28.133796691894485, -29.408483505249073 ], [ 28.131927490234364, -29.409306526184032 ], [ 28.130554676055851, -29.40697860717767 ], [ 28.131313323974648, -29.403470516204845 ], [ 28.131754302978539, -29.400401687622036 ], [ 28.128381729125994, -29.400742053985574 ], [ 28.125570297241186, -29.402648925781239 ], [ 28.123393058776912, -29.405117034912088 ], [ 28.120841979980437, -29.405879974365213 ], [ 28.118314743042049, -29.404938697814909 ], [ 28.11627292633052, -29.402331352233869 ], [ 28.11386426289879, -29.40156364440918 ], [ 28.113212585449187, -29.404796600341832 ], [ 28.113308747609466, -29.40885957082109 ], [ 28.110342979431135, -29.409812927246094 ], [ 28.107845942179321, -29.408819834391299 ], [ 28.106215715408322, -29.410486459731967 ], [ 28.107469558715813, -29.412969589233452 ], [ 28.109549522399945, -29.414838790893572 ], [ 28.111359596252438, -29.416620254516591 ], [ 28.112957000732418, -29.419086456298849 ], [ 28.111075401306195, -29.420568466186459 ], [ 28.107998530069999, -29.420439402262378 ], [ 28.105535825093607, -29.42108853658041 ], [ 28.10714149475093, -29.4234123229981 ], [ 28.108340263366681, -29.426606178283677 ], [ 28.106348991394036, -29.429064750671397 ], [ 28.103528499603247, -29.431645393371554 ], [ 28.099085807800272, -29.432586987813348 ], [ 28.097269058227536, -29.435138702392628 ], [ 28.09690284729005, -29.437998294830226 ], [ 28.096475601196257, -29.441907405853197 ], [ 28.093782424926705, -29.444753646850664 ], [ 28.093424002329503, -29.447792689005482 ], [ 28.095497767130539, -29.450285593668625 ], [ 28.095779418945298, -29.45339775085445 ], [ 28.094518661499034, -29.456096267700161 ], [ 28.096370697021488, -29.458577156066902 ], [ 28.100111007690408, -29.459160804748553 ], [ 28.10367107391356, -29.458816528320298 ], [ 28.106348037719741, -29.457859992980918 ], [ 28.109129905700691, -29.457740783691367 ], [ 28.112206776936798, -29.459180196126301 ], [ 28.112920761108406, -29.461302757263198 ], [ 28.111788749694821, -29.463843345642072 ], [ 28.109968185424815, -29.465924263000499 ], [ 28.107155799865712, -29.467403411865224 ], [ 28.104119300842289, -29.467478752136223 ], [ 28.101028124491311, -29.466689745585107 ], [ 28.098644256591786, -29.466909408569354 ], [ 28.096575736999551, -29.46811103820799 ], [ 28.095563888549812, -29.470199584960955 ], [ 28.096887588500973, -29.47287034988404 ], [ 28.100335121154728, -29.474762916564924 ], [ 28.102893829345653, -29.474569320678757 ], [ 28.104957580566413, -29.474628448486296 ], [ 28.107769012451222, -29.474193572998054 ], [ 28.109832763671893, -29.473611831665082 ], [ 28.112668037414522, -29.472503185272171 ], [ 28.115956624348936, -29.471635818481513 ], [ 28.118404388427741, -29.472234725952152 ], [ 28.120549837748165, -29.474181175231951 ], [ 28.12067794799804, -29.477439880371104 ], [ 28.119981765747081, -29.479425430297891 ], [ 28.118898391723611, -29.481178283691435 ], [ 28.116489410400391, -29.482466697692878 ], [ 28.11408233642576, -29.482227325439482 ], [ 28.112047195434563, -29.481328964233434 ], [ 28.109668731689407, -29.480985641479474 ], [ 28.106767654418906, -29.481118202209512 ], [ 28.103924751281738, -29.481060028076179 ], [ 28.100208282470728, -29.480471134185727 ], [ 28.097024917602575, -29.481918017069454 ], [ 28.09793472290043, -29.485621929168616 ], [ 28.101052284240712, -29.487312316894499 ], [ 28.104269027709993, -29.488090515136701 ], [ 28.107530593872031, -29.488599777221648 ], [ 28.109773635864265, -29.488434791564867 ], [ 28.112884521484393, -29.488119761149068 ], [ 28.11554463704422, -29.489331245422324 ], [ 28.115752220153766, -29.49176311492916 ], [ 28.113079071044943, -29.493420600891152 ], [ 28.111265500386583, -29.496109326680454 ], [ 28.112851619720502, -29.499159336090109 ], [ 28.116489410400391, -29.499803543090831 ], [ 28.118763923644984, -29.499115943908706 ], [ 28.122032165527354, -29.498291015624979 ], [ 28.124716758728074, -29.498381614685055 ], [ 28.127508163452152, -29.497973283131863 ], [ 28.126256306966123, -29.495756149291964 ], [ 28.125876903533985, -29.49345779418946 ], [ 28.12826156616206, -29.492609024047823 ], [ 28.130431175231973, -29.493564605712908 ], [ 28.132001876831069, -29.495269775390632 ], [ 28.133168220519988, -29.497557640075712 ], [ 28.13448810577388, -29.499769210815408 ], [ 28.135520553588854, -29.502936553955085 ], [ 28.134437561035174, -29.505352020263654 ], [ 28.133153915405295, -29.507007598876967 ], [ 28.132034301757812, -29.508708953857422 ], [ 28.130369186401371, -29.510848999023388 ], [ 28.12772019704186, -29.513709068298311 ], [ 28.126609325408868, -29.516500949859626 ], [ 28.128302892049128, -29.518020629882781 ], [ 28.131626764933259, -29.518198649088557 ], [ 28.136117662702297, -29.516737529209692 ], [ 28.139161427815761, -29.514835993448841 ], [ 28.141421318054171, -29.514073371887207 ], [ 28.14431489308673, -29.51335519154863 ], [ 28.148131847381585, -29.51298046112052 ], [ 28.151474952697807, -29.513423760732028 ], [ 28.154016494750977, -29.515304183960001 ], [ 28.153549957275391, -29.517407608032254 ], [ 28.151570796966507, -29.518773555755629 ], [ 28.148251295089754, -29.519409894943195 ], [ 28.145661671956312, -29.520081837971968 ], [ 28.143714269002217, -29.52136802673342 ], [ 28.143373107910129, -29.52348442077637 ], [ 28.143503189086893, -29.526720046997102 ], [ 28.144307136535684, -29.528701782226531 ], [ 28.146234512329137, -29.531795501708991 ], [ 28.148433685302731, -29.533501307169608 ], [ 28.150889158248948, -29.534326791763267 ], [ 28.154645919799769, -29.535222053527811 ], [ 28.156555175781261, -29.536832809448278 ], [ 28.158000866572074, -29.539663473765088 ], [ 28.156988334655807, -29.544958257675159 ], [ 28.153687795003201, -29.548738479614279 ], [ 28.150734186172532, -29.551089525222785 ], [ 28.14898300170896, -29.552741050720211 ], [ 28.147937011718692, -29.555340957641608 ], [ 28.149268150329586, -29.557671546936049 ], [ 28.152446746826175, -29.558591206868524 ], [ 28.154734611511255, -29.559092521667441 ], [ 28.157295227050771, -29.56005821228025 ], [ 28.15987459818523, -29.561722914377842 ], [ 28.162461916605629, -29.566228071848567 ], [ 28.165302276611314, -29.568285751342739 ], [ 28.167920970916715, -29.570968341827331 ], [ 28.167476654052702, -29.574548721313466 ], [ 28.164320389429708, -29.576972643534361 ], [ 28.161175409952776, -29.578053474426259 ], [ 28.158238274710467, -29.580350875854556 ], [ 28.158280372619625, -29.583281517028826 ], [ 28.159071445465077, -29.585637092590279 ], [ 28.160422007242779, -29.587762196858748 ], [ 28.162896156311067, -29.589349746704109 ], [ 28.163241624832235, -29.591817140579192 ], [ 28.159681558608995, -29.591787576675422 ], [ 28.157215118408207, -29.589800834655723 ], [ 28.154496033986408, -29.588614066441888 ], [ 28.15438127517702, -29.591358661651569 ], [ 28.156365394592274, -29.593976974487269 ], [ 28.157798767089858, -29.597419261932313 ], [ 28.159958362579317, -29.599645614624027 ], [ 28.162263488769511, -29.599713516235383 ], [ 28.16542921066285, -29.598696231842037 ], [ 28.166979217529263, -29.600174713134809 ], [ 28.166140874226841, -29.60263442993163 ], [ 28.164367357889763, -29.60405317942303 ], [ 28.161926746368348, -29.605244159698497 ], [ 28.159640630086201, -29.606250127156542 ], [ 28.157241344451855, -29.608271757761596 ], [ 28.155602296193493, -29.611777782440175 ], [ 28.156231307983436, -29.615246963500997 ], [ 28.156866709391281, -29.617584228515682 ], [ 28.158565839131654, -29.619863192240349 ], [ 28.162059307098385, -29.621095657348629 ], [ 28.164522171020522, -29.620859146118207 ], [ 28.167147318522122, -29.620438575744657 ], [ 28.170447349548343, -29.621322631835923 ], [ 28.172203063964862, -29.622510528564462 ], [ 28.172818501790363, -29.624519030253072 ], [ 28.169574260711649, -29.626940727233887 ], [ 28.166562557220431, -29.628359794616689 ], [ 28.165311813354442, -29.630474090576154 ], [ 28.166140079498291, -29.633040904998765 ], [ 28.167490482330336, -29.635777711868251 ], [ 28.167818069457983, -29.638847351074183 ], [ 28.167365392049092, -29.642273585001689 ], [ 28.166364288330058, -29.645043563842833 ], [ 28.164647102355932, -29.647794246673588 ], [ 28.163153648376426, -29.649626731872548 ], [ 28.162347793579134, -29.652023315429666 ], [ 28.165197134017927, -29.653309027353881 ], [ 28.167841366359191, -29.651209013802649 ], [ 28.169929504394563, -29.649424552917459 ], [ 28.172593797956157, -29.649184635707272 ], [ 28.174784851074207, -29.651543807983384 ], [ 28.177882575988743, -29.65446434020993 ], [ 28.1823717753092, -29.65808995564776 ], [ 28.184616724650024, -29.659739176432321 ], [ 28.186515426635705, -29.661451721191391 ], [ 28.187200546264645, -29.664107513427741 ], [ 28.186245918273944, -29.66615200042726 ], [ 28.18362922668458, -29.668664169311555 ], [ 28.181630611419649, -29.668109893798867 ], [ 28.180113792419469, -29.666586399078355 ], [ 28.178499603271522, -29.662631273269625 ], [ 28.175420379638648, -29.661927795410193 ], [ 28.17307567596432, -29.664450645446806 ], [ 28.171249389648455, -29.666948795318572 ], [ 28.168911933898876, -29.668526172637911 ], [ 28.166542053222642, -29.668228149414123 ], [ 28.164438724517836, -29.667513847351024 ], [ 28.161843427022259, -29.668169911702492 ], [ 28.161673069000258, -29.670499801635742 ], [ 28.163661638895586, -29.671627998352058 ], [ 28.165711402893056, -29.671291351318342 ], [ 28.169054985046337, -29.670819918314596 ], [ 28.173646926879869, -29.671368122100784 ], [ 28.176121711730961, -29.672082424163793 ], [ 28.178961435953752, -29.672960281372053 ], [ 28.181055704752577, -29.672928492228202 ], [ 28.183446884155238, -29.672224044799812 ], [ 28.186086177825874, -29.670452594757069 ], [ 28.188078880310051, -29.669649124145515 ], [ 28.190462112426772, -29.670042355855287 ], [ 28.191297054290775, -29.672005176544204 ], [ 28.189976692199735, -29.674080371856682 ], [ 28.186900456746343, -29.675697326660156 ], [ 28.185021400451692, -29.676764488220165 ], [ 28.181249618530234, -29.678345680236774 ], [ 28.177207708358786, -29.679737329483014 ], [ 28.175148391723614, -29.68187751770024 ], [ 28.175723075866731, -29.684473991393979 ], [ 28.17712148030591, -29.686959584554074 ], [ 28.177963018417373, -29.689338445663417 ], [ 28.179243723551405, -29.692789713541657 ], [ 28.180993795394937, -29.69627857208248 ], [ 28.180725574493358, -29.699005603790308 ], [ 28.179569482803334, -29.702061176300077 ], [ 28.181563377380424, -29.704384803772022 ], [ 28.184707959492993, -29.703688303629573 ], [ 28.187550354003864, -29.702021121978706 ], [ 28.19086990356443, -29.702117156982389 ], [ 28.191278934478724, -29.704377174377484 ], [ 28.188396930694569, -29.707090854644736 ], [ 28.186179478963179, -29.708374659220361 ], [ 28.183333260672349, -29.710652487618617 ], [ 28.18333435058593, -29.714020490646288 ], [ 28.185397529602007, -29.717302640279076 ], [ 28.185321807861307, -29.720010757446214 ], [ 28.183182716369636, -29.721503734588573 ], [ 28.180160999298053, -29.722437858581575 ], [ 28.177804523044191, -29.724103715684681 ], [ 28.179263114929242, -29.726696491241423 ], [ 28.182249069213871, -29.729004859924292 ], [ 28.185379409790045, -29.731867218017506 ], [ 28.184133911132768, -29.734839248657231 ], [ 28.183795928955057, -29.73726908365888 ], [ 28.186614195505765, -29.738908886909488 ], [ 28.189518928527789, -29.73821353912356 ], [ 28.191580454508468, -29.736968358357775 ], [ 28.194149017334013, -29.736402273178065 ], [ 28.197065035502099, -29.737266222635906 ], [ 28.200225830078129, -29.738368511199976 ], [ 28.203217315673811, -29.738618469238332 ], [ 28.206946770350093, -29.738658666610696 ], [ 28.208423137664717, -29.741830825805661 ], [ 28.209311167399086, -29.743931770324728 ], [ 28.210299563407858, -29.747205591201787 ], [ 28.208429336547812, -29.749325752258283 ], [ 28.20628579457598, -29.750202178955099 ], [ 28.203378677368129, -29.750455856323189 ], [ 28.200468063354499, -29.75069046020511 ], [ 28.197858333587632, -29.751080513000506 ], [ 28.194983164469377, -29.752153396606463 ], [ 28.194423993428529, -29.755047798156721 ], [ 28.196228027343761, -29.75641695658371 ], [ 28.199768066406182, -29.756410598754869 ], [ 28.20278167724608, -29.757450660069807 ], [ 28.203997611999498, -29.760092735290545 ], [ 28.204360485076862, -29.762287616729722 ], [ 28.2052666800362, -29.765111923217781 ], [ 28.205629348754812, -29.769260597228953 ], [ 28.208151136125736, -29.769795281546486 ], [ 28.20995187759403, -29.768206596374537 ], [ 28.211202239990229, -29.766577148437513 ], [ 28.213229815165185, -29.766211827596024 ], [ 28.2147725423177, -29.767940203348854 ], [ 28.215849876403819, -29.770826816558827 ], [ 28.216382503509529, -29.773125648498567 ], [ 28.216023111343368, -29.775967550277628 ], [ 28.215702056884705, -29.779817962646483 ], [ 28.214664816856349, -29.782912135124185 ], [ 28.212460517883308, -29.784106731414784 ], [ 28.209815184275321, -29.786053657531731 ], [ 28.20878601074217, -29.788503170013382 ], [ 28.210190963745173, -29.791413402557311 ], [ 28.213943481445302, -29.792522048950222 ], [ 28.216029485066695, -29.79271062215172 ], [ 28.218678792317696, -29.79370276133222 ], [ 28.220323562622095, -29.796037673950227 ], [ 28.222400665283164, -29.798275311787915 ], [ 28.224436759948745, -29.800414085388184 ], [ 28.226015090942379, -29.80249087015785 ], [ 28.227367719014506, -29.804493586222303 ], [ 28.227931976318409, -29.806634902954055 ], [ 28.226445515950548, -29.809522787729904 ], [ 28.225210189819293, -29.812417030334416 ], [ 28.22596359252929, -29.814637819925927 ], [ 28.227428436279233, -29.816824913024909 ], [ 28.228460693359402, -29.818943405151344 ], [ 28.229016017913832, -29.822396564483601 ], [ 28.229591642107298, -29.825648171561149 ], [ 28.227518463134714, -29.826724624633783 ], [ 28.225396792093903, -29.826715787251757 ], [ 28.223462700843815, -29.829051017761167 ], [ 28.226221561431885, -29.830468654632526 ], [ 28.229927698771128, -29.828607400258345 ], [ 28.233326276143366, -29.828785578409779 ], [ 28.233607292175321, -29.831968561808232 ], [ 28.233439763386968, -29.83466116587319 ], [ 28.231591383616127, -29.83803240458165 ], [ 28.229083061218251, -29.839929103851293 ], [ 28.227268218994105, -29.84360027313231 ], [ 28.22546248002482, -29.847592353820819 ], [ 28.227198219299353, -29.850563430786071 ], [ 28.225444157918233, -29.853498458862294 ], [ 28.224707365035972, -29.85567879676816 ], [ 28.226216888427679, -29.857278060913096 ], [ 28.228442509969053, -29.857631047566692 ], [ 28.231027603149371, -29.858273188273166 ], [ 28.234129315330868, -29.857572669074695 ], [ 28.233499765396108, -29.854367017745954 ], [ 28.232539176940929, -29.852361679077145 ], [ 28.231925964355508, -29.850386619567871 ], [ 28.231420516967741, -29.848033905029304 ], [ 28.232116222381553, -29.845653533935558 ], [ 28.234946060180665, -29.844813156127948 ], [ 28.23733329772946, -29.84680493672689 ], [ 28.238278865814181, -29.850012302398699 ], [ 28.239156341552739, -29.853199386596675 ], [ 28.239653587341284, -29.855401992797837 ], [ 28.240234647478356, -29.85807691301623 ], [ 28.242360115051234, -29.858334541320787 ], [ 28.244737307230604, -29.856780370076464 ], [ 28.248797297477623, -29.855777621269276 ], [ 28.250423940022817, -29.858035469055167 ], [ 28.24826011657715, -29.859451675414995 ], [ 28.245883703231843, -29.860037326812684 ], [ 28.246140128687735, -29.862489901090928 ], [ 28.244192600250283, -29.864420413970883 ], [ 28.24335956573487, -29.866953849792456 ], [ 28.241918563842749, -29.869456609090218 ], [ 28.240557988484682, -29.871011098225942 ], [ 28.238534927368185, -29.8737359046936 ], [ 28.236826705932593, -29.875705909728968 ], [ 28.23447837829589, -29.878036626180005 ], [ 28.231858730316105, -29.879913647969559 ], [ 28.230607668558715, -29.882483800252292 ], [ 28.228338432311983, -29.884135246276845 ], [ 28.226108074188282, -29.885572910308845 ], [ 28.223526477813742, -29.887863159179663 ], [ 28.221803665161115, -29.890289306640639 ], [ 28.220007133483826, -29.892316055297897 ], [ 28.217809677124016, -29.893660068511952 ], [ 28.214306116104137, -29.893615961074783 ], [ 28.210488001505517, -29.892688194910711 ], [ 28.206824938456275, -29.891221443812 ], [ 28.203653653462734, -29.889637311299634 ], [ 28.200945854186998, -29.889820098876974 ], [ 28.19975566864008, -29.892271041870067 ], [ 28.198422749837192, -29.894301414489789 ], [ 28.196412563323946, -29.895798683166475 ], [ 28.194017955235061, -29.896300179617775 ], [ 28.191843795776371, -29.896701049804687 ], [ 28.190346558888745, -29.899568080902018 ], [ 28.189099629720026, -29.902456283569357 ], [ 28.188289642333974, -29.905123949050939 ], [ 28.183381398518858, -29.904965400695783 ], [ 28.17977046966551, -29.904484340122806 ], [ 28.176153246561707, -29.903777535756394 ], [ 28.173942565917919, -29.906004587809299 ], [ 28.172067960103341, -29.907176547580306 ], [ 28.169467544555648, -29.907116699218751 ], [ 28.166476821899455, -29.907295036315929 ], [ 28.164265871047988, -29.903478384017991 ], [ 28.163387298583963, -29.901154327392621 ], [ 28.160231484307129, -29.900110880533838 ], [ 28.157183329264267, -29.900305747985879 ], [ 28.154688358306878, -29.901071548461889 ], [ 28.152909755706833, -29.903335094451911 ], [ 28.151075363159194, -29.904768807547445 ], [ 28.148615360260031, -29.904239654541055 ], [ 28.146341705322197, -29.904076004028358 ], [ 28.143151998519865, -29.904500563939408 ], [ 28.139781236648552, -29.9053938388824 ], [ 28.137063026428176, -29.905429363250736 ], [ 28.134355926513631, -29.905455780029278 ], [ 28.131465148925749, -29.905755233764687 ], [ 28.128548049926771, -29.90732116699213 ], [ 28.126712799072283, -29.908398151397698 ], [ 28.124794642130468, -29.909240086873346 ], [ 28.122577667236314, -29.910969734191873 ], [ 28.121331024169937, -29.913727188110407 ], [ 28.120206197102892, -29.915562311808298 ], [ 28.117483139038079, -29.916243171691882 ], [ 28.11484432220459, -29.917755126953139 ], [ 28.111759948730452, -29.919215456644711 ], [ 28.108093261718746, -29.920170307159456 ], [ 28.105664825439479, -29.920631790161135 ], [ 28.103010813395123, -29.92086855570475 ], [ 28.098121007283549, -29.921050071716305 ], [ 28.095624446868882, -29.921923637390059 ], [ 28.092751185099306, -29.92372385660811 ], [ 28.08862352371213, -29.927320003509529 ], [ 28.086826642354289, -29.928660392761209 ], [ 28.08338534037269, -29.92884057362868 ], [ 28.080820846557607, -29.928396034240713 ], [ 28.078526178995777, -29.92907746632898 ], [ 28.076092958450282, -29.929528236389192 ], [ 28.073677825927689, -29.929331588745068 ], [ 28.070956230163556, -29.928858947753923 ], [ 28.067941983540855, -29.928759892781521 ], [ 28.065337753295893, -29.928792953491246 ], [ 28.062915039062485, -29.929045867919935 ], [ 28.06013488769532, -29.929474353790276 ], [ 28.057844638824413, -29.92983722686764 ], [ 28.055322647094737, -29.930354118347214 ], [ 28.052020549774181, -29.930860042572039 ], [ 28.048692576090527, -29.930748049418177 ], [ 28.044288907732295, -29.930493491036515 ], [ 28.041043599446635, -29.929245789845794 ], [ 28.03788566589358, -29.927218246459987 ], [ 28.035083225795109, -29.926241465977267 ], [ 28.032330751419043, -29.925187826156542 ], [ 28.029362996419248, -29.924969037373806 ], [ 28.025654983520475, -29.924848556518558 ], [ 28.023095321655255, -29.92513427734378 ], [ 28.020729064941396, -29.925504048665431 ], [ 28.017225265502898, -29.926338513692198 ], [ 28.013412157694461, -29.927784601847375 ], [ 28.008991114298464, -29.92902793884269 ], [ 28.004798936843866, -29.928142642974876 ], [ 28.001491228739383, -29.927578290303526 ], [ 27.99875852796767, -29.926385137769952 ], [ 27.995419502258233, -29.925960540771502 ], [ 27.996228354317697, -29.923752376011393 ], [ 27.998420397440537, -29.921738306681323 ], [ 27.998959064483685, -29.919647216796875 ], [ 27.998747825622527, -29.917312383651741 ], [ 27.997207641601584, -29.914994376046323 ], [ 27.993803787231396, -29.914926147460964 ], [ 27.991434097290057, -29.915189743041971 ], [ 27.988911628723145, -29.915268580118838 ], [ 27.986061811447115, -29.915002584457341 ], [ 27.98391056060796, -29.912311077117849 ], [ 27.980952898661315, -29.910206238428728 ], [ 27.978482655116487, -29.907680102757062 ], [ 27.976241111755339, -29.906178792317718 ], [ 27.973237228393554, -29.904551124572777 ], [ 27.972158432006754, -29.901179177420524 ], [ 27.971932093302442, -29.898260434468572 ], [ 27.971703767776489, -29.894763469695974 ], [ 27.973790327707903, -29.891684691111276 ], [ 27.973090553283718, -29.889527320861809 ], [ 27.973487973213217, -29.886621832847538 ], [ 27.972527640206501, -29.882569449288511 ], [ 27.971960417429575, -29.878942426045786 ], [ 27.972707366943371, -29.875946044921854 ], [ 27.975118954976374, -29.874738534291524 ], [ 27.977646963936941, -29.873577117919915 ], [ 27.980595270792662, -29.872859001159636 ], [ 27.982899506886771, -29.871434529622377 ], [ 27.985074424743694, -29.869349670410173 ], [ 27.987215042114254, -29.867608261108437 ], [ 27.989494641621903, -29.867128372192365 ], [ 27.991609597206079, -29.865258002281148 ], [ 27.992409706115694, -29.862248897552469 ], [ 27.992233991622872, -29.859455347061182 ], [ 27.990528242928669, -29.856325013296981 ], [ 27.991175969441716, -29.854378382364978 ], [ 27.992282629013076, -29.851037502288836 ], [ 27.991790771484325, -29.848167896270784 ], [ 27.991412353515631, -29.845655441284237 ], [ 27.990319569905541, -29.843821843465147 ], [ 27.989241600036618, -29.842078924179095 ], [ 27.988849163055395, -29.839647054672259 ], [ 27.988824685414681, -29.837034861246693 ], [ 27.987002134323124, -29.834599494934078 ], [ 27.984277725219741, -29.833599090576147 ], [ 27.980928421020511, -29.833260854085243 ], [ 27.977375484648203, -29.833037875947511 ], [ 27.974164962768565, -29.832433700561523 ], [ 27.971422433853132, -29.832079410552993 ], [ 27.968781471252434, -29.833225250244123 ], [ 27.966255187988342, -29.834640820821146 ], [ 27.962872505187985, -29.834891001383458 ], [ 27.961065769195525, -29.833849906921351 ], [ 27.960033655166615, -29.831981897354144 ], [ 27.958628972371379, -29.829662958780979 ], [ 27.957083066304488, -29.82766087849933 ], [ 27.957264709472639, -29.824990463256885 ], [ 27.957338333129854, -29.822674560546925 ], [ 27.955194711685238, -29.82135105133057 ], [ 27.952845096588085, -29.821303844451897 ], [ 27.95019022623697, -29.820838292439756 ], [ 27.946959177652996, -29.819644927978462 ], [ 27.94288444519044, -29.81877381461009 ], [ 27.940321241106258, -29.819676262991802 ], [ 27.938764844621943, -29.822052001953182 ], [ 27.935748577117913, -29.823142290115335 ], [ 27.932172139485644, -29.822951422797384 ], [ 27.929525375366214, -29.822898483276351 ], [ 27.927129200526689, -29.822575160435317 ], [ 27.925046920776374, -29.822160243988073 ], [ 27.92239104376899, -29.821914884779211 ], [ 27.918862390518239, -29.82150173187248 ], [ 27.915116628011049, -29.822021484375028 ], [ 27.911240323384611, -29.822284444173231 ], [ 27.908327738444004, -29.821399052937792 ], [ 27.905398845672579, -29.820054531097441 ], [ 27.902291979108561, -29.818465369088344 ], [ 27.900405883788991, -29.816014698573557 ], [ 27.89849205017083, -29.814551925659206 ], [ 27.895667212350016, -29.814056396484357 ], [ 27.892567888895602, -29.814641825358002 ], [ 27.890027523040771, -29.815283775329583 ], [ 27.887787955147857, -29.816418784005339 ], [ 27.885607528686517, -29.817244338989269 ], [ 27.883713722228997, -29.818498293558783 ], [ 27.881855249404918, -29.821673154830886 ], [ 27.879377365112234, -29.82289886474614 ], [ 27.877016067504833, -29.82329940795896 ], [ 27.874130249023498, -29.823025894165035 ], [ 27.870769119262672, -29.822874069213846 ], [ 27.868475596110031, -29.823443730672206 ], [ 27.866373380025266, -29.82375780741371 ], [ 27.864319165547634, -29.82432556152348 ], [ 27.862107086181641, -29.824641799926678 ], [ 27.858543348312391, -29.824382638931258 ], [ 27.85570383071898, -29.822800000508632 ], [ 27.853153610229441, -29.821770095825229 ], [ 27.851557159423756, -29.820202255249018 ], [ 27.848943608147824, -29.81857647214612 ], [ 27.84751796722411, -29.815830707549985 ], [ 27.846316201346188, -29.813181740897022 ], [ 27.843518511454256, -29.811778704325388 ], [ 27.840343747820139, -29.811636243547724 ], [ 27.838263829549103, -29.812309265136761 ], [ 27.835647821426445, -29.812128067016609 ], [ 27.833770751953079, -29.813366889953553 ], [ 27.831165432929982, -29.814101576805175 ], [ 27.82901879719326, -29.816237994602691 ], [ 27.826961835225394, -29.818143208821613 ], [ 27.823991060256969, -29.819484710693335 ], [ 27.821446895599355, -29.820825576782251 ], [ 27.819752120971696, -29.822533035278266 ], [ 27.820053219795259, -29.826380968093847 ], [ 27.822608947753857, -29.827352905273475 ], [ 27.823788642883262, -29.829035758972179 ], [ 27.825359821319594, -29.831763585408467 ], [ 27.825896543615002, -29.834737272823531 ], [ 27.823277791341127, -29.833770751953171 ], [ 27.820452690124519, -29.833529949188154 ], [ 27.817566871643095, -29.833126068115302 ], [ 27.814448165893534, -29.83303756713871 ], [ 27.811743545532263, -29.833483123779271 ], [ 27.808795452117895, -29.83360576629639 ], [ 27.80664215087889, -29.833544158935577 ], [ 27.804337365286734, -29.833272661481548 ], [ 27.801836013793956, -29.832578182220427 ], [ 27.79954083760574, -29.83239523569743 ], [ 27.796084880828897, -29.832064628601064 ], [ 27.792735780988419, -29.831553867885031 ], [ 27.789589745657771, -29.831792831420923 ], [ 27.786330620447796, -29.83134253819777 ], [ 27.783226490020784, -29.829388141632119 ], [ 27.781374740600583, -29.828445053100584 ], [ 27.779218292236262, -29.829352951049849 ], [ 27.776182015736882, -29.829225699106821 ], [ 27.772429784139007, -29.828822135925282 ], [ 27.768963241577115, -29.830010604858415 ], [ 27.766299915313674, -29.830242347717274 ], [ 27.763404210408481, -29.830644607543967 ], [ 27.760462079729308, -29.830387660435221 ], [ 27.756823062896729, -29.830292892456068 ], [ 27.755110059465714, -29.832745960780539 ], [ 27.752274672190346, -29.834310531616183 ], [ 27.749139785766562, -29.834999084472692 ], [ 27.746647698538695, -29.835817337036175 ], [ 27.743864536285411, -29.835532426834078 ], [ 27.740582772663668, -29.835693359374972 ], [ 27.737132231394423, -29.835743268330873 ], [ 27.734446334838857, -29.835743331909171 ], [ 27.731982612609873, -29.836303520202613 ], [ 27.729421234130868, -29.837628173828158 ], [ 27.727212206522566, -29.839123376210509 ], [ 27.723786883883971, -29.839664035373282 ], [ 27.721071243286065, -29.84141120910644 ], [ 27.718130350112901, -29.841824531555151 ], [ 27.713832037789409, -29.842406136649014 ], [ 27.710343647003132, -29.843215703964244 ], [ 27.707048177719095, -29.844844420750928 ], [ 27.704005718231194, -29.845757484436032 ], [ 27.701499938964801, -29.846661158970434 ], [ 27.699799060821494, -29.847874164581324 ], [ 27.697725677490158, -29.848895263671938 ], [ 27.696058273315426, -29.850404739379833 ], [ 27.695383071899403, -29.852328777313254 ], [ 27.693476041157993, -29.853302319844556 ], [ 27.691299438476523, -29.853965759277369 ], [ 27.688515424728365, -29.854588508606007 ], [ 27.685980987548774, -29.854363250732408 ], [ 27.683941841125502, -29.854044119516999 ], [ 27.681752681732185, -29.856486797332749 ], [ 27.678389453887963, -29.857914447784385 ], [ 27.675835927327451, -29.854964362250392 ], [ 27.672999858856183, -29.854234536488878 ], [ 27.668897549311321, -29.855507453282627 ], [ 27.66628238133022, -29.856720379420643 ], [ 27.663104375203428, -29.856879234313972 ], [ 27.660816192626946, -29.85827875137328 ], [ 27.659356880187968, -29.859737968444811 ], [ 27.656911468505839, -29.858304977417017 ], [ 27.654962539672855, -29.857576370239226 ], [ 27.653832912445008, -29.859301567077591 ], [ 27.651626314435628, -29.85930715288443 ], [ 27.649647848946678, -29.857271058218849 ], [ 27.647936248779303, -29.855592727661207 ], [ 27.645337581634543, -29.856970071792578 ], [ 27.642596435546828, -29.858723068237293 ], [ 27.64052162170405, -29.858219146728505 ], [ 27.638389587402322, -29.858248138427768 ], [ 27.636176824569713, -29.858445882797181 ], [ 27.633796691894496, -29.859719276428255 ], [ 27.631603622436462, -29.86077442169195 ], [ 27.629474639892514, -29.861090342203834 ], [ 27.627269744872972, -29.861518859863324 ], [ 27.624246835708654, -29.860896269480342 ], [ 27.624065399169883, -29.85848999023435 ], [ 27.623856782913169, -29.855430126190164 ], [ 27.622156906127881, -29.852640914917018 ], [ 27.623787562052392, -29.850716272989942 ], [ 27.625108446393675, -29.848919459751656 ], [ 27.624338626861555, -29.846275329589812 ], [ 27.625088691711429, -29.844084739685051 ], [ 27.627311434064538, -29.842100415910956 ], [ 27.629490375518827, -29.839915275573659 ], [ 27.633488178253195, -29.840539455413829 ], [ 27.635482025146473, -29.842315673828136 ], [ 27.636438369750959, -29.844633102416985 ], [ 27.638389587402322, -29.845964431762685 ], [ 27.642220497131408, -29.846190929412831 ], [ 27.645063877105724, -29.843692779540977 ], [ 27.645408630371037, -29.840492248535156 ], [ 27.645742416381779, -29.838247299194332 ], [ 27.646122932434047, -29.836137771606431 ], [ 27.64492130279541, -29.83419895172117 ], [ 27.642208576202453, -29.832687377929702 ], [ 27.63908920288085, -29.829732513427732 ], [ 27.637287139892596, -29.827287038167306 ], [ 27.637260198593182, -29.825064659118695 ], [ 27.639528274536151, -29.824278354644807 ], [ 27.643255869547477, -29.825560251871753 ], [ 27.645634969075527, -29.826988220214879 ], [ 27.649212837219238, -29.827574412028014 ], [ 27.652219136555999, -29.82652791341145 ], [ 27.655434608459494, -29.826492786407478 ], [ 27.659444808959964, -29.825221538543701 ], [ 27.660181045532205, -29.822469711303757 ], [ 27.65936851501467, -29.820227305094416 ], [ 27.658733367919929, -29.818101882934545 ], [ 27.658567746480255, -29.815349260965963 ], [ 27.659613291422524, -29.81231276194254 ], [ 27.661959552764891, -29.810702228546116 ], [ 27.664393424987765, -29.811905384063731 ], [ 27.666421318054212, -29.814012145996106 ], [ 27.669144630432129, -29.814859708150166 ], [ 27.671454020908847, -29.815487725394153 ], [ 27.673911809921247, -29.817110776901213 ], [ 27.676279544830273, -29.816581726074244 ], [ 27.679800510406526, -29.816700935363794 ], [ 27.683587869008374, -29.817164738972913 ], [ 27.686726706368535, -29.819171905517528 ], [ 27.688390731811484, -29.821872711181619 ], [ 27.690044403076207, -29.823577880859343 ], [ 27.691781997680675, -29.824768066406261 ], [ 27.694081624348964, -29.825703938802107 ], [ 27.69677734375, -29.826814651489265 ], [ 27.700069586435937, -29.827753067016594 ], [ 27.703107833862294, -29.828598976135257 ], [ 27.706510543823203, -29.828432083129886 ], [ 27.708937644958475, -29.827765464782697 ], [ 27.711126327514645, -29.826623916625984 ], [ 27.713614463806135, -29.824262936909985 ], [ 27.715695063273071, -29.821231206258126 ], [ 27.717840576171792, -29.819049453735392 ], [ 27.718706130981396, -29.817035675048832 ], [ 27.717355728149439, -29.814786275227846 ], [ 27.716832478841113, -29.811993281046579 ], [ 27.716277440388936, -29.809361139933245 ], [ 27.714278539021841, -29.807584762573281 ], [ 27.711740493774361, -29.806680043538393 ], [ 27.709424336751209, -29.805585225423204 ], [ 27.70640277862546, -29.804412206013954 ], [ 27.703206062316909, -29.80304050445557 ], [ 27.700897216796893, -29.801826477050831 ], [ 27.698137283325174, -29.800397872924812 ], [ 27.694758415222175, -29.79794692993163 ], [ 27.691238403320305, -29.795543670654268 ], [ 27.688571929931637, -29.794546127319311 ], [ 27.685859680175827, -29.793759346008276 ], [ 27.681861877441371, -29.793119430541971 ], [ 27.678332646687863, -29.792395273844342 ], [ 27.677957534790053, -29.790679931640597 ], [ 27.68115854263311, -29.790160655975374 ], [ 27.683147430419929, -29.787978172302211 ], [ 27.682909488677975, -29.785622596740669 ], [ 27.679982662200974, -29.784051895141573 ], [ 27.677198954990899, -29.784422193254724 ], [ 27.673570394515966, -29.783575534820518 ], [ 27.673823674519781, -29.780988693237354 ], [ 27.676090876261416, -29.778911590576197 ], [ 27.676750946044958, -29.776660919189514 ], [ 27.675076293945299, -29.775233078002984 ], [ 27.675723393758055, -29.771908442179363 ], [ 27.676603794097886, -29.768870353698752 ], [ 27.677412986755389, -29.766218185424776 ], [ 27.678757985432977, -29.763971964518255 ], [ 27.68093109130858, -29.763211250305211 ], [ 27.683988571167028, -29.764079093933105 ], [ 27.685366058349569, -29.766213607788107 ], [ 27.684083461761432, -29.768314361572191 ], [ 27.683991050720213, -29.771607875823914 ], [ 27.686672846476256, -29.771879831949889 ], [ 27.689419507980361, -29.771318435668871 ], [ 27.692856652396113, -29.770568847656232 ], [ 27.693450927734386, -29.76851463317869 ], [ 27.691951370239231, -29.766515159606911 ], [ 27.690375518798781, -29.764041137695308 ], [ 27.691971397399961, -29.762952899932827 ], [ 27.694172859191934, -29.76475763320925 ], [ 27.696445465087848, -29.76501846313473 ], [ 27.699293899536158, -29.763778877258297 ], [ 27.70048586527507, -29.760963439941413 ], [ 27.701504707336454, -29.758662700653083 ], [ 27.702614068984953, -29.755448627471882 ], [ 27.704939842224107, -29.756334304809574 ], [ 27.707117080688469, -29.758118629455566 ], [ 27.709416580200163, -29.757801437377985 ], [ 27.708084106445273, -29.755712985992467 ], [ 27.706008434295647, -29.753511667251576 ], [ 27.703551292419458, -29.751833438873266 ], [ 27.700969696044918, -29.750858306884776 ], [ 27.698803901672363, -29.750239372253407 ], [ 27.697710037231381, -29.748399734497056 ], [ 27.697178522745801, -29.745765050252238 ], [ 27.697281837463382, -29.743624687194782 ], [ 27.696805953979474, -29.741291999816855 ], [ 27.694350719451965, -29.739492098490384 ], [ 27.691102981567383, -29.737485885620153 ], [ 27.6880486806234, -29.735201517740851 ], [ 27.684289932251026, -29.733012199401877 ], [ 27.681779384613069, -29.731644153595017 ], [ 27.67980003356929, -29.730696360270215 ], [ 27.678331756591778, -29.729167175292993 ], [ 27.675793457031194, -29.729930496215818 ], [ 27.672885656356815, -29.731192111969019 ], [ 27.670155715942379, -29.728833389282251 ], [ 27.667804718017596, -29.727320098876998 ], [ 27.667455196380629, -29.725230693817096 ], [ 27.667403539021795, -29.723002751668282 ], [ 27.668049891789725, -29.720295667648312 ], [ 27.666514714558875, -29.717959086100244 ], [ 27.664738337198912, -29.716419855753596 ], [ 27.663230895996115, -29.714760780334416 ], [ 27.660799407958979, -29.71225318908688 ], [ 27.66231918334967, -29.70929002761833 ], [ 27.662832975387563, -29.706213712692243 ], [ 27.661247889200812, -29.703410466512082 ], [ 27.662814617156982, -29.700770378112718 ], [ 27.663695335388127, -29.697534084320033 ], [ 27.664706230163571, -29.695011138915973 ], [ 27.664556775774262, -29.692758287702304 ], [ 27.660887718200676, -29.69289445877077 ], [ 27.657972335815394, -29.693678855895978 ], [ 27.654441452026401, -29.694636917114249 ], [ 27.652182896931897, -29.695749918619786 ], [ 27.649850845336864, -29.696178436279276 ], [ 27.647199630737273, -29.696975231170676 ], [ 27.643418312072775, -29.698232332865416 ], [ 27.639852841695166, -29.69760195414224 ], [ 27.636855125427239, -29.695619583129918 ], [ 27.634392420450848, -29.694464365641316 ], [ 27.632088851928692, -29.693170166015626 ], [ 27.629074096679695, -29.692252159118638 ], [ 27.626968383789062, -29.692132949829087 ], [ 27.624874591827385, -29.692418575286862 ], [ 27.622098286946638, -29.693100611368873 ], [ 27.618315696716355, -29.69332599639889 ], [ 27.613471269607558, -29.694060325622541 ], [ 27.610509872436516, -29.695099512736057 ], [ 27.608289718627898, -29.695785045623758 ], [ 27.605271498362182, -29.695860544840414 ], [ 27.602171421050969, -29.69588947296138 ], [ 27.599987824757854, -29.698645432790084 ], [ 27.597105979919444, -29.699882507324183 ], [ 27.594788233439104, -29.702033360799152 ], [ 27.592529296874989, -29.703872680664102 ], [ 27.590400695800742, -29.704649353027325 ], [ 27.588376204172715, -29.706752777099666 ], [ 27.587387084960845, -29.710521062215168 ], [ 27.586340824762988, -29.713392972946174 ], [ 27.583068211873329, -29.713836669921868 ], [ 27.580543994903572, -29.715643405914328 ], [ 27.577703793843543, -29.716609700520792 ], [ 27.573901430765812, -29.717653338114381 ], [ 27.570265769958468, -29.717886606852218 ], [ 27.568219184875463, -29.717594146728544 ], [ 27.565261205037416, -29.716887156168582 ], [ 27.562104293278299, -29.716738224029516 ], [ 27.56023597717283, -29.71543931961056 ], [ 27.558217684427898, -29.714943885803248 ], [ 27.555220740182062, -29.715247562953429 ], [ 27.553514480590756, -29.71403646469113 ], [ 27.552811861038172, -29.711686611175537 ], [ 27.550801467895457, -29.709922027587933 ], [ 27.548957824707031, -29.708396434783936 ], [ 27.546935081481937, -29.707872867584207 ], [ 27.543919324874921, -29.707766056060759 ], [ 27.542018072945694, -29.704370498657241 ], [ 27.541974067687946, -29.701924800872771 ], [ 27.540802001953168, -29.698795318603445 ], [ 27.540308475494356, -29.69605827331543 ], [ 27.5375719070434, -29.696618080139171 ], [ 27.535287857055678, -29.696237564086903 ], [ 27.533919334411671, -29.693953514099093 ], [ 27.532037893931015, -29.691766262054454 ], [ 27.534379959106413, -29.68975448608402 ], [ 27.536428833007797, -29.688385772705029 ], [ 27.539248466491649, -29.687577962875334 ], [ 27.539327812194813, -29.684561538696276 ], [ 27.536846160888672, -29.683352947235143 ], [ 27.53479232788083, -29.681816482544022 ], [ 27.532598813374797, -29.681234677632663 ], [ 27.529886007308967, -29.679729461669947 ], [ 27.529648542404161, -29.676237821578933 ], [ 27.527203321456927, -29.674525976180966 ], [ 27.527396392822222, -29.672027587890582 ], [ 27.527405500412016, -29.669185002644817 ], [ 27.525575192769413, -29.665940348307252 ], [ 27.528550465901635, -29.665756225585916 ], [ 27.531024932861325, -29.665605545043917 ], [ 27.533533368791762, -29.664837428501723 ], [ 27.536333084106367, -29.666146850585907 ], [ 27.538587951660109, -29.665899658203166 ], [ 27.540754954020152, -29.665839513142945 ], [ 27.54303340911861, -29.666961050033503 ], [ 27.543605804443349, -29.664003372192372 ], [ 27.541636657714829, -29.66214485168457 ], [ 27.541155179341569, -29.659067153930675 ], [ 27.54367351531981, -29.657586097717271 ], [ 27.54345703124994, -29.655330657959023 ], [ 27.543200016021729, -29.6529555320739 ], [ 27.541624704996725, -29.650824864705317 ], [ 27.539348602294943, -29.649271647135379 ], [ 27.538333075387133, -29.647378104073653 ], [ 27.536961449517094, -29.64514096577966 ], [ 27.533775057111431, -29.645332881382537 ], [ 27.531183242797862, -29.644733428955107 ], [ 27.52841885884607, -29.644924163818388 ], [ 27.525098800659208, -29.644686126708987 ], [ 27.52293841044111, -29.645796457926444 ], [ 27.52046394348142, -29.645589828491193 ], [ 27.516886393229111, -29.645875295003222 ], [ 27.514047622680703, -29.647218704223622 ], [ 27.511325836181676, -29.648707389831564 ], [ 27.509208679199237, -29.649303436279318 ], [ 27.506211280822711, -29.649563789367651 ], [ 27.50286356608067, -29.650936762491909 ], [ 27.500667572021452, -29.652189636230442 ], [ 27.499562263488752, -29.65417098999017 ], [ 27.497497558593786, -29.656278610229482 ], [ 27.495047569274899, -29.65891933441165 ], [ 27.492253303527846, -29.661909103393548 ], [ 27.490478515624982, -29.664154052734371 ], [ 27.488908767700181, -29.665723800659173 ], [ 27.487670898437443, -29.667579650878896 ], [ 27.48600578308109, -29.669936180114732 ], [ 27.483602523803729, -29.672696113586451 ], [ 27.481939315795877, -29.674287796020483 ], [ 27.479846000671348, -29.675763130187939 ], [ 27.477751731872523, -29.67740440368647 ], [ 27.475634574890083, -29.678427696228017 ], [ 27.47311210632326, -29.679713249206575 ], [ 27.469887733459441, -29.682115554809553 ], [ 27.467251459757435, -29.684734344482401 ], [ 27.465589523315369, -29.686569213867188 ], [ 27.463713963826496, -29.688009262084925 ], [ 27.461508750915552, -29.690874576568561 ], [ 27.459672292073488, -29.693373362223308 ], [ 27.458093484242795, -29.695039192835427 ], [ 27.45531749725345, -29.692772184099493 ], [ 27.452996850013744, -29.689575195312457 ], [ 27.450002670288075, -29.689595794677693 ], [ 27.446837175460036, -29.690606389726849 ], [ 27.443110602242559, -29.690963472638799 ], [ 27.440684890747068, -29.690077209472655 ], [ 27.437904834747261, -29.688890393575008 ], [ 27.437016010284431, -29.685738086700454 ], [ 27.435936927795378, -29.682829221089669 ], [ 27.432573046003061, -29.681724820818257 ], [ 27.430978059768684, -29.678932905197165 ], [ 27.429692077636702, -29.675487073262531 ], [ 27.429716825485272, -29.671127285276079 ], [ 27.432157961527558, -29.668814913431763 ], [ 27.434771219889264, -29.668147722880068 ], [ 27.436213220868776, -29.66563606262207 ], [ 27.435881932576422, -29.662762641906749 ], [ 27.436293919881138, -29.659666273329034 ], [ 27.437135060628236, -29.657345453898177 ], [ 27.438118616739903, -29.655275344848665 ], [ 27.439225741795092, -29.652331079755513 ], [ 27.440252304077116, -29.649873733520483 ], [ 27.442926724751814, -29.647101211547856 ], [ 27.441227722167948, -29.644725036621079 ], [ 27.438010406494072, -29.645495223999042 ], [ 27.435415506362947, -29.643918991088803 ], [ 27.434457302093506, -29.641629219055222 ], [ 27.435817718505827, -29.639705657959038 ], [ 27.43726587295534, -29.637512207031303 ], [ 27.438070933024083, -29.635264078776103 ], [ 27.437775929768925, -29.632432301839163 ], [ 27.435504277547217, -29.632289568583193 ], [ 27.433696746826119, -29.631171226501497 ], [ 27.431003093719507, -29.630236864089966 ], [ 27.427967580159528, -29.631256802876816 ], [ 27.425510883331249, -29.629897594451894 ], [ 27.423413276672303, -29.627688725789337 ], [ 27.422744989395142, -29.624615669250499 ], [ 27.419840812683137, -29.622149825096123 ], [ 27.416834694998581, -29.623088019234768 ], [ 27.414100170135502, -29.623754978179907 ], [ 27.411797114780988, -29.624820981706868 ], [ 27.409247080484999, -29.62646505567761 ], [ 27.406748771667488, -29.626518726348895 ], [ 27.404363632202177, -29.626366424560558 ], [ 27.402148882548016, -29.6237624486287 ], [ 27.399915313720701, -29.624384689331041 ], [ 27.399211502075204, -29.621957015991175 ], [ 27.400181770324682, -29.620059013366685 ], [ 27.400330781936621, -29.617435693740802 ], [ 27.398682594299316, -29.61505079269411 ], [ 27.39824981689447, -29.613011169433602 ], [ 27.396808862686161, -29.610380331675202 ], [ 27.393900871276887, -29.611564636230515 ], [ 27.391627311706589, -29.612313747406006 ], [ 27.389117717742927, -29.612159729003885 ], [ 27.387618255615219, -29.610327243804925 ], [ 27.387195375230554, -29.607038074069592 ], [ 27.389252344767211, -29.605393091837563 ], [ 27.392519632975286, -29.604259808858192 ], [ 27.392319869995085, -29.60170326232905 ], [ 27.391318321228052, -29.598668098449711 ], [ 27.39134263992311, -29.596419334411618 ], [ 27.3922424316406, -29.594417572021548 ], [ 27.392698764801015, -29.592195034027103 ], [ 27.390568733215325, -29.590160369873054 ], [ 27.387419700622594, -29.589673360188741 ], [ 27.386290359497089, -29.587265014648413 ], [ 27.386769612630179, -29.585247039794972 ], [ 27.386729876200388, -29.582923889160174 ], [ 27.383856481975965, -29.582585255304995 ], [ 27.382787704467781, -29.58497873942061 ], [ 27.381849833897153, -29.587321145193958 ], [ 27.379377365112333, -29.586516698201471 ], [ 27.376958370208747, -29.584902286529569 ], [ 27.373660659790055, -29.583372497558603 ], [ 27.371193647384583, -29.581975936889627 ], [ 27.371390342712342, -29.578775882720866 ], [ 27.37274687630784, -29.576124191284126 ], [ 27.373774337768463, -29.573759841918946 ], [ 27.373793601989703, -29.571328163147005 ], [ 27.372563997904397, -29.569003740946421 ], [ 27.371289014816313, -29.565955877304063 ], [ 27.368892033894831, -29.564086278279667 ], [ 27.367807006835964, -29.561519622802802 ], [ 27.365606117248497, -29.559843254089358 ], [ 27.365112032209126, -29.557652882167208 ], [ 27.366756200790409, -29.556355237960808 ], [ 27.36615562438962, -29.553624153137182 ], [ 27.364315668741867, -29.551585833231609 ], [ 27.365554809570302, -29.548675298690764 ], [ 27.368848323822025, -29.547330856323196 ], [ 27.368828455607041, -29.544304529825883 ], [ 27.366484069824203, -29.543293380737335 ], [ 27.362979062398306, -29.54402112960819 ], [ 27.360534667968771, -29.541160583496119 ], [ 27.359632492065455, -29.538487570626405 ], [ 27.35742238362635, -29.537843672434484 ], [ 27.355709457397491, -29.535612869262696 ], [ 27.352624098459909, -29.534660100936861 ], [ 27.349772930145221, -29.535219192504925 ], [ 27.347662353515577, -29.537256431579607 ], [ 27.345389502389072, -29.535660334995818 ], [ 27.343222045898429, -29.535564422607475 ], [ 27.340806643168158, -29.537023544311559 ], [ 27.338220596313455, -29.538423220316524 ], [ 27.336110750834152, -29.540893872578945 ], [ 27.333414077758821, -29.541012763977093 ], [ 27.330487357245591, -29.542031182183216 ], [ 27.327941894531204, -29.543417930603045 ], [ 27.32603836059566, -29.544654846191399 ], [ 27.32450342178343, -29.546010494232156 ], [ 27.322397708892886, -29.547105789184581 ], [ 27.31882762908937, -29.548925399780202 ], [ 27.316218694051052, -29.550317128499316 ], [ 27.313629786173465, -29.551559130350725 ], [ 27.311012268066403, -29.549892663955625 ], [ 27.309615135192832, -29.547505696614596 ], [ 27.309091567993192, -29.544689655303969 ], [ 27.308369318644242, -29.54246457417813 ], [ 27.307766278584843, -29.539490699768024 ], [ 27.307837486267083, -29.536431948343878 ], [ 27.305642127995377, -29.534319877612237 ], [ 27.307591921195872, -29.526873210115557 ], [ 27.308840000000178, -29.527199999999866 ], [ 27.311488727947019, -29.526580297772288 ], [ 27.311490000000148, -29.526579999999726 ], [ 27.311626312002456, -29.5265341340065 ], [ 27.314670000000184, -29.52551 ], [ 27.314950572850115, -29.52479026994126 ], [ 27.315820000000301, -29.522559999999821 ], [ 27.314950000000259, -29.517029999999856 ], [ 27.312450000000265, -29.505039999999894 ], [ 27.316009059722845, -29.49228337092238 ], [ 27.316010000000212, -29.492279999999816 ], [ 27.317337116146255, -29.490993274150391 ], [ 27.320610000000322, -29.487819999999832 ], [ 27.323389151073151, -29.485924570106793 ], [ 27.32517000000032, -29.484709999999815 ], [ 27.334380502266974, -29.481126934019986 ], [ 27.337920000000192, -29.47975 ], [ 27.345290000000254, -29.478789999999822 ], [ 27.345292625990702, -29.47879083603009 ], [ 27.348102884953928, -29.479685555145331 ], [ 27.349970000000233, -29.48028 ], [ 27.35126000000021, -29.480999999999803 ], [ 27.360157236008597, -29.481679788891292 ], [ 27.36016, -29.481679999999844 ], [ 27.362641052872871, -29.480260042777374 ], [ 27.363615028189535, -29.479702616710913 ], [ 27.369770000000337, -29.476179999999875 ], [ 27.369662833282703, -29.471260545993673 ], [ 27.369560000000192, -29.46654 ], [ 27.368901687947321, -29.46325784401045 ], [ 27.368160000000174, -29.459559999999897 ], [ 27.370300000000135, -29.455429999999861 ], [ 27.374946028980073, -29.452615896966506 ], [ 27.382930000000115, -29.44778 ], [ 27.391730000000191, -29.437259999999799 ], [ 27.391730942925484, -29.437258520952248 ], [ 27.392684209788886, -29.435763140865202 ], [ 27.406808572825113, -29.41360639216224 ], [ 27.407380000000202, -29.412709999999876 ], [ 27.412178431188948, -29.40982153231333 ], [ 27.412480000000294, -29.409639999999882 ], [ 27.416058999016023, -29.409112406106686 ], [ 27.421785121692754, -29.408268296715768 ], [ 27.422071300991856, -29.408226109943293 ], [ 27.424080000000316, -29.407929999999883 ], [ 27.430440000000122, -29.406049999999851 ], [ 27.430440588772619, -29.406048475911973 ], [ 27.431254057995623, -29.403942115998106 ], [ 27.433070000000125, -29.39924 ], [ 27.430580000000159, -29.38907 ], [ 27.430576435769915, -29.389065245172553 ], [ 27.429846235079335, -29.388091193940614 ], [ 27.414380000000293, -29.367459999999813 ], [ 27.416235776602637, -29.36654791000073 ], [ 27.416669375017321, -29.366334802034523 ], [ 27.42252636498128, -29.363456167960834 ], [ 27.423190000000396, -29.36313 ], [ 27.429546649968749, -29.365819073074629 ], [ 27.431960000000387, -29.366839999999851 ], [ 27.435476788972689, -29.367472824152397 ], [ 27.436612627583234, -29.367677211248001 ], [ 27.4426300000002, -29.368759999999817 ], [ 27.443601694963803, -29.367533626970822 ], [ 27.445110000000138, -29.365629999999832 ], [ 27.445278863151955, -29.363424941011363 ], [ 27.447170000000231, -29.338729999999892 ], [ 27.449860000000314, -29.329929999999816 ], [ 27.451319626000291, -29.328438642999789 ], [ 27.452386760858726, -29.3273483095575 ], [ 27.454460000000246, -29.32523 ], [ 27.455780813815721, -29.32434945772291 ], [ 27.45713, -29.323449999999852 ], [ 27.460875959070762, -29.321925174173092 ], [ 27.46138000000029, -29.321719999999885 ], [ 27.472151230552043, -29.318282373228023 ], [ 27.47407000000026, -29.317669999999897 ], [ 27.475853690886986, -29.316074870873244 ], [ 27.47757, -29.314539999999823 ], [ 27.478209693790333, -29.310881751963148 ], [ 27.478210000000324, -29.310879999999862 ], [ 27.476671122110496, -29.309219631897744 ], [ 27.475170000000325, -29.307599999999812 ], [ 27.467210000000208, -29.302359999999773 ], [ 27.462110000000294, -29.29788 ], [ 27.461643046493677, -29.29640049475617 ], [ 27.46127465706023, -29.295233281981027 ], [ 27.46116106396601, -29.294873371010667 ], [ 27.461160000000383, -29.294869999999818 ], [ 27.463390000000153, -29.29034 ], [ 27.470820000000206, -29.287299999999817 ], [ 27.486257782991718, -29.288188910146729 ], [ 27.494294067229696, -29.288651640864739 ], [ 27.498260000000329, -29.288879999999896 ], [ 27.501023316936667, -29.287640292857798 ], [ 27.501180000000346, -29.287569999999775 ], [ 27.502946686046513, -29.28310780109722 ], [ 27.504870000000302, -29.27825 ], [ 27.50597308703837, -29.277643302069013 ], [ 27.507873871025733, -29.276597871046196 ], [ 27.508069589873529, -29.276490225769503 ], [ 27.508070000000217, -29.276489999999878 ], [ 27.510557447604199, -29.27580517871522 ], [ 27.512419019413347, -29.282566887995888 ] ] ] } },
{ "type": "Feature", "properties": { "adm1_name": "Thaba Tseka", "div_name": "District", "adm0_name": "Lesotho", "adm1_code": 7 }, "geometry": { "type": "Polygon", "coordinates": [ [ [ 28.282666207459449, -29.119116782572508 ], [ 28.285026313539262, -29.119006156792594 ], [ 28.287854875524697, -29.119666510055154 ], [ 28.291076023505134, -29.120343841705477 ], [ 28.293794990706122, -29.120946644213742 ], [ 28.296622279702287, -29.121356011197253 ], [ 28.299333573935414, -29.122206370599436 ], [ 28.302042963091466, -29.122344016470137 ], [ 28.303981462800042, -29.123176730993784 ], [ 28.306570054559121, -29.124302863799723 ], [ 28.309060508167882, -29.125934054079639 ], [ 28.310515594469198, -29.127703474657164 ], [ 28.313257639028876, -29.126618492432566 ], [ 28.314768791609367, -29.128265858609105 ], [ 28.317775153642909, -29.127552125472334 ], [ 28.319132168231697, -29.12991523776698 ], [ 28.321504908396044, -29.129861833562455 ], [ 28.322618483649297, -29.131807564220914 ], [ 28.324003763669769, -29.133505958774176 ], [ 28.326581408377049, -29.133478435000605 ], [ 28.329974652460898, -29.134424129062154 ], [ 28.333106612169011, -29.134457776632662 ], [ 28.335818929647981, -29.135546444782069 ], [ 28.338391170225051, -29.137000492977961 ], [ 28.338598250133561, -29.139904022088704 ], [ 28.34093628119254, -29.142176054707814 ], [ 28.339318276083624, -29.143842698876 ], [ 28.338466264287664, -29.146311569379503 ], [ 28.335050200423971, -29.145861052983136 ], [ 28.334400558438698, -29.148558807685166 ], [ 28.331908361086832, -29.151293891660202 ], [ 28.33236599268416, -29.15357207953393 ], [ 28.331843060367866, -29.157150907189401 ], [ 28.329654311999185, -29.159420777373036 ], [ 28.329118729190149, -29.161542256586582 ], [ 28.330542883603215, -29.163319905622643 ], [ 28.331834792828769, -29.165306095321043 ], [ 28.33055162545126, -29.167623042304115 ], [ 28.329939841625706, -29.169998168762024 ], [ 28.332361859135101, -29.169359204024371 ], [ 28.334912301015191, -29.169901848117675 ], [ 28.33427524428631, -29.172655104507839 ], [ 28.3331303600302, -29.175562856580385 ], [ 28.335552850987188, -29.17653465133785 ], [ 28.339026133936084, -29.176360765666654 ], [ 28.337760926463339, -29.179116884410373 ], [ 28.338573459243509, -29.181335448823532 ], [ 28.340711277324825, -29.182657875788177 ], [ 28.338808345720089, -29.184384438464207 ], [ 28.337673184563283, -29.186558728690649 ], [ 28.339265820776237, -29.187838552303958 ], [ 28.342360181788905, -29.18828646186007 ], [ 28.343458174005608, -29.190693860283879 ], [ 28.344977378833057, -29.19236469160882 ], [ 28.345672603832938, -29.195140516657837 ], [ 28.347347062582994, -29.196478742825317 ], [ 28.345263798256259, -29.198461850502056 ], [ 28.348741536044141, -29.198335648297459 ], [ 28.350779531563063, -29.19785213698496 ], [ 28.352742113918982, -29.199137288004607 ], [ 28.352093537029631, -29.202813944177187 ], [ 28.354268073629839, -29.202055451406817 ], [ 28.35676689257609, -29.201417159003441 ], [ 28.358747005783979, -29.202992757626212 ], [ 28.358264444112201, -29.205986814661046 ], [ 28.357679682436054, -29.208893141489312 ], [ 28.35549895328786, -29.20846779918509 ], [ 28.353946205403812, -29.209691048248377 ], [ 28.355639263269538, -29.211955260468315 ], [ 28.357935431692582, -29.21236896451498 ], [ 28.360286077454354, -29.214609147685412 ], [ 28.361564953245043, -29.216718036211176 ], [ 28.360746383574597, -29.219314766229299 ], [ 28.358020622710466, -29.220249811495759 ], [ 28.360505382195388, -29.222928999437393 ], [ 28.359891892200938, -29.225702921792319 ], [ 28.358733367478472, -29.227812576925217 ], [ 28.359663645358356, -29.230369568256776 ], [ 28.359098813456662, -29.232966233849812 ], [ 28.357348920752056, -29.234732625453287 ], [ 28.358959836590913, -29.237002372591615 ], [ 28.362489697080505, -29.236672402656328 ], [ 28.364756109504995, -29.237106324420981 ], [ 28.364213941541671, -29.23921489474688 ], [ 28.362037656832339, -29.241366705503658 ], [ 28.363450049784888, -29.243052962145178 ], [ 28.365365977206579, -29.241977686948651 ], [ 28.367899131380735, -29.242626635210978 ], [ 28.36691856457627, -29.245097159768353 ], [ 28.364328384979153, -29.246621450228339 ], [ 28.362380984023549, -29.248524663023346 ], [ 28.364491937967284, -29.250378606440353 ], [ 28.367814063093654, -29.250938422468554 ], [ 28.370084760598701, -29.251832580166482 ], [ 28.37112616800923, -29.253830911682389 ], [ 28.37332058089379, -29.253870965947272 ], [ 28.375968933560735, -29.254523597951 ], [ 28.377116919513078, -29.257140632459123 ], [ 28.376803393192972, -29.260000703851553 ], [ 28.377426148675355, -29.262440998663465 ], [ 28.375714483362223, -29.265251912323521 ], [ 28.378033160433102, -29.26716279841617 ], [ 28.380363466771218, -29.26930656607778 ], [ 28.380798339861023, -29.272727726108251 ], [ 28.383225444274828, -29.274241443425609 ], [ 28.385392870902869, -29.274456022552787 ], [ 28.382854300684478, -29.276641529296455 ], [ 28.38369989114382, -29.279418470990116 ], [ 28.386672977637705, -29.279325483028874 ], [ 28.388877866600847, -29.280680519937153 ], [ 28.387199402948159, -29.282691961945751 ], [ 28.384387969570234, -29.282778260194831 ], [ 28.381141505290518, -29.283200263757148 ], [ 28.378794194455125, -29.286152362475693 ], [ 28.378705342815035, -29.289370223296341 ], [ 28.380388257166288, -29.291766486720295 ], [ 28.382532115194547, -29.29294204846078 ], [ 28.384769438396983, -29.292785643486031 ], [ 28.387434576315961, -29.293244839363087 ], [ 28.387859662402736, -29.296281500304634 ], [ 28.391452027895724, -29.2982418068515 ], [ 28.394309998960154, -29.297675135169921 ], [ 28.396537143624844, -29.297768273916414 ], [ 28.397645951669602, -29.29961776682919 ], [ 28.398429871674157, -29.301969524407379 ], [ 28.399695711383032, -29.303743364671654 ], [ 28.403669930659991, -29.304015925632033 ], [ 28.404051303044596, -29.306188584971672 ], [ 28.402429578656218, -29.30753135219566 ], [ 28.400266651082905, -29.309080124869503 ], [ 28.397457121875934, -29.311463356229318 ], [ 28.395303885072764, -29.314007282893574 ], [ 28.397836684135246, -29.31441116701874 ], [ 28.400516509497574, -29.314052582625362 ], [ 28.403652987161831, -29.314436753063845 ], [ 28.406964305108428, -29.317389009261753 ], [ 28.409997939618869, -29.316886902714213 ], [ 28.412363052226052, -29.315772056088353 ], [ 28.414665699311769, -29.318028926735696 ], [ 28.417177582525731, -29.317635726341319 ], [ 28.417169571603672, -29.315029145851646 ], [ 28.419447515446294, -29.316647337935532 ], [ 28.418745040808279, -29.319261557129717 ], [ 28.417330738345935, -29.321594003266927 ], [ 28.420231817127583, -29.322217940072438 ], [ 28.422163963285673, -29.320555688050277 ], [ 28.424547199748517, -29.317195892117699 ], [ 28.427628674189464, -29.316182453915719 ], [ 28.429991147837018, -29.318627167001644 ], [ 28.43020184855629, -29.321586608880136 ], [ 28.433200831651394, -29.321461201411815 ], [ 28.435660361710568, -29.320179941434677 ], [ 28.43860769252775, -29.319900990466042 ], [ 28.441171011006293, -29.320967354069861 ], [ 28.442836285647498, -29.323502064252317 ], [ 28.445583344259639, -29.325152402343303 ], [ 28.448681835890465, -29.326092718103759 ], [ 28.451896666367404, -29.325883863795156 ], [ 28.45494461272342, -29.32582998417066 ], [ 28.457844737647541, -29.326856612686992 ], [ 28.460008623991161, -29.327711106461219 ], [ 28.462082862338555, -29.327699661554952 ], [ 28.464853603812855, -29.32617569183147 ], [ 28.467943191489486, -29.324527261745349 ], [ 28.47049013816607, -29.326994895064097 ], [ 28.472260476665955, -29.329878809371458 ], [ 28.474546048844584, -29.330869292469309 ], [ 28.476203916431619, -29.329495905005377 ], [ 28.478348352608251, -29.327413310386664 ], [ 28.480958697713298, -29.324729681027929 ], [ 28.483465572717058, -29.325564603070099 ], [ 28.483959195178542, -29.328058238520761 ], [ 28.48629855924456, -29.329303741646374 ], [ 28.488893507192724, -29.329849238592388 ], [ 28.491882317216554, -29.329771039703246 ], [ 28.495833399693215, -29.328509330633047 ], [ 28.500829694955442, -29.326395987399302 ], [ 28.502820331034794, -29.326979318945835 ], [ 28.504385946619081, -29.32964420343518 ], [ 28.506026748571966, -29.333414555172578 ], [ 28.506435394910866, -29.336580275346314 ], [ 28.508195873061414, -29.339594836770445 ], [ 28.511851311721625, -29.340050695695098 ], [ 28.515009404497004, -29.340473650949917 ], [ 28.518301485836094, -29.342201233846566 ], [ 28.519450183199368, -29.344652175469378 ], [ 28.518156055442056, -29.346582409777856 ], [ 28.517859173445647, -29.349381449726209 ], [ 28.520807743014686, -29.352014067441324 ], [ 28.523608521041165, -29.353382744398782 ], [ 28.526155477525016, -29.353684422672345 ], [ 28.528226848195025, -29.35355568041247 ], [ 28.530610086629981, -29.353555679071498 ], [ 28.53270721565455, -29.353710178817828 ], [ 28.535011290076827, -29.35360717805009 ], [ 28.53836631467621, -29.353140351760644 ], [ 28.541269938762891, -29.35427919733058 ], [ 28.541857082504517, -29.356956006405245 ], [ 28.543704347335662, -29.359045030416087 ], [ 28.546380041014995, -29.360107424607108 ], [ 28.54808108081237, -29.361642839043057 ], [ 28.550238607506827, -29.363551140354161 ], [ 28.553294373499693, -29.363753511053737 ], [ 28.556506157252425, -29.363499639154234 ], [ 28.559949878742351, -29.363059045821217 ], [ 28.562694550886935, -29.363006592217801 ], [ 28.566130956578228, -29.363991416911329 ], [ 28.569350720889485, -29.36560916618205 ], [ 28.571491241705992, -29.367720922965358 ], [ 28.573572156305737, -29.369368872332458 ], [ 28.576239588436202, -29.369844435976834 ], [ 28.579165458934529, -29.369532584103887 ], [ 28.581858635110468, -29.369171143319384 ], [ 28.584189411316995, -29.369274139529701 ], [ 28.586584092628197, -29.369700429807533 ], [ 28.589713414793149, -29.36867841175015 ], [ 28.589696882872872, -29.365432421794747 ], [ 28.589714048904934, -29.361858366350969 ], [ 28.590628310000742, -29.35992558686198 ], [ 28.594055174962051, -29.358540056850369 ], [ 28.596645356994287, -29.358371741368462 ], [ 28.600598655852782, -29.358552934036709 ], [ 28.602756500735204, -29.360107421723281 ], [ 28.604621893476722, -29.361505509171316 ], [ 28.606459618278034, -29.362800594812533 ], [ 28.608453756341955, -29.364147184643286 ], [ 28.610681535276704, -29.365570068730641 ], [ 28.613556085849122, -29.367128158055934 ], [ 28.614368445256865, -29.365732188966721 ], [ 28.611943718170817, -29.363778111395856 ], [ 28.609365464387459, -29.36212825518243 ], [ 28.60835934153798, -29.360258098544168 ], [ 28.609205243606905, -29.357529325332955 ], [ 28.611536027702233, -29.356688259972398 ], [ 28.613987924033623, -29.353695869658637 ], [ 28.614911080835647, -29.351427078648197 ], [ 28.615677517091264, -29.348525361702183 ], [ 28.618469242168775, -29.346344626784827 ], [ 28.622257235164405, -29.345183853079227 ], [ 28.622769926673829, -29.341623687005814 ], [ 28.620079993022095, -29.340957641604405 ], [ 28.616680149234352, -29.341799730738295 ], [ 28.613947867867594, -29.342456817039043 ], [ 28.611867108505361, -29.344326970072188 ], [ 28.612216474491724, -29.3484821318313 ], [ 28.6103350343881, -29.349804561279559 ], [ 28.608273826764673, -29.348150572304977 ], [ 28.607200945583621, -29.345487278313588 ], [ 28.6041278887865, -29.344070911361243 ], [ 28.602376462402134, -29.342206000961625 ], [ 28.600526176185269, -29.340687114252951 ], [ 28.597099302655614, -29.339578628971342 ], [ 28.596947675320482, -29.337115288605698 ], [ 28.599401949580482, -29.335394858145115 ], [ 28.601552327206136, -29.333691916557726 ], [ 28.601369853172297, -29.330583574088177 ], [ 28.598471327583862, -29.330880803720284 ], [ 28.596076488815502, -29.333025452885121 ], [ 28.596381662880898, -29.330180647802507 ], [ 28.59622001933506, -29.326924323622606 ], [ 28.595541001811519, -29.324441907742017 ], [ 28.593579609289076, -29.323881785271922 ], [ 28.591374083480424, -29.325084688904536 ], [ 28.588861463258052, -29.324868201975086 ], [ 28.586183546774645, -29.323886872872574 ], [ 28.58482233570243, -29.322027841480992 ], [ 28.58734416857278, -29.320903297615498 ], [ 28.591409203604478, -29.320333002721966 ], [ 28.593804358338581, -29.319048879458776 ], [ 28.59414529663653, -29.317021371785913 ], [ 28.591955183461536, -29.316984174032058 ], [ 28.589420154780164, -29.316681860281225 ], [ 28.588453296015203, -29.31385230577861 ], [ 28.587066654745307, -29.31179714586747 ], [ 28.587186020087806, -29.308803082912394 ], [ 28.584100723477878, -29.307428358099386 ], [ 28.580559254471559, -29.308952327494687 ], [ 28.577750201857221, -29.310266489418147 ], [ 28.575608889797998, -29.30877701297312 ], [ 28.57787208396234, -29.30735435105596 ], [ 28.577134133804204, -29.305356022397056 ], [ 28.575850486071207, -29.302430154528626 ], [ 28.575404486670152, -29.300193784339235 ], [ 28.576086996347371, -29.297006607037602 ], [ 28.574172973056665, -29.294877528104092 ], [ 28.571275237506843, -29.298152925072852 ], [ 28.569114684259954, -29.300830839044668 ], [ 28.566102507026446, -29.302942674652122 ], [ 28.566653568668453, -29.300912857039997 ], [ 28.566412449457278, -29.298544881985912 ], [ 28.565282818845827, -29.296226499656065 ], [ 28.564027789589929, -29.293492316779069 ], [ 28.563845950727739, -29.291148503517817 ], [ 28.566071986377505, -29.290153981189949 ], [ 28.568996112206801, -29.28880945716983 ], [ 28.568917277092364, -29.285748485194652 ], [ 28.569286344114019, -29.283468247213463 ], [ 28.569240569582654, -29.281089068523048 ], [ 28.567392349287356, -29.282161331841539 ], [ 28.565332415796906, -29.283981800809734 ], [ 28.563175199930523, -29.283705236619873 ], [ 28.56165742624086, -29.281924248975134 ], [ 28.561986765267221, -29.279197213315978 ], [ 28.56451035106231, -29.278037072972452 ], [ 28.566164777451974, -29.276274298759454 ], [ 28.563741811825526, -29.274677148977336 ], [ 28.565318822869944, -29.27266407066751 ], [ 28.567992208041225, -29.27157402138112 ], [ 28.570093154911124, -29.270751952594122 ], [ 28.57218361047844, -29.270105364031785 ], [ 28.574453832662815, -29.269001960314323 ], [ 28.577078137292599, -29.269339697091624 ], [ 28.578980127774866, -29.268248873633841 ], [ 28.58197227988104, -29.267755986889355 ], [ 28.585962533893404, -29.2686467173789 ], [ 28.588776904980783, -29.267717361182456 ], [ 28.591102283023528, -29.265672046870762 ], [ 28.593125024428655, -29.264613469864265 ], [ 28.595958774143092, -29.264719644453297 ], [ 28.598855588896676, -29.264075089810305 ], [ 28.601307677911446, -29.263719559292568 ], [ 28.604550043485077, -29.263331921090408 ], [ 28.607288551968168, -29.263467979806347 ], [ 28.609549930032351, -29.262328828069851 ], [ 28.612471716820508, -29.260738917607632 ], [ 28.613615989637985, -29.258345602216075 ], [ 28.612236737595186, -29.256615161465117 ], [ 28.614431762341329, -29.25593490637144 ], [ 28.616934671114013, -29.254069381946636 ], [ 28.620012760296309, -29.252750873743572 ], [ 28.622737502835992, -29.253215027732505 ], [ 28.624149639219731, -29.251712800038089 ], [ 28.626172235295421, -29.25131297961412 ], [ 28.627355302965473, -29.248550824841569 ], [ 28.629730225225213, -29.249667032470651 ], [ 28.630299294809912, -29.247258936873145 ], [ 28.633230323005886, -29.245465095935042 ], [ 28.636444094089896, -29.24471219401681 ], [ 28.639611245489082, -29.244154929357858 ], [ 28.642888069750082, -29.243315062475151 ], [ 28.644802501874022, -29.241215161944002 ], [ 28.647349401491361, -29.239087014252508 ], [ 28.649881998067549, -29.237761817304509 ], [ 28.651854039974211, -29.236671924639413 ], [ 28.654388109631789, -29.235246023744544 ], [ 28.656924722990439, -29.233398438904846 ], [ 28.658998011504554, -29.232404232651344 ], [ 28.661165237879981, -29.231341840093062 ], [ 28.66306768022293, -29.229561940856176 ], [ 28.665297318676085, -29.228472327604994 ], [ 28.66780388223502, -29.226903280373207 ], [ 28.671034325537835, -29.22389096146787 ], [ 28.672750377660904, -29.220462512180735 ], [ 28.674098969961936, -29.217585426882287 ], [ 28.675560633977625, -29.214733970865026 ], [ 28.678001881111847, -29.21234226143541 ], [ 28.680037815769598, -29.210838951528629 ], [ 28.682392437912196, -29.209328650675449 ], [ 28.685617065825152, -29.207306162468583 ], [ 28.688465595838441, -29.205676317225993 ], [ 28.690932274992974, -29.203762054003391 ], [ 28.692798615234349, -29.202578545183201 ], [ 28.694565581543706, -29.201293564952003 ], [ 28.697825432100753, -29.198577881271405 ], [ 28.701263902851192, -29.198434351654058 ], [ 28.704053878240131, -29.201869012712201 ], [ 28.704526905095772, -29.204614635485694 ], [ 28.704680441503271, -29.207719803211752 ], [ 28.704732894109529, -29.212436677298449 ], [ 28.704870222722811, -29.215425491203618 ], [ 28.706375124884186, -29.216930385552487 ], [ 28.708105084052459, -29.218376161310001 ], [ 28.710783003731443, -29.218551633722157 ], [ 28.7124252345061, -29.217168805779693 ], [ 28.714302064096863, -29.21573830004165 ], [ 28.714990613962875, -29.213771819633006 ], [ 28.715696332835371, -29.21174811961993 ], [ 28.717113490978029, -29.20973968181373 ], [ 28.719356535412754, -29.209873196828507 ], [ 28.721393583021037, -29.211217880972185 ], [ 28.722329137617496, -29.214267728080468 ], [ 28.723140715102002, -29.217909812158172 ], [ 28.722684861158875, -29.222016334681978 ], [ 28.721481327039665, -29.225017550595279 ], [ 28.721416472425364, -29.227373119627199 ], [ 28.721263881605029, -29.229854584288951 ], [ 28.721343990613789, -29.232053756714361 ], [ 28.72082709956134, -29.235010147218588 ], [ 28.719245909802304, -29.237937927920644 ], [ 28.71654764962852, -29.241154352950605 ], [ 28.715057375376517, -29.243780133917042 ], [ 28.711668016427193, -29.247367862495356 ], [ 28.709176064369156, -29.251077649667479 ], [ 28.706932066534851, -29.25569343214034 ], [ 28.706209181260277, -29.25866444925196 ], [ 28.70267295709683, -29.267189024125685 ], [ 28.702317714161495, -29.269840240801749 ], [ 28.701053615726501, -29.273277285358979 ], [ 28.699543950473071, -29.280838967033574 ], [ 28.699157237536554, -29.286147593577262 ], [ 28.697843551902501, -29.289997895174103 ], [ 28.698746681795949, -29.293377875120608 ], [ 28.696914673707962, -29.295735358764198 ], [ 28.694828033692342, -29.297866820282504 ], [ 28.694030765015132, -29.299896240693691 ], [ 28.693727490173714, -29.303508757663078 ], [ 28.691943646346573, -29.30722427304573 ], [ 28.687690735959514, -29.312725068214341 ], [ 28.684564593440975, -29.315412521889851 ], [ 28.678728103936301, -29.318639756022137 ], [ 28.676511766410883, -29.320768353435312 ], [ 28.674922941642066, -29.32414627158877 ], [ 28.672447205190664, -29.326498030928217 ], [ 28.678958893059935, -29.331190112717454 ], [ 28.685132983700012, -29.331920619981023 ], [ 28.688476563840769, -29.332401274034027 ], [ 28.696207048036214, -29.33246803544758 ], [ 28.699802395999296, -29.333400725938731 ], [ 28.706939693732124, -29.339790347401685 ], [ 28.710264205879653, -29.341854098012977 ], [ 28.714092253672007, -29.345052722343091 ], [ 28.715602876231227, -29.348001477837627 ], [ 28.717332843212095, -29.349861146234502 ], [ 28.719331739209085, -29.350914004145135 ], [ 28.72082709956134, -29.352331162287882 ], [ 28.722425458326772, -29.354301456295207 ], [ 28.724184035109811, -29.355434415402183 ], [ 28.72671222807368, -29.357666019040863 ], [ 28.729152677018831, -29.359510425230685 ], [ 28.731376645647821, -29.360029223082474 ], [ 28.736687659596804, -29.360816000457103 ], [ 28.739429472677912, -29.362873081177089 ], [ 28.74244498958609, -29.361913679870511 ], [ 28.747070313867983, -29.358795164549157 ], [ 28.748851772242844, -29.353998181453701 ], [ 28.75046539321524, -29.352539696304959 ], [ 28.753126223337876, -29.351670027544841 ], [ 28.755688858513139, -29.352276612202367 ], [ 28.758676973258556, -29.352899295963276 ], [ 28.761338550731729, -29.352138518265193 ], [ 28.763067244820316, -29.350566673255042 ], [ 28.765833854495625, -29.349991797143971 ], [ 28.769159951736366, -29.350555525903911 ], [ 28.771947480066128, -29.351662063337415 ], [ 28.774014790036183, -29.351641814666941 ], [ 28.777165519061864, -29.351090643125644 ], [ 28.780865860412884, -29.350633653222303 ], [ 28.784085954300952, -29.351520538203047 ], [ 28.786131380856993, -29.351530075129318 ], [ 28.78811482164727, -29.350141116933305 ], [ 28.790274462412157, -29.349317550876975 ], [ 28.79233401166481, -29.349678585286455 ], [ 28.794507979844685, -29.348585764601399 ], [ 28.796806972250288, -29.348632812439469 ], [ 28.79821033518699, -29.350294876618022 ], [ 28.799718540383811, -29.351718267023919 ], [ 28.802040458121002, -29.353759209796749 ], [ 28.804475784170624, -29.355087758923105 ], [ 28.806437807568329, -29.357291541399878 ], [ 28.808193206352527, -29.358770372251787 ], [ 28.810037612542349, -29.36023330529698 ], [ 28.812726973017199, -29.362066270690846 ], [ 28.81383781481459, -29.364049912293378 ], [ 28.813571931208525, -29.366349219026567 ], [ 28.811541238295856, -29.368768690575187 ], [ 28.809797287078375, -29.370417403946703 ], [ 28.807225322913975, -29.373809528536277 ], [ 28.809304715269256, -29.37699095442381 ], [ 28.814226150874433, -29.374521256170262 ], [ 28.816189449377848, -29.373526891667879 ], [ 28.818223001187459, -29.372570991368342 ], [ 28.821003596271421, -29.371607463871619 ], [ 28.823089121383227, -29.371463774052199 ], [ 28.825411987244308, -29.371620558268564 ], [ 28.827461720536917, -29.37251138631154 ], [ 28.829466247060708, -29.374668121905213 ], [ 28.830418587741068, -29.376628878790868 ], [ 28.830796430154603, -29.378887938777321 ], [ 28.830180167513863, -29.382093239248764 ], [ 28.828676222658455, -29.385279465477044 ], [ 28.826666513652754, -29.387557982108149 ], [ 28.82428216810624, -29.38994207354504 ], [ 28.821364403959947, -29.391183851881198 ], [ 28.817914326352167, -29.389500934908575 ], [ 28.815855026241376, -29.387941359447979 ], [ 28.813928604243365, -29.386715889324201 ], [ 28.811905543736248, -29.386097592764205 ], [ 28.80819893033124, -29.386444409770785 ], [ 28.807896996824777, -29.38927974881025 ], [ 28.809561729393995, -29.390880584852198 ], [ 28.811021041082817, -29.392836760732056 ], [ 28.811840534128329, -29.395324704605287 ], [ 28.812067575521127, -29.398797988952264 ], [ 28.809804278415484, -29.40223089932077 ], [ 28.806433358369897, -29.403625489765407 ], [ 28.803553263275838, -29.404197058023286 ], [ 28.799703279478916, -29.404440242644615 ], [ 28.797771931582638, -29.405572888509003 ], [ 28.798069382873702, -29.408811950656478 ], [ 28.799283026935573, -29.412311552554261 ], [ 28.800421046482615, -29.415886592062957 ], [ 28.80239987380746, -29.419848918956927 ], [ 28.803446769063989, -29.423014644162816 ], [ 28.804685863647194, -29.425392967515119 ], [ 28.807595252891559, -29.42508093326699 ], [ 28.809531404253551, -29.426972580926126 ], [ 28.808057387939744, -29.429661987313228 ], [ 28.804483685999948, -29.43224225596175 ], [ 28.80189056306348, -29.434439085971121 ], [ 28.79971122447602, -29.435805320072085 ], [ 28.796794541109815, -29.436608726844305 ], [ 28.793235778814651, -29.436384200331545 ], [ 28.790181477299569, -29.435630795851321 ], [ 28.786564826978477, -29.435322284473099 ], [ 28.784002942669339, -29.43571726606622 ], [ 28.782454012202962, -29.437186239262193 ], [ 28.781520209412225, -29.440231004827645 ], [ 28.780775070333075, -29.443356195248583 ], [ 28.781026362757721, -29.446131229485474 ], [ 28.782812118462274, -29.448487855460105 ], [ 28.785085678977683, -29.449995042134859 ], [ 28.789396285018064, -29.450604441599971 ], [ 28.791871068069796, -29.450997351634346 ], [ 28.793831110100964, -29.451997519565488 ], [ 28.79572563131012, -29.454655836529909 ], [ 28.79603703870368, -29.457588512912626 ], [ 28.795332908830694, -29.460146904678176 ], [ 28.795462249303959, -29.462550402062405 ], [ 28.796158933249693, -29.466928196560605 ], [ 28.793426512913033, -29.467613602746813 ], [ 28.791228295059245, -29.464983463625117 ], [ 28.789007821577894, -29.463224412095435 ], [ 28.786225797696673, -29.463697913697807 ], [ 28.784720737937452, -29.465145108487057 ], [ 28.783653895529792, -29.46809832489874 ], [ 28.781988143657177, -29.470799130075843 ], [ 28.779943943598262, -29.473911761541927 ], [ 28.778105257806374, -29.475220679526505 ], [ 28.773763179160582, -29.47733831284356 ], [ 28.771050769730454, -29.478500366265049 ], [ 28.768266678847731, -29.479539871372197 ], [ 28.765303173990308, -29.48172124130728 ], [ 28.768171308933987, -29.481667516687772 ], [ 28.770974796026415, -29.480864525008489 ], [ 28.773346424369105, -29.481312754358481 ], [ 28.776568221779652, -29.483147812544154 ], [ 28.77873382516205, -29.484051132075773 ], [ 28.780467748751381, -29.485888004650441 ], [ 28.782444318004362, -29.488121350654751 ], [ 28.785604795280427, -29.490159193413913 ], [ 28.789358934416875, -29.493822733541087 ], [ 28.790068148437008, -29.496195792634406 ], [ 28.789015531805994, -29.499267816050502 ], [ 28.789555358565554, -29.502769183430356 ], [ 28.792198182164096, -29.506187438166332 ], [ 28.794960022793269, -29.50654665454724 ], [ 28.797613462766435, -29.506629308559319 ], [ 28.800104142322901, -29.506224632116563 ], [ 28.802054407124821, -29.504584312047545 ], [ 28.804728985022198, -29.502447485702877 ], [ 28.808641815239454, -29.502503395554825 ], [ 28.813287736730086, -29.501599153491998 ], [ 28.816466649003679, -29.500419300021608 ], [ 28.819730757967509, -29.500652040600507 ], [ 28.822470474462158, -29.500859833926874 ], [ 28.824523925232203, -29.500145775376453 ], [ 28.826199342127556, -29.498875045119789 ], [ 28.828432082033316, -29.498503685823941 ], [ 28.830643971662461, -29.497666995638006 ], [ 28.832420984745099, -29.495905558656045 ], [ 28.834154130375843, -29.493227005981449 ], [ 28.835962295008887, -29.491326015786857 ], [ 28.837706428272657, -29.489903314381817 ], [ 28.840054989982477, -29.48998498829496 ], [ 28.842934129723851, -29.48994350369103 ], [ 28.846581649741964, -29.489951897123735 ], [ 28.849308394420991, -29.489281082053843 ], [ 28.851234435579908, -29.487978614235001 ], [ 28.852642058423971, -29.486155031750251 ], [ 28.854871750241106, -29.484984533931669 ], [ 28.857671101842651, -29.484837214717775 ], [ 28.859834668962069, -29.485800505817728 ], [ 28.86238606730711, -29.487529882134368 ], [ 28.865645647213366, -29.487942933385259 ], [ 28.868686675374832, -29.488339232675887 ], [ 28.87142848845594, -29.489355086179781 ], [ 28.873768806999522, -29.491157292715965 ], [ 28.875774111648699, -29.493235180210654 ], [ 28.875185393883672, -29.495914841016791 ], [ 28.875478982148394, -29.499381301859785 ], [ 28.877198409570703, -29.50216541305959 ], [ 28.879101753046953, -29.503012660191242 ], [ 28.881757496418214, -29.503563166394265 ], [ 28.884444236997119, -29.504012108189826 ], [ 28.887890679351024, -29.505006245506294 ], [ 28.891187895691782, -29.508831115113644 ], [ 28.893566704115624, -29.51102905407328 ], [ 28.896580560388884, -29.511638368730676 ], [ 28.89875602676819, -29.512459755959842 ], [ 28.900808334630511, -29.513067722070364 ], [ 28.903990749213303, -29.513671874582204 ], [ 28.906013488014292, -29.51341676790793 ], [ 28.908040364724229, -29.512114841520788 ], [ 28.909884134012231, -29.510080021115815 ], [ 28.912759779907859, -29.509346007636928 ], [ 28.915052278131647, -29.50856849074286 ], [ 28.917882363937885, -29.507547299503557 ], [ 28.921507835810022, -29.50753784235285 ], [ 28.924278300371519, -29.509021242229117 ], [ 28.926504453223622, -29.511019707110698 ], [ 28.928933620272911, -29.511873084394825 ], [ 28.932845196678002, -29.511306204336286 ], [ 28.936068345389131, -29.511643599032023 ], [ 28.938305664738294, -29.511410141170536 ], [ 28.941147994854365, -29.510974359415233 ], [ 28.944996260383448, -29.511058044454131 ], [ 28.947299139461723, -29.509989330190557 ], [ 28.949602888657132, -29.509125900495704 ], [ 28.952448843840383, -29.508337021735521 ], [ 28.955637455195426, -29.507386364157618 ], [ 28.959087849626574, -29.506980894842783 ], [ 28.962597131786104, -29.507450817290227 ], [ 28.965982435661818, -29.507255936945032 ], [ 28.969081019461495, -29.505613039181156 ], [ 28.971541596077021, -29.504486084538929 ], [ 28.974958419056328, -29.504293918518144 ], [ 28.97802797952329, -29.505130132004243 ], [ 28.980707297261365, -29.506230353295827 ], [ 28.983602287725429, -29.506275891996726 ], [ 28.987275362174735, -29.504155158177682 ], [ 28.98939768629527, -29.504388809127914 ], [ 28.991955438554772, -29.505491256841566 ], [ 28.994826635252057, -29.507918992489369 ], [ 28.996558189930276, -29.50920772660044 ], [ 28.999547003835445, -29.510359527069397 ], [ 29.00197760228631, -29.508667946469181 ], [ 29.003418924288059, -29.505307197973153 ], [ 29.004832268181179, -29.502478600132488 ], [ 29.006295681832327, -29.500943183322704 ], [ 29.0082912435347, -29.499907812869331 ], [ 29.010681534022552, -29.499779508731084 ], [ 29.013412203492205, -29.500339236226814 ], [ 29.015457156278156, -29.499897001162779 ], [ 29.016666094297538, -29.498257956199382 ], [ 29.018499613562575, -29.496480701837125 ], [ 29.020192147190492, -29.495170321795673 ], [ 29.022610028288764, -29.497132493263468 ], [ 29.025536346590396, -29.498242569216227 ], [ 29.028395652103288, -29.497142313279912 ], [ 29.031317573417258, -29.496858868924281 ], [ 29.034359359497341, -29.498209381533048 ], [ 29.038142536945188, -29.498652743987442 ], [ 29.041245653690083, -29.498789976870277 ], [ 29.043098926691989, -29.500193834697154 ], [ 29.04593976406009, -29.50171422830088 ], [ 29.048061370526778, -29.502758026310595 ], [ 29.049857139271506, -29.504617452060589 ], [ 29.051066210139908, -29.50656547559214 ], [ 29.053778330164825, -29.507614930960614 ], [ 29.056475321092122, -29.508418401943871 ], [ 29.058565521508161, -29.507907487091757 ], [ 29.061706304180234, -29.507662056838036 ], [ 29.064551354024392, -29.508176327018077 ], [ 29.067978450962894, -29.509721484077446 ], [ 29.070426940727522, -29.511053086775863 ], [ 29.073623060918784, -29.51095795674188 ], [ 29.075989882049956, -29.513268789743186 ], [ 29.077774811604961, -29.515439986143189 ], [ 29.079136845669339, -29.516968726420934 ], [ 29.080902101328142, -29.51912422376688 ], [ 29.082373142957895, -29.520758151761473 ], [ 29.084235191924201, -29.522328375471286 ], [ 29.087269148061633, -29.523678460910997 ], [ 29.090294680223504, -29.523507597248134 ], [ 29.092266083926187, -29.521453379331387 ], [ 29.094439189599374, -29.520538329989133 ], [ 29.096472549687412, -29.52019996639439 ], [ 29.09876169489991, -29.521016802982714 ], [ 29.101331710456368, -29.522357940626321 ], [ 29.103727338549866, -29.52396329294238 ], [ 29.106654284376198, -29.525681017791584 ], [ 29.109988404759623, -29.526928713650925 ], [ 29.112604236245886, -29.527130412366255 ], [ 29.116256542994833, -29.528495720168092 ], [ 29.118323707674975, -29.531293870037235 ], [ 29.120067118958048, -29.533160685611183 ], [ 29.121763229508812, -29.53486569716295 ], [ 29.121985117631443, -29.537257193206901 ], [ 29.122438049638454, -29.539698028720341 ], [ 29.123519761618443, -29.541978427552152 ], [ 29.126432737740625, -29.543884118040143 ], [ 29.128427504292208, -29.544576646264154 ], [ 29.129899131246017, -29.546037673811988 ], [ 29.128897666066166, -29.549370288554467 ], [ 29.128685316822821, -29.552908579719329 ], [ 29.128867466938878, -29.555395126575213 ], [ 29.128699144373126, -29.557763100870261 ], [ 29.128977459553628, -29.560267128672969 ], [ 29.13009583828876, -29.562918662660632 ], [ 29.13007843532711, -29.566353797488865 ], [ 29.132106304510618, -29.569780229127197 ], [ 29.135819244053906, -29.570503233446633 ], [ 29.138030529733093, -29.570570945134801 ], [ 29.140704392580673, -29.571552990659878 ], [ 29.143170261540895, -29.573696898535996 ], [ 29.145799637682423, -29.575094221799137 ], [ 29.148201261643013, -29.575805392389821 ], [ 29.150618394627447, -29.577585856057343 ], [ 29.151939867660669, -29.575631621360966 ], [ 29.154620170838829, -29.576357842232316 ], [ 29.157932280978315, -29.57837009363702 ], [ 29.160282850521323, -29.580426692774321 ], [ 29.161242801467257, -29.578458787149021 ], [ 29.163415909093636, -29.576736132169824 ], [ 29.167057035865284, -29.576217653419935 ], [ 29.16957759772567, -29.576426506538912 ], [ 29.17131500278629, -29.574851607655162 ], [ 29.168975449306188, -29.574107358936597 ], [ 29.168296814796534, -29.571762085058563 ], [ 29.169125365920067, -29.569206174736241 ], [ 29.171327209426877, -29.570507048607798 ], [ 29.173655191345315, -29.570943198176703 ], [ 29.176063538595741, -29.571677526851282 ], [ 29.17904172518455, -29.572329655885699 ], [ 29.17836666022977, -29.569605827336588 ], [ 29.176708217754598, -29.567723277347891 ], [ 29.174552916557261, -29.565524291696278 ], [ 29.17413520719434, -29.563110351167833 ], [ 29.175013733647347, -29.561157229291869 ], [ 29.177687648266581, -29.561573982911483 ], [ 29.180034877004534, -29.562430858598422 ], [ 29.180624008263422, -29.559986112844406 ], [ 29.182275773034693, -29.557149248951454 ], [ 29.18322562992801, -29.554140726245027 ], [ 29.185269357193388, -29.554869174970634 ], [ 29.187050817521442, -29.556484220183222 ], [ 29.188330014055207, -29.558644294107928 ], [ 29.187611265387424, -29.561108271963544 ], [ 29.189914323461451, -29.562255859761134 ], [ 29.192147255349287, -29.559849578730791 ], [ 29.195005417042918, -29.560894967041996 ], [ 29.196859994131174, -29.562611897717051 ], [ 29.197977162359855, -29.564726160662481 ], [ 29.20182418944599, -29.563422206606106 ], [ 29.204043070672569, -29.564100899467395 ], [ 29.205519198923401, -29.566998480716734 ], [ 29.207992555781924, -29.569108008183488 ], [ 29.211062908795448, -29.570878267042012 ], [ 29.213726996366795, -29.569410800465757 ], [ 29.212553023496412, -29.564549923968087 ], [ 29.209438798473574, -29.562527655031069 ], [ 29.211067835995696, -29.560993830150363 ], [ 29.21118799820681, -29.558945972137508 ], [ 29.214071273904029, -29.555481433983811 ], [ 29.216344832336038, -29.555160522550739 ], [ 29.218678951828746, -29.556356908125615 ], [ 29.221096038576032, -29.55927133537315 ], [ 29.223782536898856, -29.560343741883056 ], [ 29.225699424900252, -29.559102056152465 ], [ 29.225587207686242, -29.556875865528443 ], [ 29.225258825351673, -29.554484366880263 ], [ 29.228105547551507, -29.553483012082516 ], [ 29.230371477484173, -29.554866789518442 ], [ 29.233142853116178, -29.556733765359567 ], [ 29.235393521492824, -29.55546378957974 ], [ 29.235347112292786, -29.553173064745565 ], [ 29.237768174142897, -29.551406384716362 ], [ 29.240791322154557, -29.552806852505743 ], [ 29.242327215664176, -29.555615901747135 ], [ 29.244066237988541, -29.557048800749964 ], [ 29.246145246900767, -29.556763652220731 ], [ 29.248064041701415, -29.55425548455597 ], [ 29.250117939214192, -29.552855488909092 ], [ 29.251812457184755, -29.554086685941417 ], [ 29.253822328996581, -29.55514049725172 ], [ 29.256031035418516, -29.554981228727485 ], [ 29.257984160419358, -29.556135178251953 ], [ 29.260031384134532, -29.558210055765489 ], [ 29.261829377218106, -29.560582158203964 ], [ 29.264582950848105, -29.561100801062047 ], [ 29.267477034996524, -29.56271743852923 ], [ 29.270144459466806, -29.563579560518583 ], [ 29.272990862564651, -29.563757419685089 ], [ 29.274693726688493, -29.56716338953791 ], [ 29.27821032410478, -29.568238575494711 ], [ 29.280621211150159, -29.568049960409471 ], [ 29.284004755925363, -29.567786626508209 ], [ 29.286926902193077, -29.567433677016176 ], [ 29.289031981112611, -29.568188665287543 ], [ 29.29177538449521, -29.568204242690378 ], [ 29.294519424779629, -29.567626954034477 ], [ 29.296041488134893, -29.565343853793348 ], [ 29.298867223823443, -29.56283950949279 ], [ 29.300815579872918, -29.559705733917664 ], [ 29.302302838281257, -29.556189537657463 ], [ 29.304065239303444, -29.554776357831681 ], [ 29.304020000000119, -29.556949999999894 ], [ 29.305190000000113, -29.563849999999881 ], [ 29.312256776997025, -29.56696523600726 ], [ 29.318710000000102, -29.569809999999897 ], [ 29.323014716002959, -29.571221818991834 ], [ 29.324297475982529, -29.571642526161202 ], [ 29.326790000000202, -29.572459999999868 ], [ 29.328061504943314, -29.573543248066404 ], [ 29.330910000000209, -29.575969999999852 ], [ 29.332127547199626, -29.580077984940868 ], [ 29.332140000000194, -29.580119999999855 ], [ 29.332139954999391, -29.580120037998881 ], [ 29.332109347984868, -29.580145881981746 ], [ 29.328670000000322, -29.58305 ], [ 29.322040000000115, -29.586379999999824 ], [ 29.321413115001715, -29.58639348506933 ], [ 29.303910000000165, -29.58677 ], [ 29.301678573991662, -29.587223059958379 ], [ 29.298640000000219, -29.58784 ], [ 29.295986949925656, -29.590512799926017 ], [ 29.294610000000109, -29.5919 ], [ 29.298425247013892, -29.599711062993151 ], [ 29.301160000000181, -29.605309999999886 ], [ 29.300356292917961, -29.618202801994698 ], [ 29.299960000000191, -29.624559999999867 ], [ 29.296238156049025, -29.629422903037273 ], [ 29.29510000000024, -29.63091 ], [ 29.287440000000252, -29.632849999999845 ], [ 29.284988286451274, -29.632809917489556 ], [ 29.283770000000352, -29.632789999999854 ], [ 29.282619048084712, -29.632408451745086 ], [ 29.280120000000331, -29.631579999999747 ], [ 29.280115748014012, -29.631580558104687 ], [ 29.264580000000272, -29.633619999999873 ], [ 29.2421733510688, -29.639018855284395 ], [ 29.24055000000012, -29.63941 ], [ 29.238617908441999, -29.642154853320491 ], [ 29.237840000000247, -29.643259999999817 ], [ 29.230209942000162, -29.645342983327772 ], [ 29.228448978059273, -29.645823721289389 ], [ 29.22617328892143, -29.646444977711607 ], [ 29.224362278017523, -29.646939378062754 ], [ 29.22436, -29.64694 ], [ 29.210660000000143, -29.660699999999874 ], [ 29.198919280929058, -29.661604523811192 ], [ 29.191190000000255, -29.662199999999817 ], [ 29.187885307113358, -29.663626733262284 ], [ 29.183500000000183, -29.665519999999891 ], [ 29.178581205993769, -29.673917940996098 ], [ 29.178580000000331, -29.673919999999821 ], [ 29.178398924814108, -29.674896585965339 ], [ 29.17817135829408, -29.676123910795905 ], [ 29.177690000000233, -29.678719999999871 ], [ 29.177757844813556, -29.691481586000791 ], [ 29.177790000000158, -29.697529999999862 ], [ 29.175807080079007, -29.699395510083605 ], [ 29.17323, -29.701819999999813 ], [ 29.16152, -29.708499999999894 ], [ 29.151463258887333, -29.718129173882058 ], [ 29.15023000000032, -29.71931 ], [ 29.147993228598889, -29.725272302988316 ], [ 29.14715000000021, -29.727519999999853 ], [ 29.149308684403884, -29.732855343998366 ], [ 29.14230982969903, -29.7356873513565 ], [ 29.135310581776096, -29.738518987391572 ], [ 29.132144927978509, -29.737141132354751 ], [ 29.129613161087086, -29.736200332641594 ], [ 29.126134713490814, -29.737201849619566 ], [ 29.123684883117672, -29.738597869873008 ], [ 29.121107737223294, -29.73856862386064 ], [ 29.118878936767544, -29.737611389160158 ], [ 29.11702346801761, -29.736630439758272 ], [ 29.114609582083538, -29.734727042062016 ], [ 29.111907323201457, -29.732599258422866 ], [ 29.110473632812472, -29.730954647064213 ], [ 29.108547592163102, -29.730083084106408 ], [ 29.106022834777811, -29.72949886322025 ], [ 29.103757619857817, -29.726784706115673 ], [ 29.102184677123976, -29.725186538696292 ], [ 29.100438308715781, -29.724125289917037 ], [ 29.098563385009712, -29.722835540771509 ], [ 29.09712724685669, -29.720434045791567 ], [ 29.09690461839951, -29.717511449541313 ], [ 29.095213481358083, -29.715939385550328 ], [ 29.090991338094096, -29.715375423431368 ], [ 29.087501843770379, -29.715876261393227 ], [ 29.084501743316626, -29.715814590454027 ], [ 29.08183097839354, -29.716011047363256 ], [ 29.07919239997867, -29.716130256652807 ], [ 29.0768627166748, -29.71648674011227 ], [ 29.074045658111579, -29.716499567031796 ], [ 29.0708909034729, -29.715145230293217 ], [ 29.067283868789694, -29.714214801788309 ], [ 29.064689874649051, -29.713985204696659 ], [ 29.062167882919287, -29.713022708892801 ], [ 29.058535194396939, -29.7131544748942 ], [ 29.053926849365229, -29.713808441162094 ], [ 29.050957361857076, -29.713869730631504 ], [ 29.048197269439701, -29.713411331176754 ], [ 29.045368194580078, -29.712337493896502 ], [ 29.043459320068376, -29.71126632690433 ], [ 29.041632461547827, -29.710239028930708 ], [ 29.03930015563969, -29.710300827026327 ], [ 29.034812768300377, -29.710409641265812 ], [ 29.031785692487432, -29.709450585501585 ], [ 29.030501683552966, -29.711070378621397 ], [ 29.029024600982666, -29.713262557983345 ], [ 29.027138710021937, -29.714703559875467 ], [ 29.024694442748999, -29.715540885925208 ], [ 29.022313308715852, -29.716410827636764 ], [ 29.018225288391108, -29.71763858795169 ], [ 29.017038345336864, -29.720202207565261 ], [ 29.016740481058733, -29.722716649373361 ], [ 29.016990820566789, -29.725775400797506 ], [ 29.016208267211873, -29.728752517700197 ], [ 29.014167785644517, -29.730809211730925 ], [ 29.012363433837884, -29.732399368286156 ], [ 29.010834058125766, -29.734761873880956 ], [ 29.008665084838835, -29.735706329345724 ], [ 29.005460739135746, -29.7366895675659 ], [ 29.003046417236277, -29.737954521179223 ], [ 29.00182560511999, -29.741474458149476 ], [ 29.000912348429363, -29.744556268056211 ], [ 29.001297632853195, -29.7469997406006 ], [ 29.000093460082986, -29.748697757720933 ], [ 28.997140248616503, -29.749689102172884 ], [ 28.994896252950063, -29.749899228413913 ], [ 28.992123484611486, -29.751233339309714 ], [ 28.988971114158634, -29.753605246543891 ], [ 28.986134211222335, -29.755973180135143 ], [ 28.985351943969761, -29.758255767822273 ], [ 28.984672164916979, -29.760892486572278 ], [ 28.986540794372594, -29.762556076049741 ], [ 28.987318038940412, -29.764986991882282 ], [ 28.988692283630368, -29.768535614013626 ], [ 28.98797035217282, -29.771617889404279 ], [ 28.986623764038043, -29.773462295532195 ], [ 28.983654975891081, -29.776542663574169 ], [ 28.985033035278306, -29.780609130859382 ], [ 28.983098983764609, -29.783130645751999 ], [ 28.980424880981403, -29.784870147705057 ], [ 28.979051589965831, -29.786560058593793 ], [ 28.977339744567864, -29.78866863250731 ], [ 28.97463035583494, -29.79036331176761 ], [ 28.971809387207003, -29.791200637817351 ], [ 28.966938972473177, -29.792177200317372 ], [ 28.96549701690676, -29.794915199279771 ], [ 28.96296501159663, -29.796731948852507 ], [ 28.960592269897422, -29.798576354980511 ], [ 28.958957672119134, -29.800979614257784 ], [ 28.957965850830035, -29.803667068481477 ], [ 28.956989924112907, -29.805714925130179 ], [ 28.955461502075174, -29.807573318481474 ], [ 28.953236579894991, -29.810058593749989 ], [ 28.953023910522479, -29.812604904174812 ], [ 28.952850341796864, -29.814949035644545 ], [ 28.953474998474093, -29.818500518798775 ], [ 28.954599380493139, -29.821625709533684 ], [ 28.956889152526898, -29.823512077331561 ], [ 28.958271662394196, -29.825429598490395 ], [ 28.956785202026335, -29.82809734344476 ], [ 28.956550598144503, -29.830883026123068 ], [ 28.959168434143056, -29.834266662597631 ], [ 28.961368560791033, -29.836125373840328 ], [ 28.963410377502385, -29.838831901550279 ], [ 28.96591758728022, -29.840469360351541 ], [ 28.967864990234315, -29.84140968322755 ], [ 28.969673156738217, -29.843206405639645 ], [ 28.968021392822262, -29.845233917236303 ], [ 28.965578079223619, -29.84736061096196 ], [ 28.963183403015091, -29.849487304687528 ], [ 28.963201522827141, -29.851736068725621 ], [ 28.964546203613239, -29.853412628173871 ], [ 28.965827941894528, -29.855604171752926 ], [ 28.96700286865228, -29.857614517211918 ], [ 28.9687948226929, -29.860679626464815 ], [ 28.969200452168774, -29.864293416341138 ], [ 28.972374439239545, -29.866590976715003 ], [ 28.975060462951706, -29.868239879608161 ], [ 28.974481582641619, -29.871862411499063 ], [ 28.972234725952116, -29.875104904174844 ], [ 28.969937801361144, -29.876784006754487 ], [ 28.967539787292495, -29.875363349914497 ], [ 28.965637842814051, -29.874192555745417 ], [ 28.963308334350589, -29.873205820719374 ], [ 28.960037231445334, -29.871829509735083 ], [ 28.957370758056665, -29.870734214782747 ], [ 28.953652381896976, -29.869402885436958 ], [ 28.951040649414072, -29.867997741699238 ], [ 28.949020385742163, -29.866225814819348 ], [ 28.947066783904972, -29.864499568939241 ], [ 28.944211006164554, -29.863726139068604 ], [ 28.942096710205, -29.862362543741906 ], [ 28.940314292907686, -29.861001014709455 ], [ 28.938496112823508, -29.858825445175153 ], [ 28.936614227294942, -29.856102371215854 ], [ 28.934535503387536, -29.85432386398308 ], [ 28.931630611419678, -29.853643417358434 ], [ 28.929494380950892, -29.853828430175767 ], [ 28.926932017008443, -29.852992375691723 ], [ 28.925041675567641, -29.851360797882066 ], [ 28.922838211059542, -29.8501443862915 ], [ 28.921305020650244, -29.848759969075523 ], [ 28.919585943222014, -29.846384048461939 ], [ 28.916441917419466, -29.845222949981643 ], [ 28.913039684295704, -29.845305919647181 ], [ 28.910183191299431, -29.846596240997304 ], [ 28.908157348632745, -29.845256805419918 ], [ 28.906435012817354, -29.843645095825245 ], [ 28.903735160827647, -29.841929117838518 ], [ 28.900669860839855, -29.839693927764866 ], [ 28.898435592651349, -29.837731679280633 ], [ 28.896448135375973, -29.836563746134438 ], [ 28.893977483113552, -29.83557796478269 ], [ 28.891585350036685, -29.833664417266782 ], [ 28.889341354370067, -29.832685470581023 ], [ 28.887423706054637, -29.831527328491237 ], [ 28.885775566101056, -29.830012162526454 ], [ 28.883233388264994, -29.828483263651485 ], [ 28.879822969436674, -29.826631069183374 ], [ 28.877871831258094, -29.822956879933638 ], [ 28.876215457916231, -29.820506572723438 ], [ 28.874490737915014, -29.818664550781261 ], [ 28.872446537017836, -29.81769704818722 ], [ 28.870263814926144, -29.816117684046418 ], [ 28.867974281311003, -29.813893318176255 ], [ 28.86530113220218, -29.812181472778288 ], [ 28.862505912780744, -29.810571829477951 ], [ 28.860188802083297, -29.80799516042072 ], [ 28.858009338378942, -29.806900024414041 ], [ 28.855576038360663, -29.806035995483416 ], [ 28.852988243103027, -29.806111812591563 ], [ 28.850499471028645, -29.805432001749722 ], [ 28.847983837127632, -29.806440830230741 ], [ 28.846007029215514, -29.80572732289637 ], [ 28.843966620308969, -29.806799207414937 ], [ 28.84146202935105, -29.806731965806744 ], [ 28.838108825683605, -29.80722050666802 ], [ 28.83532301584879, -29.808517138163261 ], [ 28.832591904534176, -29.80887815687392 ], [ 28.829775537763268, -29.808787073407817 ], [ 28.8268590768179, -29.808295329411806 ], [ 28.823021252950042, -29.808210055033314 ], [ 28.820745086669874, -29.80670814514157 ], [ 28.817673789130293, -29.805628882514124 ], [ 28.814227739969866, -29.804958899815826 ], [ 28.811110496520985, -29.804076088799359 ], [ 28.809041976928661, -29.803451538085902 ], [ 28.806732892990116, -29.803182244300853 ], [ 28.804362297058027, -29.802148501078364 ], [ 28.801088905334481, -29.801279176984497 ], [ 28.797784614562993, -29.801727104187027 ], [ 28.797220230102493, -29.803915977478002 ], [ 28.796768506367986, -29.806287129720022 ], [ 28.795395533243816, -29.808342933654753 ], [ 28.792554855346641, -29.807571411132795 ], [ 28.789430618286115, -29.806295182969823 ], [ 28.785936196645089, -29.806547323862699 ], [ 28.783813476562536, -29.808430671691855 ], [ 28.782855749130242, -29.811726093292258 ], [ 28.780426597595209, -29.815282440185587 ], [ 28.78024787902833, -29.818517303466741 ], [ 28.781783461570697, -29.820171356201165 ], [ 28.784184137980183, -29.822615941365594 ], [ 28.78586006164554, -29.824592590331967 ], [ 28.787406921386726, -29.827572822570826 ], [ 28.788233439127552, -29.829881668090842 ], [ 28.788489341735811, -29.832373619079601 ], [ 28.788863499959238, -29.834846496582013 ], [ 28.790228525797467, -29.837459564209002 ], [ 28.79266500473021, -29.839243888854995 ], [ 28.795074462890579, -29.839522933959973 ], [ 28.797183036804185, -29.839434623718276 ], [ 28.799257914225262, -29.838819503784176 ], [ 28.80254554748538, -29.837697982788104 ], [ 28.805823053632484, -29.838389226368523 ], [ 28.805187225341754, -29.842016220092816 ], [ 28.803552945454957, -29.844614346822041 ], [ 28.800065517425487, -29.845532417297328 ], [ 28.796269280569863, -29.846061706543004 ], [ 28.793648910522428, -29.845708847045916 ], [ 28.790980339050275, -29.84588265419006 ], [ 28.786076681954519, -29.847411019461468 ], [ 28.780449151992848, -29.84741401672364 ], [ 28.777391433715781, -29.847107569376675 ], [ 28.774412155151396, -29.846806208292676 ], [ 28.770157496134473, -29.846782366434677 ], [ 28.767585754394553, -29.847567081451377 ], [ 28.765922164917001, -29.84938011169438 ], [ 28.765739440917958, -29.852557818094883 ], [ 28.764334106445254, -29.85484580993656 ], [ 28.76215124130248, -29.857634544372559 ], [ 28.759591102600112, -29.860646724700924 ], [ 28.757401227951028, -29.860713005065943 ], [ 28.754399435860755, -29.860698154994459 ], [ 28.752045313517204, -29.8607184092204 ], [ 28.749053955078118, -29.860950197492265 ], [ 28.745858873639762, -29.861376489911763 ], [ 28.742960294087737, -29.862745602925656 ], [ 28.741209030151381, -29.863990783691442 ], [ 28.739847183227528, -29.865596771240256 ], [ 28.738121986389164, -29.867753028869593 ], [ 28.734329700470006, -29.870624065399088 ], [ 28.731102371215854, -29.872482299804727 ], [ 28.7282211303711, -29.873909568786662 ], [ 28.725005149841309, -29.874460697174122 ], [ 28.722457885742191, -29.87652432918544 ], [ 28.721057573954244, -29.878656387329162 ], [ 28.720620791117323, -29.881051699320494 ], [ 28.718679809570279, -29.883266830444356 ], [ 28.716359032524895, -29.882581075032522 ], [ 28.716272592544566, -29.878716707229614 ], [ 28.716687774658144, -29.875671005249039 ], [ 28.715914344787596, -29.872702026367183 ], [ 28.713817977905286, -29.871274185180653 ], [ 28.711197853088354, -29.870523770650227 ], [ 28.709723336355996, -29.873238972255113 ], [ 28.706697368621835, -29.873951530456623 ], [ 28.707250754038437, -29.871846834818495 ], [ 28.706373691558817, -29.869618415832534 ], [ 28.705271879831894, -29.867770353953006 ], [ 28.704730033874458, -29.865120993720119 ], [ 28.706686701093464, -29.862700598580517 ], [ 28.706752777099553, -29.860231081644685 ], [ 28.707234791346913, -29.857848439897761 ], [ 28.709102429284016, -29.855160787370473 ], [ 28.711755405772731, -29.851862647316697 ], [ 28.713246073041642, -29.849666050502211 ], [ 28.711985588073773, -29.847281455993603 ], [ 28.71109390258788, -29.844150900840805 ], [ 28.71122296651205, -29.840968343946695 ], [ 28.713159016200528, -29.839726311819859 ], [ 28.713689009348563, -29.836628913879416 ], [ 28.714159011840778, -29.833695173263553 ], [ 28.712608705867403, -29.830119046297888 ], [ 28.712290763854952, -29.827124595642097 ], [ 28.710308551788376, -29.82516670227049 ], [ 28.7075029214223, -29.823172887166272 ], [ 28.706356811523403, -29.820255661010787 ], [ 28.704720052083331, -29.81820278167724 ], [ 28.702340761820476, -29.816478729248065 ], [ 28.700132052103665, -29.815305391947412 ], [ 28.698023955027207, -29.814990043640123 ], [ 28.696961402893017, -29.813197612762444 ], [ 28.695559342702136, -29.811060746510854 ], [ 28.693619319370821, -29.808578354971772 ], [ 28.692303657531703, -29.806363582611063 ], [ 28.689916419982907, -29.805590057373067 ], [ 28.687702560424832, -29.806984519958469 ], [ 28.685133457183841, -29.805273103713926 ], [ 28.684135913848884, -29.80308135350549 ], [ 28.681743939717585, -29.802532937791582 ], [ 28.67843425273897, -29.801068186759917 ], [ 28.675782294500451, -29.798779714675195 ], [ 28.672822271074526, -29.79860033307753 ], [ 28.670402254377091, -29.797894069126652 ], [ 28.668911361694271, -29.796009063720753 ], [ 28.666969776153572, -29.794350266456583 ], [ 28.664776166280092, -29.794223467508974 ], [ 28.662213734218, -29.79380171639583 ], [ 28.659095382690424, -29.793795585632289 ], [ 28.655877720225863, -29.792967796325765 ], [ 28.653340975443452, -29.790971650017607 ], [ 28.65127645220069, -29.789331163678835 ], [ 28.64894458225795, -29.788889748709547 ], [ 28.646934509277354, -29.787036657333378 ], [ 28.645514488220169, -29.785303354263327 ], [ 28.642848832266687, -29.784133865719721 ], [ 28.639880589076427, -29.783211435590463 ], [ 28.637775802612286, -29.782754898071296 ], [ 28.635559899466333, -29.782682418823271 ], [ 28.632975578308105, -29.782306353251165 ], [ 28.631010532379108, -29.78164259592695 ], [ 28.628300428390506, -29.780959844589262 ], [ 28.625981603349992, -29.779756001063774 ], [ 28.62404422760012, -29.778831672668439 ], [ 28.622352600097688, -29.777501821517905 ], [ 28.619495709737141, -29.776106198628739 ], [ 28.617189134870213, -29.774385043552943 ], [ 28.614585240681944, -29.773662567138693 ], [ 28.611254991803857, -29.773235866001603 ], [ 28.608503341674862, -29.772248744964603 ], [ 28.605708916981975, -29.770113070805838 ], [ 28.6026136610243, -29.768687142266149 ], [ 28.599703047010582, -29.767709732055604 ], [ 28.596916675567584, -29.766257762908911 ], [ 28.593897395663802, -29.766950501335977 ], [ 28.59226837158204, -29.769136428833033 ], [ 28.590232086181654, -29.769041824340881 ], [ 28.587438310895607, -29.76987607138495 ], [ 28.584960665021629, -29.772091729300399 ], [ 28.582331657409664, -29.773325920104977 ], [ 28.58115363121032, -29.775439739227295 ], [ 28.57942390441892, -29.777147505018476 ], [ 28.576890182495095, -29.777885437011676 ], [ 28.574395997183654, -29.779333114624041 ], [ 28.571410814921027, -29.781413396199486 ], [ 28.567399597167963, -29.783072090148877 ], [ 28.563826402028369, -29.78372383117669 ], [ 28.561155768001733, -29.783978967105607 ], [ 28.558404445648232, -29.783188343048096 ], [ 28.556351661682132, -29.782973289489757 ], [ 28.552521705627431, -29.784140586853059 ], [ 28.550771713256772, -29.785282135009773 ], [ 28.548686345418272, -29.78636105855308 ], [ 28.546120643615701, -29.787317276000969 ], [ 28.544169108072936, -29.78798802693683 ], [ 28.5418513161795, -29.789011546543588 ], [ 28.539940834045407, -29.790619850158674 ], [ 28.538030783335365, -29.792112350463885 ], [ 28.536121777125722, -29.790942737034399 ], [ 28.534401893615712, -29.789006551106723 ], [ 28.532414627075141, -29.787800216674821 ], [ 28.529515902201318, -29.787880261739087 ], [ 28.526121520996139, -29.788323688507013 ], [ 28.52321243286131, -29.789751529693632 ], [ 28.521279811859145, -29.790990829467813 ], [ 28.518999338150074, -29.793134093284547 ], [ 28.516524314880364, -29.795583248138403 ], [ 28.513367176055947, -29.796668529510551 ], [ 28.510964711507135, -29.797988891601591 ], [ 28.509093856811528, -29.800689888000488 ], [ 28.506749016898002, -29.802978788103363 ], [ 28.505118687947583, -29.805325190226274 ], [ 28.503198623657266, -29.807104349136338 ], [ 28.50097608566282, -29.80785131454471 ], [ 28.497764428456595, -29.807847817738843 ], [ 28.495039463043192, -29.806411743164031 ], [ 28.492624282836875, -29.804449081420859 ], [ 28.490012486775672, -29.803525924682607 ], [ 28.48731698989868, -29.803757286071765 ], [ 28.484080632527697, -29.805027961730946 ], [ 28.480542421340903, -29.805460929870598 ], [ 28.476176500320459, -29.804693698883057 ], [ 28.473398208618161, -29.805793762207045 ], [ 28.4714344024658, -29.807159423828168 ], [ 28.469272613525408, -29.808046340942408 ], [ 28.466686248779304, -29.808870951334644 ], [ 28.464647928873731, -29.80967203776046 ], [ 28.461407661438031, -29.810859839121463 ], [ 28.459137780325715, -29.812402180263021 ], [ 28.457014465332019, -29.813788986206081 ], [ 28.453883361816445, -29.815006637573195 ], [ 28.451037406921319, -29.816013018290178 ], [ 28.44859504699706, -29.816588719685889 ], [ 28.446629524230914, -29.817419052123984 ], [ 28.44440460205082, -29.819487571716309 ], [ 28.442197799682599, -29.821855545043952 ], [ 28.440389633178697, -29.823270797729485 ], [ 28.438081741332976, -29.823947906494098 ], [ 28.436082839965792, -29.824390411376967 ], [ 28.432847023010254, -29.824793815612761 ], [ 28.429765701293984, -29.824901580810593 ], [ 28.427278518676701, -29.824924468994119 ], [ 28.424911022186294, -29.825043201446523 ], [ 28.421799659729018, -29.825591564178456 ], [ 28.419866561889616, -29.828029632568388 ], [ 28.419035502842526, -29.830645152500757 ], [ 28.41783142089842, -29.832443237304741 ], [ 28.41582552591959, -29.83392715454103 ], [ 28.413953781127898, -29.836012840271021 ], [ 28.412773927052836, -29.838715871175104 ], [ 28.411314773559514, -29.842019271850596 ], [ 28.409097671508764, -29.843233108520529 ], [ 28.406517028808608, -29.843008041381825 ], [ 28.404479344685839, -29.84258842468266 ], [ 28.402223110198953, -29.842039108276342 ], [ 28.400000190734897, -29.843136787414505 ], [ 28.399531793594356, -29.846021032333315 ], [ 28.399503946304282, -29.849108457565322 ], [ 28.399542490641249, -29.852504306369344 ], [ 28.39694643020627, -29.852194309234626 ], [ 28.394882202148452, -29.850982189178389 ], [ 28.392134348551433, -29.850099563598654 ], [ 28.390134811401357, -29.849646568298361 ], [ 28.387315750122099, -29.849231719970671 ], [ 28.384343306223524, -29.850853284199964 ], [ 28.382990837097143, -29.853608608245864 ], [ 28.381575993129204, -29.856366838727745 ], [ 28.380133946736596, -29.858769098917627 ], [ 28.378763707478893, -29.861237907409667 ], [ 28.377083301544225, -29.863489389419563 ], [ 28.373594284057656, -29.863662174769768 ], [ 28.370854377746578, -29.86398633321128 ], [ 28.367954889933266, -29.86437924702965 ], [ 28.365004221598266, -29.864835103352828 ], [ 28.361350250244065, -29.865566253662102 ], [ 28.359515508015964, -29.867139816284173 ], [ 28.358423423767064, -29.869977760314971 ], [ 28.35707823435467, -29.871965726216555 ], [ 28.354222978864406, -29.873107365199548 ], [ 28.35128021240234, -29.874246597289989 ], [ 28.348681290944388, -29.875698725382517 ], [ 28.345050334930399, -29.875893712043734 ], [ 28.341969490051277, -29.875712585449211 ], [ 28.338606357574413, -29.876711845397953 ], [ 28.336006641387911, -29.8772468566894 ], [ 28.333402633666992, -29.877504893711638 ], [ 28.330938339233413, -29.878168106079151 ], [ 28.328528642654426, -29.879158735275247 ], [ 28.325468063354474, -29.879047775268553 ], [ 28.322631676991804, -29.87926483154293 ], [ 28.320056597391762, -29.880602836608873 ], [ 28.317763646443716, -29.881888071696029 ], [ 28.315288543701133, -29.8826084136963 ], [ 28.312146663665793, -29.882790088653511 ], [ 28.308392524719238, -29.882712364196774 ], [ 28.305107661655992, -29.882876259939973 ], [ 28.301732381184873, -29.883899052937824 ], [ 28.299819310506201, -29.884981791178401 ], [ 28.297048568725568, -29.885396957397404 ], [ 28.292971801757826, -29.885731887817425 ], [ 28.289726829528771, -29.887513542175249 ], [ 28.286616643269923, -29.888705889383949 ], [ 28.283116976420096, -29.888066609700537 ], [ 28.278947353363048, -29.886646429697695 ], [ 28.275075912475533, -29.884671847025569 ], [ 28.272225379943826, -29.883724212646513 ], [ 28.269072055816679, -29.88294982910158 ], [ 28.265603746686651, -29.881725856236031 ], [ 28.267733812332118, -29.880747079849247 ], [ 28.270029544830354, -29.87996435165401 ], [ 28.271725654602008, -29.878162384033203 ], [ 28.273212432861271, -29.875785827636726 ], [ 28.274093627929652, -29.87302160263059 ], [ 28.273458798726402, -29.870480219523078 ], [ 28.27097606658937, -29.869547367095951 ], [ 28.267987442016572, -29.8701496124268 ], [ 28.265645980834918, -29.870090484619173 ], [ 28.264147077287948, -29.868380410330687 ], [ 28.261575153895823, -29.867721285138838 ], [ 28.259244918823189, -29.866520881652804 ], [ 28.257151285807257, -29.866415023803739 ], [ 28.254501914978047, -29.864525413513189 ], [ 28.250006612141942, -29.863078180948911 ], [ 28.246140128687735, -29.862489901090928 ], [ 28.245883703231843, -29.860037326812684 ], [ 28.24826011657715, -29.859451675414995 ], [ 28.250423940022817, -29.858035469055167 ], [ 28.248797297477623, -29.855777621269276 ], [ 28.244737307230604, -29.856780370076464 ], [ 28.242360115051234, -29.858334541320787 ], [ 28.240234647478356, -29.85807691301623 ], [ 28.239653587341284, -29.855401992797837 ], [ 28.239156341552739, -29.853199386596675 ], [ 28.238278865814181, -29.850012302398699 ], [ 28.23733329772946, -29.84680493672689 ], [ 28.234946060180665, -29.844813156127948 ], [ 28.232116222381553, -29.845653533935558 ], [ 28.231420516967741, -29.848033905029304 ], [ 28.231925964355508, -29.850386619567871 ], [ 28.232539176940929, -29.852361679077145 ], [ 28.233499765396108, -29.854367017745954 ], [ 28.234129315330868, -29.857572669074695 ], [ 28.231027603149371, -29.858273188273166 ], [ 28.228442509969053, -29.857631047566692 ], [ 28.226216888427679, -29.857278060913096 ], [ 28.224707365035972, -29.85567879676816 ], [ 28.225444157918233, -29.853498458862294 ], [ 28.227198219299353, -29.850563430786071 ], [ 28.22546248002482, -29.847592353820819 ], [ 28.227268218994105, -29.84360027313231 ], [ 28.229083061218251, -29.839929103851293 ], [ 28.231591383616127, -29.83803240458165 ], [ 28.233439763386968, -29.83466116587319 ], [ 28.233607292175321, -29.831968561808232 ], [ 28.233326276143366, -29.828785578409779 ], [ 28.229927698771128, -29.828607400258345 ], [ 28.226221561431885, -29.830468654632526 ], [ 28.223462700843815, -29.829051017761167 ], [ 28.225396792093903, -29.826715787251757 ], [ 28.227518463134714, -29.826724624633783 ], [ 28.229591642107298, -29.825648171561149 ], [ 28.229016017913832, -29.822396564483601 ], [ 28.228460693359402, -29.818943405151344 ], [ 28.227428436279233, -29.816824913024909 ], [ 28.22596359252929, -29.814637819925927 ], [ 28.225210189819293, -29.812417030334416 ], [ 28.226445515950548, -29.809522787729904 ], [ 28.227931976318409, -29.806634902954055 ], [ 28.227367719014506, -29.804493586222303 ], [ 28.226015090942379, -29.80249087015785 ], [ 28.224436759948745, -29.800414085388184 ], [ 28.222400665283164, -29.798275311787915 ], [ 28.220323562622095, -29.796037673950227 ], [ 28.218678792317696, -29.79370276133222 ], [ 28.216029485066695, -29.79271062215172 ], [ 28.213943481445302, -29.792522048950222 ], [ 28.210190963745173, -29.791413402557311 ], [ 28.20878601074217, -29.788503170013382 ], [ 28.209815184275321, -29.786053657531731 ], [ 28.212460517883308, -29.784106731414784 ], [ 28.214664816856349, -29.782912135124185 ], [ 28.215702056884705, -29.779817962646483 ], [ 28.216023111343368, -29.775967550277628 ], [ 28.216382503509529, -29.773125648498567 ], [ 28.215849876403819, -29.770826816558827 ], [ 28.2147725423177, -29.767940203348854 ], [ 28.213229815165185, -29.766211827596024 ], [ 28.211202239990229, -29.766577148437513 ], [ 28.20995187759403, -29.768206596374537 ], [ 28.208151136125736, -29.769795281546486 ], [ 28.205629348754812, -29.769260597228953 ], [ 28.2052666800362, -29.765111923217781 ], [ 28.204360485076862, -29.762287616729722 ], [ 28.203997611999498, -29.760092735290545 ], [ 28.20278167724608, -29.757450660069807 ], [ 28.199768066406182, -29.756410598754869 ], [ 28.196228027343761, -29.75641695658371 ], [ 28.194423993428529, -29.755047798156721 ], [ 28.194983164469377, -29.752153396606463 ], [ 28.197858333587632, -29.751080513000506 ], [ 28.200468063354499, -29.75069046020511 ], [ 28.203378677368129, -29.750455856323189 ], [ 28.20628579457598, -29.750202178955099 ], [ 28.208429336547812, -29.749325752258283 ], [ 28.210299563407858, -29.747205591201787 ], [ 28.209311167399086, -29.743931770324728 ], [ 28.208423137664717, -29.741830825805661 ], [ 28.206946770350093, -29.738658666610696 ], [ 28.203217315673811, -29.738618469238332 ], [ 28.200225830078129, -29.738368511199976 ], [ 28.197065035502099, -29.737266222635906 ], [ 28.194149017334013, -29.736402273178065 ], [ 28.191580454508468, -29.736968358357775 ], [ 28.189518928527789, -29.73821353912356 ], [ 28.186614195505765, -29.738908886909488 ], [ 28.183795928955057, -29.73726908365888 ], [ 28.184133911132768, -29.734839248657231 ], [ 28.185379409790045, -29.731867218017506 ], [ 28.182249069213871, -29.729004859924292 ], [ 28.179263114929242, -29.726696491241423 ], [ 28.177804523044191, -29.724103715684681 ], [ 28.180160999298053, -29.722437858581575 ], [ 28.183182716369636, -29.721503734588573 ], [ 28.185321807861307, -29.720010757446214 ], [ 28.185397529602007, -29.717302640279076 ], [ 28.18333435058593, -29.714020490646288 ], [ 28.183333260672349, -29.710652487618617 ], [ 28.186179478963179, -29.708374659220361 ], [ 28.188396930694569, -29.707090854644736 ], [ 28.191278934478724, -29.704377174377484 ], [ 28.19086990356443, -29.702117156982389 ], [ 28.187550354003864, -29.702021121978706 ], [ 28.184707959492993, -29.703688303629573 ], [ 28.181563377380424, -29.704384803772022 ], [ 28.179569482803334, -29.702061176300077 ], [ 28.180725574493358, -29.699005603790308 ], [ 28.180993795394937, -29.69627857208248 ], [ 28.179243723551405, -29.692789713541657 ], [ 28.177963018417373, -29.689338445663417 ], [ 28.17712148030591, -29.686959584554074 ], [ 28.175723075866731, -29.684473991393979 ], [ 28.175148391723614, -29.68187751770024 ], [ 28.177207708358786, -29.679737329483014 ], [ 28.181249618530234, -29.678345680236774 ], [ 28.185021400451692, -29.676764488220165 ], [ 28.186900456746343, -29.675697326660156 ], [ 28.189976692199735, -29.674080371856682 ], [ 28.191297054290775, -29.672005176544204 ], [ 28.190462112426772, -29.670042355855287 ], [ 28.188078880310051, -29.669649124145515 ], [ 28.186086177825874, -29.670452594757069 ], [ 28.183446884155238, -29.672224044799812 ], [ 28.181055704752577, -29.672928492228202 ], [ 28.178961435953752, -29.672960281372053 ], [ 28.176121711730961, -29.672082424163793 ], [ 28.173646926879869, -29.671368122100784 ], [ 28.169054985046337, -29.670819918314596 ], [ 28.165711402893056, -29.671291351318342 ], [ 28.163661638895586, -29.671627998352058 ], [ 28.161673069000258, -29.670499801635742 ], [ 28.161843427022259, -29.668169911702492 ], [ 28.164438724517836, -29.667513847351024 ], [ 28.166542053222642, -29.668228149414123 ], [ 28.168911933898876, -29.668526172637911 ], [ 28.171249389648455, -29.666948795318572 ], [ 28.17307567596432, -29.664450645446806 ], [ 28.175420379638648, -29.661927795410193 ], [ 28.178499603271522, -29.662631273269625 ], [ 28.180113792419469, -29.666586399078355 ], [ 28.181630611419649, -29.668109893798867 ], [ 28.18362922668458, -29.668664169311555 ], [ 28.186245918273944, -29.66615200042726 ], [ 28.187200546264645, -29.664107513427741 ], [ 28.186515426635705, -29.661451721191391 ], [ 28.184616724650024, -29.659739176432321 ], [ 28.1823717753092, -29.65808995564776 ], [ 28.177882575988743, -29.65446434020993 ], [ 28.174784851074207, -29.651543807983384 ], [ 28.172593797956157, -29.649184635707272 ], [ 28.169929504394563, -29.649424552917459 ], [ 28.167841366359191, -29.651209013802649 ], [ 28.165197134017927, -29.653309027353881 ], [ 28.162347793579134, -29.652023315429666 ], [ 28.163153648376426, -29.649626731872548 ], [ 28.164647102355932, -29.647794246673588 ], [ 28.166364288330058, -29.645043563842833 ], [ 28.167365392049092, -29.642273585001689 ], [ 28.167818069457983, -29.638847351074183 ], [ 28.167490482330336, -29.635777711868251 ], [ 28.166140079498291, -29.633040904998765 ], [ 28.165311813354442, -29.630474090576154 ], [ 28.166562557220431, -29.628359794616689 ], [ 28.169574260711649, -29.626940727233887 ], [ 28.172818501790363, -29.624519030253072 ], [ 28.172203063964862, -29.622510528564462 ], [ 28.170447349548343, -29.621322631835923 ], [ 28.167147318522122, -29.620438575744657 ], [ 28.164522171020522, -29.620859146118207 ], [ 28.162059307098385, -29.621095657348629 ], [ 28.158565839131654, -29.619863192240349 ], [ 28.156866709391281, -29.617584228515682 ], [ 28.156231307983436, -29.615246963500997 ], [ 28.155602296193493, -29.611777782440175 ], [ 28.157241344451855, -29.608271757761596 ], [ 28.159640630086201, -29.606250127156542 ], [ 28.161926746368348, -29.605244159698497 ], [ 28.164367357889763, -29.60405317942303 ], [ 28.166140874226841, -29.60263442993163 ], [ 28.166979217529263, -29.600174713134809 ], [ 28.16542921066285, -29.598696231842037 ], [ 28.162263488769511, -29.599713516235383 ], [ 28.159958362579317, -29.599645614624027 ], [ 28.157798767089858, -29.597419261932313 ], [ 28.156365394592274, -29.593976974487269 ], [ 28.15438127517702, -29.591358661651569 ], [ 28.154496033986408, -29.588614066441888 ], [ 28.157215118408207, -29.589800834655723 ], [ 28.159681558608995, -29.591787576675422 ], [ 28.163241624832235, -29.591817140579192 ], [ 28.162896156311067, -29.589349746704109 ], [ 28.160422007242779, -29.587762196858748 ], [ 28.159071445465077, -29.585637092590279 ], [ 28.158280372619625, -29.583281517028826 ], [ 28.158238274710467, -29.580350875854556 ], [ 28.161175409952776, -29.578053474426259 ], [ 28.164320389429708, -29.576972643534361 ], [ 28.167476654052702, -29.574548721313466 ], [ 28.167920970916715, -29.570968341827331 ], [ 28.165302276611314, -29.568285751342739 ], [ 28.162461916605629, -29.566228071848567 ], [ 28.15987459818523, -29.561722914377842 ], [ 28.157295227050771, -29.56005821228025 ], [ 28.154734611511255, -29.559092521667441 ], [ 28.152446746826175, -29.558591206868524 ], [ 28.149268150329586, -29.557671546936049 ], [ 28.147937011718692, -29.555340957641608 ], [ 28.14898300170896, -29.552741050720211 ], [ 28.150734186172532, -29.551089525222785 ], [ 28.153687795003201, -29.548738479614279 ], [ 28.156988334655807, -29.544958257675159 ], [ 28.158000866572074, -29.539663473765088 ], [ 28.156555175781261, -29.536832809448278 ], [ 28.154645919799769, -29.535222053527811 ], [ 28.150889158248948, -29.534326791763267 ], [ 28.148433685302731, -29.533501307169608 ], [ 28.146234512329137, -29.531795501708991 ], [ 28.144307136535684, -29.528701782226531 ], [ 28.143503189086893, -29.526720046997102 ], [ 28.143373107910129, -29.52348442077637 ], [ 28.143714269002217, -29.52136802673342 ], [ 28.145661671956312, -29.520081837971968 ], [ 28.148251295089754, -29.519409894943195 ], [ 28.151570796966507, -29.518773555755629 ], [ 28.153549957275391, -29.517407608032254 ], [ 28.154016494750977, -29.515304183960001 ], [ 28.151474952697807, -29.513423760732028 ], [ 28.148131847381585, -29.51298046112052 ], [ 28.14431489308673, -29.51335519154863 ], [ 28.141421318054171, -29.514073371887207 ], [ 28.139161427815761, -29.514835993448841 ], [ 28.136117662702297, -29.516737529209692 ], [ 28.131626764933259, -29.518198649088557 ], [ 28.128302892049128, -29.518020629882781 ], [ 28.126609325408868, -29.516500949859626 ], [ 28.12772019704186, -29.513709068298311 ], [ 28.130369186401371, -29.510848999023388 ], [ 28.132034301757812, -29.508708953857422 ], [ 28.133153915405295, -29.507007598876967 ], [ 28.134437561035174, -29.505352020263654 ], [ 28.135520553588854, -29.502936553955085 ], [ 28.13448810577388, -29.499769210815408 ], [ 28.133168220519988, -29.497557640075712 ], [ 28.132001876831069, -29.495269775390632 ], [ 28.130431175231973, -29.493564605712908 ], [ 28.12826156616206, -29.492609024047823 ], [ 28.125876903533985, -29.49345779418946 ], [ 28.126256306966123, -29.495756149291964 ], [ 28.127508163452152, -29.497973283131863 ], [ 28.124716758728074, -29.498381614685055 ], [ 28.122032165527354, -29.498291015624979 ], [ 28.118763923644984, -29.499115943908706 ], [ 28.116489410400391, -29.499803543090831 ], [ 28.112851619720502, -29.499159336090109 ], [ 28.111265500386583, -29.496109326680454 ], [ 28.113079071044943, -29.493420600891152 ], [ 28.115752220153766, -29.49176311492916 ], [ 28.11554463704422, -29.489331245422324 ], [ 28.112884521484393, -29.488119761149068 ], [ 28.109773635864265, -29.488434791564867 ], [ 28.107530593872031, -29.488599777221648 ], [ 28.104269027709993, -29.488090515136701 ], [ 28.101052284240712, -29.487312316894499 ], [ 28.09793472290043, -29.485621929168616 ], [ 28.097024917602575, -29.481918017069454 ], [ 28.100208282470728, -29.480471134185727 ], [ 28.103924751281738, -29.481060028076179 ], [ 28.106767654418906, -29.481118202209512 ], [ 28.109668731689407, -29.480985641479474 ], [ 28.112047195434563, -29.481328964233434 ], [ 28.11408233642576, -29.482227325439482 ], [ 28.116489410400391, -29.482466697692878 ], [ 28.118898391723611, -29.481178283691435 ], [ 28.119981765747081, -29.479425430297891 ], [ 28.12067794799804, -29.477439880371104 ], [ 28.120549837748165, -29.474181175231951 ], [ 28.118404388427741, -29.472234725952152 ], [ 28.115956624348936, -29.471635818481513 ], [ 28.112668037414522, -29.472503185272171 ], [ 28.109832763671893, -29.473611831665082 ], [ 28.107769012451222, -29.474193572998054 ], [ 28.104957580566413, -29.474628448486296 ], [ 28.102893829345653, -29.474569320678757 ], [ 28.100335121154728, -29.474762916564924 ], [ 28.096887588500973, -29.47287034988404 ], [ 28.095563888549812, -29.470199584960955 ], [ 28.096575736999551, -29.46811103820799 ], [ 28.098644256591786, -29.466909408569354 ], [ 28.101028124491311, -29.466689745585107 ], [ 28.104119300842289, -29.467478752136223 ], [ 28.107155799865712, -29.467403411865224 ], [ 28.109968185424815, -29.465924263000499 ], [ 28.111788749694821, -29.463843345642072 ], [ 28.112920761108406, -29.461302757263198 ], [ 28.112206776936798, -29.459180196126301 ], [ 28.109129905700691, -29.457740783691367 ], [ 28.106348037719741, -29.457859992980918 ], [ 28.10367107391356, -29.458816528320298 ], [ 28.100111007690408, -29.459160804748553 ], [ 28.096370697021488, -29.458577156066902 ], [ 28.094518661499034, -29.456096267700161 ], [ 28.095779418945298, -29.45339775085445 ], [ 28.095497767130539, -29.450285593668625 ], [ 28.093424002329503, -29.447792689005482 ], [ 28.093782424926705, -29.444753646850664 ], [ 28.096475601196257, -29.441907405853197 ], [ 28.09690284729005, -29.437998294830226 ], [ 28.097269058227536, -29.435138702392628 ], [ 28.099085807800272, -29.432586987813348 ], [ 28.103528499603247, -29.431645393371554 ], [ 28.106348991394036, -29.429064750671397 ], [ 28.108340263366681, -29.426606178283677 ], [ 28.10714149475093, -29.4234123229981 ], [ 28.105535825093607, -29.42108853658041 ], [ 28.107998530069999, -29.420439402262378 ], [ 28.111075401306195, -29.420568466186459 ], [ 28.112957000732418, -29.419086456298849 ], [ 28.111359596252438, -29.416620254516591 ], [ 28.109549522399945, -29.414838790893572 ], [ 28.107469558715813, -29.412969589233452 ], [ 28.106215715408322, -29.410486459731967 ], [ 28.107845942179321, -29.408819834391299 ], [ 28.110342979431135, -29.409812927246094 ], [ 28.113308747609466, -29.40885957082109 ], [ 28.113212585449187, -29.404796600341832 ], [ 28.11386426289879, -29.40156364440918 ], [ 28.11627292633052, -29.402331352233869 ], [ 28.118314743042049, -29.404938697814909 ], [ 28.120841979980437, -29.405879974365213 ], [ 28.123393058776912, -29.405117034912088 ], [ 28.125570297241186, -29.402648925781239 ], [ 28.128381729125994, -29.400742053985574 ], [ 28.131754302978539, -29.400401687622036 ], [ 28.131313323974648, -29.403470516204845 ], [ 28.130554676055851, -29.40697860717767 ], [ 28.131927490234364, -29.409306526184032 ], [ 28.133796691894485, -29.408483505249073 ], [ 28.136872291564895, -29.405982971191392 ], [ 28.13975763320926, -29.405782699584982 ], [ 28.14287567138669, -29.406417846679723 ], [ 28.145319366455034, -29.405186080932634 ], [ 28.145642280578564, -29.402439117431612 ], [ 28.143936157226545, -29.400207519531186 ], [ 28.142512003580688, -29.398262023925771 ], [ 28.145454883575493, -29.39706325531002 ], [ 28.148210525512706, -29.398397445678693 ], [ 28.151327133178693, -29.398534774780206 ], [ 28.154558181762667, -29.398071289062489 ], [ 28.157863616943345, -29.397338867187518 ], [ 28.159435272216825, -29.395139694213835 ], [ 28.157969474792498, -29.393389701843265 ], [ 28.156772613525337, -29.391729354858388 ], [ 28.155614852905252, -29.389730453491204 ], [ 28.154676437377923, -29.387851715087866 ], [ 28.155789693196564, -29.385724703470895 ], [ 28.158396720886202, -29.386783599853562 ], [ 28.160676956176744, -29.387911796569789 ], [ 28.16367244720459, -29.389139175415014 ], [ 28.166203975677483, -29.388576030731151 ], [ 28.166282653808604, -29.385927200317386 ], [ 28.164559125900301, -29.383761405944743 ], [ 28.165267944335891, -29.380392074584961 ], [ 28.167867660522393, -29.37872314453125 ], [ 28.170007228851301, -29.376121520996069 ], [ 28.17090288798012, -29.373690923055019 ], [ 28.172322273254412, -29.371675491332972 ], [ 28.175484561920182, -29.370772266387913 ], [ 28.177865505218524, -29.372008323669419 ], [ 28.176864624023445, -29.374416351318345 ], [ 28.17826271057131, -29.376242160797062 ], [ 28.181210517883336, -29.376399040222157 ], [ 28.183997154235851, -29.377175013224278 ], [ 28.185923894246411, -29.376436233520554 ], [ 28.185758590698228, -29.37428140640257 ], [ 28.183615684509288, -29.372804641723583 ], [ 28.181686401367156, -29.370762825012232 ], [ 28.181128501892093, -29.368367195129409 ], [ 28.180800914764358, -29.36598730087281 ], [ 28.182169914245602, -29.364172458648664 ], [ 28.184377670288029, -29.365571975708061 ], [ 28.186351776123008, -29.366838455200185 ], [ 28.188985824584933, -29.368025779724128 ], [ 28.192851702372245, -29.369301160176576 ], [ 28.194418907165563, -29.366573333740199 ], [ 28.195112864176441, -29.364264806111674 ], [ 28.194330374399822, -29.361533006032282 ], [ 28.191109657287615, -29.36213302612305 ], [ 28.188916524251283, -29.362167358398473 ], [ 28.186500930786117, -29.361818313598654 ], [ 28.184352874755913, -29.359969615936233 ], [ 28.183821360270155, -29.357543945312493 ], [ 28.185961882273357, -29.355950355529782 ], [ 28.188418388366653, -29.357601801554335 ], [ 28.190091451009124, -29.360033671061171 ], [ 28.19229698181147, -29.358682632446321 ], [ 28.193582534790028, -29.356021881103512 ], [ 28.195844650268519, -29.354413350423215 ], [ 28.198827266693115, -29.354195594787559 ], [ 28.201805114746058, -29.353097915649396 ], [ 28.204092979431138, -29.351168632507353 ], [ 28.205696741739871, -29.348192532857254 ], [ 28.20284032821656, -29.345701376597045 ], [ 28.200836181640575, -29.343166351318374 ], [ 28.202458620071468, -29.341088294982921 ], [ 28.204993247985865, -29.341401100158638 ], [ 28.207175254821792, -29.342329025268544 ], [ 28.209662437438986, -29.340479135513299 ], [ 28.207842826843276, -29.33841133117674 ], [ 28.205191135406448, -29.339186668395968 ], [ 28.205138150383412, -29.33695624856394 ], [ 28.207018852233844, -29.334246635437001 ], [ 28.207750320434521, -29.331251144409155 ], [ 28.208009084065665, -29.327358881632538 ], [ 28.212386449178005, -29.326237519582122 ], [ 28.21503829956049, -29.327320098876953 ], [ 28.21691131591788, -29.328149795532244 ], [ 28.219232877095489, -29.328564325968443 ], [ 28.220499992370506, -29.326595067977902 ], [ 28.2175886631012, -29.325204133987427 ], [ 28.216964721679648, -29.323028564453125 ], [ 28.217970848083439, -29.32120227813726 ], [ 28.219523429870573, -29.319108963012731 ], [ 28.222113609313947, -29.318853378295874 ], [ 28.224731445312411, -29.318674087524489 ], [ 28.22670555114739, -29.318044662475607 ], [ 28.227237701415952, -29.316040039062564 ], [ 28.225406169891375, -29.313373088836659 ], [ 28.225195884704601, -29.310565948486357 ], [ 28.225577545165969, -29.307600402832069 ], [ 28.227603912353437, -29.307992935180739 ], [ 28.229578018188416, -29.309280395507887 ], [ 28.232345581054673, -29.309653282165527 ], [ 28.235426902770943, -29.310176849365256 ], [ 28.237879753112804, -29.309101104736325 ], [ 28.237210273742729, -29.306036949157722 ], [ 28.234958648681573, -29.303162256876703 ], [ 28.236544291178344, -29.301556269327889 ], [ 28.237378120422306, -29.298641204834009 ], [ 28.238523006439141, -29.295959949493412 ], [ 28.240662574768049, -29.294141769409233 ], [ 28.243041515350264, -29.295264244079601 ], [ 28.245269775390568, -29.297224044799798 ], [ 28.247976303100518, -29.298151016235408 ], [ 28.250465393066392, -29.297224044799798 ], [ 28.251051266988124, -29.294384638468408 ], [ 28.248608907063776, -29.292893727620473 ], [ 28.251417160034119, -29.292078018188562 ], [ 28.254072189331069, -29.290817737579356 ], [ 28.254901409149124, -29.28737560907997 ], [ 28.25772966657356, -29.288341522216822 ], [ 28.259578069051038, -29.285875320434563 ], [ 28.26226329803465, -29.286363601684574 ], [ 28.265123367309485, -29.286237716674869 ], [ 28.267918109893774, -29.284048080444315 ], [ 28.270251750945995, -29.284946441650451 ], [ 28.271745204925502, -29.282094478607213 ], [ 28.275112152099545, -29.281502723693876 ], [ 28.276965618133442, -29.280463695526194 ], [ 28.27533340454098, -29.27817487716673 ], [ 28.274474143981919, -29.275786399841298 ], [ 28.277050304412764, -29.274159049987759 ], [ 28.279294967651335, -29.271952152252268 ], [ 28.277502332414816, -29.270021983555395 ], [ 28.28007078170771, -29.268496036529502 ], [ 28.282667160034091, -29.266469955444375 ], [ 28.284287643432581, -29.264023971557652 ], [ 28.286753972371347, -29.263906160990395 ], [ 28.28808021545408, -29.266559600830156 ], [ 28.289997100830021, -29.267307281494205 ], [ 28.289836120605404, -29.264650726318365 ], [ 28.291984558105398, -29.262760162353519 ], [ 28.293818791707292, -29.260654449462976 ], [ 28.291276931762631, -29.259987513224296 ], [ 28.287802696227992, -29.259908676147518 ], [ 28.287368774414045, -29.257675170898501 ], [ 28.289038658142051, -29.255370140075666 ], [ 28.290522575378429, -29.252029418945359 ], [ 28.288619041442796, -29.25076961517339 ], [ 28.286479949951126, -29.250585556030352 ], [ 28.285058430262943, -29.249078750610359 ], [ 28.28762976328527, -29.248004118601468 ], [ 28.286273574829067, -29.244682502746656 ], [ 28.284919738769453, -29.242236137390144 ], [ 28.283812204996671, -29.240351994832437 ], [ 28.284227848052911, -29.237677097320592 ], [ 28.283374150594053, -29.235226313273156 ], [ 28.282209396362234, -29.232914765675911 ], [ 28.279975255330324, -29.234472910563159 ], [ 28.278160095214776, -29.233259836832715 ], [ 28.274332046508754, -29.232762336730978 ], [ 28.27305157979325, -29.231001536051494 ], [ 28.273711204528794, -29.228824615478533 ], [ 28.276306152343732, -29.229138851165782 ], [ 28.276425361633283, -29.226592779159578 ], [ 28.274870300292875, -29.225257110595738 ], [ 28.277508926391558, -29.224084472656276 ], [ 28.277376127242992, -29.221207809448281 ], [ 28.273420397440518, -29.221277300516736 ], [ 28.269038677215551, -29.219922065734828 ], [ 28.268077850341754, -29.216770172119123 ], [ 28.268209934234555, -29.213262557983356 ], [ 28.264114856719868, -29.212553501129147 ], [ 28.264694690704339, -29.209524154663114 ], [ 28.260908524195315, -29.209301471710237 ], [ 28.262769063313819, -29.206846237182639 ], [ 28.264587783813443, -29.204713058471722 ], [ 28.262239456176651, -29.204969406127979 ], [ 28.259702523549389, -29.204806009928387 ], [ 28.260384082794165, -29.201411724090566 ], [ 28.258897145589156, -29.19947115580246 ], [ 28.256104469299292, -29.199532985687316 ], [ 28.255386352539013, -29.19748687744146 ], [ 28.252732753753595, -29.194498443603557 ], [ 28.249828338622972, -29.194528198242221 ], [ 28.24669679005931, -29.192309061686196 ], [ 28.243324279785064, -29.19107294082648 ], [ 28.243098449706959, -29.188752365112315 ], [ 28.241669791085332, -29.186169488089387 ], [ 28.241064262390058, -29.183597564697262 ], [ 28.238765335082959, -29.180030155181914 ], [ 28.236721038818335, -29.177333831787134 ], [ 28.235002040862977, -29.175281524658182 ], [ 28.232851982116646, -29.171277999877955 ], [ 28.232838630676248, -29.167779445648257 ], [ 28.232001781463566, -29.16533327102664 ], [ 28.233634948730412, -29.1641136169434 ], [ 28.23608827590942, -29.161958932876587 ], [ 28.239040136337245, -29.159093141555804 ], [ 28.241287231445277, -29.156837463378938 ], [ 28.242158155518315, -29.154576816279643 ], [ 28.244510649314968, -29.151717506379416 ], [ 28.245554610581646, -29.149812062482528 ], [ 28.249271325758873, -29.148713874295296 ], [ 28.252247235951366, -29.147109989026522 ], [ 28.254972932905019, -29.145689010146359 ], [ 28.257938383217084, -29.145389554610791 ], [ 28.260807034165513, -29.14457607060379 ], [ 28.262748715621044, -29.143727305706047 ], [ 28.265541078918254, -29.141865570652371 ], [ 28.268114090533846, -29.139554341757879 ], [ 28.267729763043835, -29.136235234881248 ], [ 28.266101838095214, -29.134134297939941 ], [ 28.264740939530352, -29.131992340005986 ], [ 28.264290809535385, -29.129809380741168 ], [ 28.26493310995739, -29.127798080588875 ], [ 28.266847609851652, -29.126108645368266 ], [ 28.268875114986635, -29.125799178729995 ], [ 28.271483737961688, -29.125422795731538 ], [ 28.274077415423381, -29.124294599892476 ], [ 28.276063918176252, -29.123343660014257 ], [ 28.277789727591539, -29.120835882874619 ], [ 28.279995279368041, -29.118745485084819 ], [ 28.282666207459449, -29.119116782572508 ] ] ] } },
{ "type": "Feature", "properties": { "adm1_name": "Berea", "div_name": "District", "adm0_name": "Lesotho", "adm1_code": 5 }, "geometry": { "type": "Polygon", "coordinates": [ [ [ 27.988971328133804, -28.948380851827938 ], [ 27.990503550750677, -28.949845791575225 ], [ 27.991154322901956, -28.952272675763414 ], [ 27.992025055379099, -28.954276721379625 ], [ 27.993152615836191, -28.95602400947206 ], [ 27.994443485018849, -28.957863943565854 ], [ 27.997477327465003, -28.957660810312348 ], [ 27.999797820017246, -28.958733693605666 ], [ 28.001535414950073, -28.96010044751225 ], [ 28.004554709318018, -28.960651120877202 ], [ 28.008051701929148, -28.95999622551393 ], [ 28.009565670980695, -28.958323796280784 ], [ 28.010525705771116, -28.95604371874796 ], [ 28.012897729720642, -28.956329585753227 ], [ 28.015071866794838, -28.958146811495645 ], [ 28.017660712026093, -28.959781263386187 ], [ 28.020476657853276, -28.96164216042807 ], [ 28.022524423949967, -28.962588719276795 ], [ 28.024579998277432, -28.963370134472189 ], [ 28.027561544824863, -28.963372825779278 ], [ 28.030545371573034, -28.964155060672581 ], [ 28.032188001031976, -28.966742880970454 ], [ 28.031362164176365, -28.969994270541456 ], [ 28.03176371176399, -28.973347452386889 ], [ 28.032547420402775, -28.976451660103809 ], [ 28.033191554139169, -28.979456012423444 ], [ 28.034567754351002, -28.982978899456469 ], [ 28.036771298736895, -28.985323668207275 ], [ 28.038395472368659, -28.987215590430871 ], [ 28.040286475311603, -28.988151550812869 ], [ 28.042234418790301, -28.987156842324136 ], [ 28.044781526695072, -28.986892381471186 ], [ 28.048155785512229, -28.987025619311769 ], [ 28.050094127834257, -28.989198367875591 ], [ 28.052054165482797, -28.992331503181546 ], [ 28.055515925634488, -28.99437946786685 ], [ 28.059371847614777, -28.994878569405259 ], [ 28.062566409078137, -28.996673668563201 ], [ 28.063598633770525, -28.999866484968418 ], [ 28.065187452851802, -29.001886366988728 ], [ 28.067199467833891, -29.003314494077227 ], [ 28.069051426719781, -29.005825362020477 ], [ 28.071787829988558, -29.007514003661928 ], [ 28.074572562449362, -29.008888245065801 ], [ 28.077015559593942, -29.010068890250619 ], [ 28.079756330052529, -29.0114138442094 ], [ 28.08183765079637, -29.013616559844092 ], [ 28.081520713458485, -29.016395888145908 ], [ 28.080290478750779, -29.01923751596145 ], [ 28.079371644677952, -29.021549223054489 ], [ 28.078501382887232, -29.024451255773155 ], [ 28.079999922517306, -29.026836398274082 ], [ 28.081135273659296, -29.028702734283819 ], [ 28.081387834177839, -29.031296411633956 ], [ 28.081359863925059, -29.03338050971216 ], [ 28.082786799907499, -29.036278488693391 ], [ 28.085106370826129, -29.037852762637929 ], [ 28.087239266579122, -29.038472649373382 ], [ 28.090274300276196, -29.039485040716407 ], [ 28.091726684310569, -29.042179107279932 ], [ 28.094169616770358, -29.04389495994122 ], [ 28.095812987575041, -29.045932767947381 ], [ 28.097957611911738, -29.047763823720608 ], [ 28.098921777816365, -29.050595282345327 ], [ 28.100307083261566, -29.052937316372219 ], [ 28.101870727761312, -29.055246735662866 ], [ 28.101438842183079, -29.057836534662297 ], [ 28.100146292027727, -29.061046124472934 ], [ 28.099361897844965, -29.064136743228964 ], [ 28.098153077948872, -29.067476307041652 ], [ 28.096256255491369, -29.069392017084784 ], [ 28.095279967215102, -29.071856090655746 ], [ 28.095099927423316, -29.074118139980666 ], [ 28.093928142835555, -29.076112746873385 ], [ 28.096239884576701, -29.07717275630748 ], [ 28.099997998799896, -29.076479195892958 ], [ 28.100654364787413, -29.078634022567741 ], [ 28.102457999296981, -29.07996788098799 ], [ 28.104813384246551, -29.08118247909497 ], [ 28.106304171071383, -29.082696913234308 ], [ 28.108518328587827, -29.081816809280681 ], [ 28.111520004454714, -29.081633375205818 ], [ 28.114397431286985, -29.080282971690142 ], [ 28.117067100187153, -29.078947543406809 ], [ 28.118810655091341, -29.077149204242382 ], [ 28.1203607842609, -29.075680870169297 ], [ 28.12249247360683, -29.075173061641447 ], [ 28.12476272712383, -29.075185011252703 ], [ 28.127032852677857, -29.072000885382444 ], [ 28.129304123725984, -29.071606825608299 ], [ 28.131473859021149, -29.071267442891525 ], [ 28.133840877130755, -29.070885976188144 ], [ 28.136321831013976, -29.071356391509507 ], [ 28.138378144492137, -29.072353996075574 ], [ 28.141451518979665, -29.073439280220615 ], [ 28.143654634316139, -29.076104352056632 ], [ 28.146167469507709, -29.078678131618997 ], [ 28.147960663057091, -29.08093691113336 ], [ 28.149750469647227, -29.083416939585828 ], [ 28.151935579247066, -29.085887432127389 ], [ 28.154561279551892, -29.085403205220995 ], [ 28.156443025597543, -29.086960985382927 ], [ 28.157621764988615, -29.088825228102678 ], [ 28.159837448882573, -29.089478902455191 ], [ 28.162463188884001, -29.090457442960705 ], [ 28.1643543252722, -29.09200795477307 ], [ 28.166658780822139, -29.093536757758255 ], [ 28.169212819322652, -29.094980714621311 ], [ 28.17127228301397, -29.096270561040583 ], [ 28.174117089272887, -29.097343924824838 ], [ 28.177083966020188, -29.097745893420136 ], [ 28.180036544012687, -29.098815917984556 ], [ 28.183551149513097, -29.100950241960867 ], [ 28.186797454850353, -29.102767305599976 ], [ 28.189153671289379, -29.104514758975043 ], [ 28.191420237213304, -29.108997027395645 ], [ 28.193608284008697, -29.111861228747827 ], [ 28.196578026134777, -29.113910197863536 ], [ 28.199188229043791, -29.114821433019845 ], [ 28.201452892006728, -29.115697860480051 ], [ 28.203606127836633, -29.11635685215186 ], [ 28.20624008290855, -29.116504285499079 ], [ 28.209092463843643, -29.116926827518586 ], [ 28.21147823083081, -29.115968705755769 ], [ 28.213739867623143, -29.116202358135347 ], [ 28.215879441497659, -29.116533282401825 ], [ 28.218055724719026, -29.116607666392881 ], [ 28.220890840391299, -29.117173511875528 ], [ 28.223770138609815, -29.120085878181602 ], [ 28.225320817654897, -29.123573301355311 ], [ 28.22672367015333, -29.12794304070221 ], [ 28.22731351752623, -29.131004334582556 ], [ 28.228043869322693, -29.133862178359827 ], [ 28.228656130289419, -29.137949625021765 ], [ 28.228124621942662, -29.140644708826958 ], [ 28.227905433676902, -29.143629232570213 ], [ 28.229602813347498, -29.145742417557653 ], [ 28.23202801166158, -29.14648580653887 ], [ 28.235301016662206, -29.147986414225159 ], [ 28.237339019954288, -29.14943694579717 ], [ 28.239363987301957, -29.151319504436636 ], [ 28.241043726927483, -29.152781168551801 ], [ 28.242158155518315, -29.154576816279643 ], [ 28.241287231445277, -29.156837463378938 ], [ 28.239040136337245, -29.159093141555804 ], [ 28.23608827590942, -29.161958932876587 ], [ 28.233634948730412, -29.1641136169434 ], [ 28.232001781463566, -29.16533327102664 ], [ 28.232838630676248, -29.167779445648257 ], [ 28.232851982116646, -29.171277999877955 ], [ 28.235002040862977, -29.175281524658182 ], [ 28.236721038818335, -29.177333831787134 ], [ 28.238765335082959, -29.180030155181914 ], [ 28.241064262390058, -29.183597564697262 ], [ 28.241669791085332, -29.186169488089387 ], [ 28.243098449706959, -29.188752365112315 ], [ 28.243324279785064, -29.19107294082648 ], [ 28.24669679005931, -29.192309061686196 ], [ 28.249828338622972, -29.194528198242221 ], [ 28.252732753753595, -29.194498443603557 ], [ 28.255386352539013, -29.19748687744146 ], [ 28.256104469299292, -29.199532985687316 ], [ 28.258897145589156, -29.19947115580246 ], [ 28.260384082794165, -29.201411724090566 ], [ 28.259702523549389, -29.204806009928387 ], [ 28.262239456176651, -29.204969406127979 ], [ 28.264587783813443, -29.204713058471722 ], [ 28.262769063313819, -29.206846237182639 ], [ 28.260908524195315, -29.209301471710237 ], [ 28.264694690704339, -29.209524154663114 ], [ 28.264114856719868, -29.212553501129147 ], [ 28.268209934234555, -29.213262557983356 ], [ 28.268077850341754, -29.216770172119123 ], [ 28.269038677215551, -29.219922065734828 ], [ 28.273420397440518, -29.221277300516736 ], [ 28.277376127242992, -29.221207809448281 ], [ 28.277508926391558, -29.224084472656276 ], [ 28.274870300292875, -29.225257110595738 ], [ 28.276425361633283, -29.226592779159578 ], [ 28.276306152343732, -29.229138851165782 ], [ 28.273711204528794, -29.228824615478533 ], [ 28.27305157979325, -29.231001536051494 ], [ 28.274332046508754, -29.232762336730978 ], [ 28.278160095214776, -29.233259836832715 ], [ 28.279975255330324, -29.234472910563159 ], [ 28.282209396362234, -29.232914765675911 ], [ 28.283374150594053, -29.235226313273156 ], [ 28.284227848052911, -29.237677097320592 ], [ 28.283812204996671, -29.240351994832437 ], [ 28.284919738769453, -29.242236137390144 ], [ 28.286273574829067, -29.244682502746656 ], [ 28.28762976328527, -29.248004118601468 ], [ 28.285058430262943, -29.249078750610359 ], [ 28.286479949951126, -29.250585556030352 ], [ 28.288619041442796, -29.25076961517339 ], [ 28.290522575378429, -29.252029418945359 ], [ 28.289038658142051, -29.255370140075666 ], [ 28.287368774414045, -29.257675170898501 ], [ 28.287802696227992, -29.259908676147518 ], [ 28.291276931762631, -29.259987513224296 ], [ 28.293818791707292, -29.260654449462976 ], [ 28.291984558105398, -29.262760162353519 ], [ 28.289836120605404, -29.264650726318365 ], [ 28.289997100830021, -29.267307281494205 ], [ 28.28808021545408, -29.266559600830156 ], [ 28.286753972371347, -29.263906160990395 ], [ 28.284287643432581, -29.264023971557652 ], [ 28.282667160034091, -29.266469955444375 ], [ 28.28007078170771, -29.268496036529502 ], [ 28.277502332414816, -29.270021983555395 ], [ 28.279294967651335, -29.271952152252268 ], [ 28.277050304412764, -29.274159049987759 ], [ 28.274474143981919, -29.275786399841298 ], [ 28.27533340454098, -29.27817487716673 ], [ 28.276965618133442, -29.280463695526194 ], [ 28.275112152099545, -29.281502723693876 ], [ 28.271745204925502, -29.282094478607213 ], [ 28.270251750945995, -29.284946441650451 ], [ 28.267918109893774, -29.284048080444315 ], [ 28.265123367309485, -29.286237716674869 ], [ 28.26226329803465, -29.286363601684574 ], [ 28.259578069051038, -29.285875320434563 ], [ 28.25772966657356, -29.288341522216822 ], [ 28.254901409149124, -29.28737560907997 ], [ 28.254072189331069, -29.290817737579356 ], [ 28.251417160034119, -29.292078018188562 ], [ 28.248608907063776, -29.292893727620473 ], [ 28.251051266988124, -29.294384638468408 ], [ 28.250465393066392, -29.297224044799798 ], [ 28.247976303100518, -29.298151016235408 ], [ 28.245269775390568, -29.297224044799798 ], [ 28.243041515350264, -29.295264244079601 ], [ 28.240662574768049, -29.294141769409233 ], [ 28.238523006439141, -29.295959949493412 ], [ 28.237378120422306, -29.298641204834009 ], [ 28.236544291178344, -29.301556269327889 ], [ 28.234958648681573, -29.303162256876703 ], [ 28.237210273742729, -29.306036949157722 ], [ 28.237879753112804, -29.309101104736325 ], [ 28.235426902770943, -29.310176849365256 ], [ 28.232345581054673, -29.309653282165527 ], [ 28.229578018188416, -29.309280395507887 ], [ 28.227603912353437, -29.307992935180739 ], [ 28.225577545165969, -29.307600402832069 ], [ 28.225195884704601, -29.310565948486357 ], [ 28.225406169891375, -29.313373088836659 ], [ 28.227237701415952, -29.316040039062564 ], [ 28.22670555114739, -29.318044662475607 ], [ 28.224731445312411, -29.318674087524489 ], [ 28.222113609313947, -29.318853378295874 ], [ 28.219523429870573, -29.319108963012731 ], [ 28.217970848083439, -29.32120227813726 ], [ 28.216964721679648, -29.323028564453125 ], [ 28.2175886631012, -29.325204133987427 ], [ 28.220499992370506, -29.326595067977902 ], [ 28.219232877095489, -29.328564325968443 ], [ 28.21691131591788, -29.328149795532244 ], [ 28.21503829956049, -29.327320098876953 ], [ 28.212386449178005, -29.326237519582122 ], [ 28.208009084065665, -29.327358881632538 ], [ 28.207750320434521, -29.331251144409155 ], [ 28.207018852233844, -29.334246635437001 ], [ 28.205138150383412, -29.33695624856394 ], [ 28.203274318150061, -29.335800307137628 ], [ 28.202271007356238, -29.332043829418343 ], [ 28.199529886245699, -29.330242395401008 ], [ 28.196592998504698, -29.32849691708881 ], [ 28.194488525390614, -29.326042447771329 ], [ 28.192587614059427, -29.32416796684263 ], [ 28.190352678298968, -29.321755647659288 ], [ 28.188733400617338, -29.318673924037398 ], [ 28.185633063316317, -29.316897392272946 ], [ 28.182711029052697, -29.316611099243218 ], [ 28.181194623311367, -29.315070152282697 ], [ 28.179798889160089, -29.313419342041037 ], [ 28.17822599411015, -29.310782909393286 ], [ 28.175797939300494, -29.309309959411657 ], [ 28.17389922671849, -29.307912296718964 ], [ 28.173067774091475, -29.304925373622371 ], [ 28.172971407572444, -29.302892049153662 ], [ 28.173179626464794, -29.300405693054167 ], [ 28.17233371734622, -29.296945571899414 ], [ 28.171315670013474, -29.294018268585177 ], [ 28.169419129689576, -29.291403134663852 ], [ 28.166468620300321, -29.289421558380081 ], [ 28.163510640462185, -29.28844833374027 ], [ 28.161143302917523, -29.28877878189089 ], [ 28.158180713653568, -29.290150165557783 ], [ 28.155644416809022, -29.29204177856446 ], [ 28.154540061950705, -29.294625759124738 ], [ 28.154004414876276, -29.297590891520176 ], [ 28.153797149658221, -29.300407409667951 ], [ 28.154340267181443, -29.303126811981151 ], [ 28.155611038207983, -29.305469036102295 ], [ 28.156966781616187, -29.307434844970693 ], [ 28.156358083089227, -29.309782346089698 ], [ 28.155714035034162, -29.312774658203168 ], [ 28.155018329620351, -29.315733909606912 ], [ 28.152898550033555, -29.317222356796236 ], [ 28.149893896920396, -29.317725317818756 ], [ 28.146225484212216, -29.317969258626309 ], [ 28.143585205078136, -29.319432803562751 ], [ 28.140879891135405, -29.321317846124796 ], [ 28.138340950012196, -29.323687235514285 ], [ 28.135849189758243, -29.3240364074707 ], [ 28.133310794830301, -29.324314117431594 ], [ 28.130141139030517, -29.325026035308777 ], [ 28.126529216766304, -29.324254035949672 ], [ 28.123925018310491, -29.323744583129919 ], [ 28.121081624712229, -29.323289462498249 ], [ 28.119333902994747, -29.324847062428795 ], [ 28.119611467633931, -29.327144350324353 ], [ 28.117824281964964, -29.32884870256698 ], [ 28.115288416544558, -29.328518549601213 ], [ 28.112306118011453, -29.328329324722247 ], [ 28.10988744099927, -29.329442342122448 ], [ 28.10936800638839, -29.3318047523498 ], [ 28.111386617024724, -29.334800402323392 ], [ 28.112856758965354, -29.337696499294786 ], [ 28.115913603040909, -29.338290532430001 ], [ 28.114542388915996, -29.340591049194288 ], [ 28.112001578013167, -29.342477798461864 ], [ 28.108772397041303, -29.343396544456525 ], [ 28.10595221746539, -29.344354788462269 ], [ 28.103238201141355, -29.345785140991133 ], [ 28.099705060323043, -29.346302763620958 ], [ 28.095440210614896, -29.347178173065181 ], [ 28.092128208705368, -29.347669873918814 ], [ 28.089713716507013, -29.348513460159232 ], [ 28.086187226431679, -29.349193300519683 ], [ 28.083998489379901, -29.350384902954097 ], [ 28.081770550120954, -29.352405721491049 ], [ 28.081167221069258, -29.355196634928383 ], [ 28.079622983932516, -29.356961250305137 ], [ 28.077493349711101, -29.358466784159344 ], [ 28.076508522033649, -29.360874176025376 ], [ 28.076310634613066, -29.363397121429436 ], [ 28.074890454610134, -29.365332921345978 ], [ 28.071963628133133, -29.367408116658456 ], [ 28.067880312601744, -29.370377540588311 ], [ 28.06438922882084, -29.373268604278536 ], [ 28.060320536295546, -29.37668816248571 ], [ 28.057258129119877, -29.378815174102769 ], [ 28.054745674133329, -29.380142211914052 ], [ 28.052489757537845, -29.381607055664084 ], [ 28.049313449859635, -29.384117603302041 ], [ 28.046679337819413, -29.385358969370557 ], [ 28.044160842895426, -29.38527107238771 ], [ 28.04174900054932, -29.384759585062682 ], [ 28.03968067169189, -29.383307075500454 ], [ 28.039075501759857, -29.380613454182903 ], [ 28.03703114645819, -29.377301856449623 ], [ 28.039055188496874, -29.374560674031592 ], [ 28.039626121521021, -29.371467113494877 ], [ 28.03973102569579, -29.368650436401357 ], [ 28.038784027099627, -29.366526921590165 ], [ 28.036397933959933, -29.367812020438034 ], [ 28.035150527954066, -29.366057078043607 ], [ 28.034309768676756, -29.363139724731436 ], [ 28.031511306762646, -29.362194061279357 ], [ 28.028290748596184, -29.361445426940925 ], [ 28.026302576065042, -29.359948158264149 ], [ 28.02594439188637, -29.357551892598433 ], [ 28.027701059977183, -29.35617828369146 ], [ 28.029804229736332, -29.356462478637702 ], [ 28.033051967620825, -29.356818914413441 ], [ 28.035527819678862, -29.354573204403845 ], [ 28.032273769378712, -29.354302406311007 ], [ 28.029532750447594, -29.353998184204123 ], [ 28.027519702911373, -29.353160381317146 ], [ 28.026302597739438, -29.351351131092486 ], [ 28.027402162551883, -29.348773002624529 ], [ 28.028162320454907, -29.346754709879598 ], [ 28.030210971832247, -29.345942974090612 ], [ 28.032632403903545, -29.345622380574611 ], [ 28.035255432128924, -29.344410623822871 ], [ 28.034252738952613, -29.341921329498245 ], [ 28.031789620717372, -29.340375661849972 ], [ 28.033758481343551, -29.338845570882178 ], [ 28.034157752990673, -29.336791992187528 ], [ 28.034658159528391, -29.33445004054478 ], [ 28.031851689020758, -29.335499525070198 ], [ 28.028889656066912, -29.336242675781211 ], [ 28.025987625122116, -29.33563550313314 ], [ 28.024032831192013, -29.33355093002319 ], [ 28.02548103332516, -29.33146514892584 ], [ 28.028108215332036, -29.330905151367116 ], [ 28.029846668243351, -29.32932567596438 ], [ 28.03031212942939, -29.326458522251709 ], [ 28.028897762298598, -29.324606418609612 ], [ 28.025896453857445, -29.32437896728517 ], [ 28.024168491363554, -29.321632575988744 ], [ 28.026081323623607, -29.318370024363173 ], [ 28.025162378946899, -29.315589904785156 ], [ 28.021799723307272, -29.316044807434039 ], [ 28.019134839375791, -29.315940539042163 ], [ 28.016686630248987, -29.316131973266636 ], [ 28.015274320329929, -29.314665658133411 ], [ 28.016612243652371, -29.312927627563457 ], [ 28.019053459167441, -29.313485145568819 ], [ 28.021195411682086, -29.312585512797074 ], [ 28.019735336303707, -29.311147451400799 ], [ 28.018794377644806, -29.307900428771983 ], [ 28.020566940307589, -29.306410789489746 ], [ 28.021825222742013, -29.305406706673743 ], [ 28.020457172393808, -29.302905273437553 ], [ 28.022237300872831, -29.300500763787142 ], [ 28.024244308471701, -29.298504556928396 ], [ 28.023212790489204, -29.295900464057901 ], [ 28.022770245869943, -29.293521722157823 ], [ 28.022188459123875, -29.291360446384985 ], [ 28.020428975423183, -29.289833068847649 ], [ 28.018005688985181, -29.28825569152831 ], [ 28.016126950581842, -29.285940806070943 ], [ 28.01437296186171, -29.284429005214175 ], [ 28.012266540527285, -29.283855438232443 ], [ 28.01009241739909, -29.285131454467784 ], [ 28.007936795552556, -29.285550435384145 ], [ 28.004723548889142, -29.285770177841176 ], [ 28.002062797546422, -29.287004470825174 ], [ 28.002128601074205, -29.289260864257805 ], [ 27.999895095825188, -29.291666030883757 ], [ 27.997934341430696, -29.292707443237266 ], [ 27.996005058288564, -29.294014930725055 ], [ 27.994107723236027, -29.295680999755881 ], [ 27.994610118866014, -29.298413848876926 ], [ 27.993696212768548, -29.300403594970682 ], [ 27.992507553100609, -29.302149581909177 ], [ 27.990178664525377, -29.30407810211182 ], [ 27.987586339314795, -29.305639266967788 ], [ 27.985135674476624, -29.306958556175179 ], [ 27.983944574991892, -29.3092549641927 ], [ 27.983849287033124, -29.312280654907209 ], [ 27.983269214630123, -29.315781593322733 ], [ 27.980681419372576, -29.316679477691633 ], [ 27.97781991958621, -29.317380428314156 ], [ 27.973917643229139, -29.319554964701378 ], [ 27.973201513290412, -29.323502063751206 ], [ 27.971712207794152, -29.326140785217248 ], [ 27.969537734985316, -29.327798843383746 ], [ 27.968985557556113, -29.330157279968262 ], [ 27.968391418457038, -29.332215785980221 ], [ 27.967350482940677, -29.334364414215109 ], [ 27.964596430460563, -29.33574284447571 ], [ 27.961396026611251, -29.335324859619206 ], [ 27.958778381347681, -29.335449218750021 ], [ 27.955688794453891, -29.336266199747719 ], [ 27.952999591827353, -29.336401939392044 ], [ 27.949665069580053, -29.33652925491328 ], [ 27.947751453944591, -29.337330954415442 ], [ 27.946496009826593, -29.340428543090869 ], [ 27.944035339355477, -29.341649246215852 ], [ 27.941674073537136, -29.341962814331058 ], [ 27.939384187970816, -29.342346872602199 ], [ 27.936966737111412, -29.34424908955895 ], [ 27.936075973510754, -29.346315765380893 ], [ 27.934450149536193, -29.348367691040057 ], [ 27.933116531372114, -29.351008319854689 ], [ 27.930522441863936, -29.352698802947931 ], [ 27.927924950917514, -29.352515538533531 ], [ 27.924558575948065, -29.35170135498042 ], [ 27.921758333841961, -29.350896517435721 ], [ 27.919473648071257, -29.350249926249173 ], [ 27.916265614827495, -29.349590365091927 ], [ 27.912693977355939, -29.348730564117421 ], [ 27.9098480769566, -29.348033632550919 ], [ 27.907162189483635, -29.347674608230601 ], [ 27.904478836059553, -29.350383996963437 ], [ 27.903242874145494, -29.353543853759746 ], [ 27.900699536005668, -29.356628100077288 ], [ 27.896595875422147, -29.354680776595977 ], [ 27.893887996673627, -29.356419086456299 ], [ 27.89239120483391, -29.358979701995814 ], [ 27.890380859375007, -29.359509468078638 ], [ 27.886587905883808, -29.359697723388646 ], [ 27.883631569998645, -29.358976364135692 ], [ 27.880695660909026, -29.35566234588627 ], [ 27.878549957275322, -29.353171920776401 ], [ 27.876480102539091, -29.35195121765133 ], [ 27.874426523844352, -29.351397832234728 ], [ 27.872441768646205, -29.350513935089118 ], [ 27.869625409444176, -29.349193414052245 ], [ 27.868695100148532, -29.34641170501704 ], [ 27.866780281066838, -29.34355564117428 ], [ 27.865543365478484, -29.341494560241689 ], [ 27.864004516601536, -29.339485168456992 ], [ 27.862822055816693, -29.336437225341761 ], [ 27.861928176879868, -29.333998298645071 ], [ 27.860036849975533, -29.332596778869636 ], [ 27.857777786254822, -29.331288528442357 ], [ 27.855908584594701, -29.330227279663102 ], [ 27.853519821167016, -29.328896331787103 ], [ 27.850336074829073, -29.327208518981941 ], [ 27.847432231903046, -29.325495719909679 ], [ 27.844018391200475, -29.323631831577913 ], [ 27.841707229614276, -29.322357892990137 ], [ 27.839673995971669, -29.321201324462876 ], [ 27.836754035949717, -29.319638156890871 ], [ 27.833247593470944, -29.317722320556673 ], [ 27.830941518147711, -29.316438674926793 ], [ 27.828638076782152, -29.315156173706015 ], [ 27.826809565226206, -29.314123789469427 ], [ 27.824769973754847, -29.313006973266621 ], [ 27.822225570678704, -29.311602183750708 ], [ 27.818806409835805, -29.309629917144765 ], [ 27.816644668579048, -29.308415222167984 ], [ 27.814808654785161, -29.307274055480971 ], [ 27.812662442525248, -29.306036631266231 ], [ 27.810064315795845, -29.304536819457972 ], [ 27.808129628499344, -29.303394953409857 ], [ 27.806281280517563, -29.302347946166996 ], [ 27.803867885044586, -29.300894873482864 ], [ 27.801344871520971, -29.299104690551726 ], [ 27.799302577972473, -29.297476768493592 ], [ 27.79733886718747, -29.29617538452154 ], [ 27.794850667317682, -29.294640223185176 ], [ 27.792805433273337, -29.294283628463781 ], [ 27.791131973266591, -29.295829137166397 ], [ 27.78951225280759, -29.297909545898438 ], [ 27.787438392639107, -29.299130439758315 ], [ 27.784551620483388, -29.300491333007873 ], [ 27.782548904418935, -29.301316579183002 ], [ 27.78014254570007, -29.302145719528184 ], [ 27.777273178100636, -29.303058624267543 ], [ 27.77421331405645, -29.303835868835449 ], [ 27.770704057481609, -29.304902818467916 ], [ 27.767559448877964, -29.306488156318601 ], [ 27.764696884155281, -29.307801055908179 ], [ 27.761078153337703, -29.308909824916341 ], [ 27.758569717407177, -29.309851646423347 ], [ 27.756306966145793, -29.310833613077826 ], [ 27.752717256545999, -29.312712669372566 ], [ 27.749762725830095, -29.314153289794898 ], [ 27.74726645151777, -29.315095265706393 ], [ 27.744574546813915, -29.31618595123291 ], [ 27.741764386494982, -29.317627747853582 ], [ 27.737361192703268, -29.319694519042972 ], [ 27.734879732131933, -29.321941256523122 ], [ 27.736899375915524, -29.325015703837099 ], [ 27.739075183868444, -29.327577495574953 ], [ 27.739335060119629, -29.330641428629601 ], [ 27.738167953491221, -29.333246994018559 ], [ 27.737609863281264, -29.336264610290531 ], [ 27.737018108367927, -29.338656902313232 ], [ 27.735583496093795, -29.340618515014661 ], [ 27.734716415405302, -29.342841148376465 ], [ 27.733588409423792, -29.344623184204078 ], [ 27.730526765187612, -29.346155246098849 ], [ 27.728423754374209, -29.345077514648455 ], [ 27.727114295959442, -29.343269538879358 ], [ 27.723710934321065, -29.343298753102665 ], [ 27.720042467117278, -29.342569828033472 ], [ 27.718592961629195, -29.344759941101085 ], [ 27.715983881269167, -29.344768605913419 ], [ 27.713135147094658, -29.344804763793931 ], [ 27.711847941080791, -29.347614924112953 ], [ 27.710158920288052, -29.350307655334507 ], [ 27.707126299540196, -29.350896199544319 ], [ 27.704780033656572, -29.351308822631839 ], [ 27.704748630523678, -29.348265051841761 ], [ 27.703904015677349, -29.345175811222536 ], [ 27.705865315028543, -29.344200542994937 ], [ 27.705384254455566, -29.341978073120135 ], [ 27.706386838640483, -29.339525767735065 ], [ 27.707157611846899, -29.337037563324021 ], [ 27.704741859436076, -29.33650350570678 ], [ 27.701180362701393, -29.336995887756313 ], [ 27.698388115565042, -29.335980510711646 ], [ 27.699999173482247, -29.333607991536482 ], [ 27.703296661376896, -29.332761128743524 ], [ 27.706658710132913, -29.332335645502262 ], [ 27.704730563693513, -29.328684340582956 ], [ 27.701406637827585, -29.32860533396402 ], [ 27.698783874511722, -29.327162933349605 ], [ 27.696564924149246, -29.326022238958483 ], [ 27.69446182250983, -29.329160213470452 ], [ 27.690892855326354, -29.329967975616423 ], [ 27.68801689147946, -29.331552982330301 ], [ 27.685199737548793, -29.33178683689659 ], [ 27.682861328125007, -29.333221435546864 ], [ 27.680827776590998, -29.334173043568935 ], [ 27.678777694702127, -29.334048843383776 ], [ 27.676639556884751, -29.333621978759773 ], [ 27.674489021301273, -29.332958221435558 ], [ 27.671150207519556, -29.331595420837409 ], [ 27.66849199930823, -29.330338795979817 ], [ 27.666251373290972, -29.329470825195326 ], [ 27.663368384043373, -29.329230308532651 ], [ 27.660387611389158, -29.329978561401383 ], [ 27.658085505167683, -29.328193028767902 ], [ 27.656341791152993, -29.326742907365123 ], [ 27.654439926147422, -29.329292161124144 ], [ 27.650911521911613, -29.329043197631833 ], [ 27.64806675910949, -29.33044028282168 ], [ 27.645960998535134, -29.332006072998041 ], [ 27.644202096121639, -29.333642687116402 ], [ 27.640992482503201, -29.334332572089284 ], [ 27.638568878173885, -29.332655906677175 ], [ 27.637633187430243, -29.329445157732238 ], [ 27.63744449615475, -29.326655387878354 ], [ 27.637404362360684, -29.323592503865537 ], [ 27.638788700103788, -29.319957017898513 ], [ 27.638431167602494, -29.316259479522678 ], [ 27.639736016591353, -29.312997023264554 ], [ 27.638874721527106, -29.309663677215593 ], [ 27.637218611580948, -29.306422097342356 ], [ 27.635302952357698, -29.304209845406671 ], [ 27.633485794067369, -29.302896499633825 ], [ 27.631296682357775, -29.300324058532713 ], [ 27.628880228315044, -29.297907284327952 ], [ 27.626654488699764, -29.296505791800321 ], [ 27.624258041381843, -29.295621054513067 ], [ 27.621584653854313, -29.296786308288581 ], [ 27.619135856628429, -29.297545750935928 ], [ 27.617194652557341, -29.298536300659151 ], [ 27.614974737167341, -29.300095081329292 ], [ 27.613076472282415, -29.302398419380161 ], [ 27.613363265991197, -29.305974960327209 ], [ 27.613876342773413, -29.308033943176227 ], [ 27.614047368367544, -29.310414950052866 ], [ 27.6130485534668, -29.312602361043339 ], [ 27.611235300699843, -29.314986546834355 ], [ 27.610930252075171, -29.317756652832006 ], [ 27.608927620781753, -29.320054160224075 ], [ 27.605491876602194, -29.319854974746718 ], [ 27.601876068115171, -29.320431900024403 ], [ 27.601533412933343, -29.322450160980186 ], [ 27.602885437011725, -29.324373245239311 ], [ 27.604127502441344, -29.326309967040999 ], [ 27.603875432695645, -29.32891082763669 ], [ 27.600710391998295, -29.330606460571286 ], [ 27.598742802937814, -29.33335145314533 ], [ 27.596964518229171, -29.335281689961757 ], [ 27.597244535173648, -29.33736555916926 ], [ 27.595826148986745, -29.339177767435732 ], [ 27.594043254852284, -29.340795516967756 ], [ 27.592539787292502, -29.342367649078383 ], [ 27.590847015380792, -29.343738555908217 ], [ 27.58891423543297, -29.344972610473597 ], [ 27.586512565612797, -29.346091747283932 ], [ 27.583839416503885, -29.346511205037441 ], [ 27.58136510848994, -29.347222328186074 ], [ 27.579005241393983, -29.347432136535613 ], [ 27.575778007507367, -29.346607446670504 ], [ 27.572120189666748, -29.345698833465562 ], [ 27.569053922380714, -29.344937188284682 ], [ 27.565392812093069, -29.344250679016138 ], [ 27.562544822692935, -29.345322847366329 ], [ 27.560115814208984, -29.344908714294405 ], [ 27.557779841952822, -29.344715542263412 ], [ 27.555172204971367, -29.342482566833429 ], [ 27.552165865898125, -29.340824723243642 ], [ 27.549112955729193, -29.339124107360771 ], [ 27.547460011073465, -29.336722510201586 ], [ 27.546084260940539, -29.333985233306837 ], [ 27.543343407767139, -29.333073752267037 ], [ 27.53972880045572, -29.332604408264086 ], [ 27.537080764770504, -29.331725801740372 ], [ 27.538776942661801, -29.329359872000605 ], [ 27.540852928161573, -29.327450561523417 ], [ 27.542327880859329, -29.325993537902818 ], [ 27.545099814732875, -29.324162324269555 ], [ 27.546652921040881, -29.320786285400381 ], [ 27.547187646230075, -29.317279338836656 ], [ 27.548060909907001, -29.314115095138483 ], [ 27.551951885223435, -29.311485767364488 ], [ 27.552618503570535, -29.307770633697473 ], [ 27.550887870788564, -29.305741786956819 ], [ 27.547739028930639, -29.3046580723354 ], [ 27.545669364929125, -29.303346443176249 ], [ 27.544972101847364, -29.301149050394649 ], [ 27.543610572814913, -29.29841518402101 ], [ 27.541214625040688, -29.296898523966487 ], [ 27.539118630545477, -29.296241351536324 ], [ 27.537021255493176, -29.298390388488805 ], [ 27.535800933837894, -29.300921440124551 ], [ 27.534807840983099, -29.303055127461764 ], [ 27.533495426178, -29.305045763651517 ], [ 27.532004356384231, -29.306750456492093 ], [ 27.529900687081476, -29.307934352329813 ], [ 27.527563095092788, -29.308440208435083 ], [ 27.524856567382837, -29.308909988403254 ], [ 27.522700945536215, -29.308085441589316 ], [ 27.520334243774357, -29.306585311889656 ], [ 27.518192291259712, -29.305561701456707 ], [ 27.516211986541727, -29.304453134536757 ], [ 27.513998389244087, -29.302777647972068 ], [ 27.511798381805374, -29.301532983779911 ], [ 27.510659217834487, -29.299243927001918 ], [ 27.510340826852019, -29.296569006783614 ], [ 27.51108837127687, -29.293961661202573 ], [ 27.511814912160236, -29.291470209757509 ], [ 27.511333465576126, -29.289331595102897 ], [ 27.511741002400679, -29.287245432535848 ], [ 27.512156486511174, -29.285033226013169 ], [ 27.512419019413347, -29.282566887995888 ], [ 27.510557447604199, -29.27580517871522 ], [ 27.521926255869843, -29.272675222629086 ], [ 27.524960000000242, -29.271839999999806 ], [ 27.531960000000332, -29.26558 ], [ 27.536339561361721, -29.261940823071587 ], [ 27.537234546881194, -29.261197138856488 ], [ 27.543581916891767, -29.255922819869152 ], [ 27.544073841796312, -29.255514057032062 ], [ 27.5459200000004, -29.25398 ], [ 27.547695393989468, -29.250972699993373 ], [ 27.550330000000244, -29.24651 ], [ 27.550109114806641, -29.24578456605882 ], [ 27.548430000000245, -29.240269999999825 ], [ 27.545130000000228, -29.236749999999724 ], [ 27.535700032058429, -29.234342348772181 ], [ 27.53526, -29.234229999999851 ], [ 27.534280731887261, -29.233387884131258 ], [ 27.531690000000108, -29.231159999999857 ], [ 27.529350000000385, -29.222159999999842 ], [ 27.529300006920131, -29.219405384632836 ], [ 27.529273141140752, -29.217925081997343 ], [ 27.529250000000193, -29.21665 ], [ 27.53246, -29.21443 ], [ 27.538743617244442, -29.210046518509159 ], [ 27.545820000000298, -29.205109999999813 ], [ 27.553400000000149, -29.19657 ], [ 27.55583719420882, -29.194543242250749 ], [ 27.556824216550545, -29.19372243979479 ], [ 27.560110000000314, -29.19099 ], [ 27.56404067315421, -29.188310424225673 ], [ 27.577515965336751, -29.179124195453078 ], [ 27.580940000000197, -29.176789999999798 ], [ 27.589825554203017, -29.166028213250407 ], [ 27.590977636988455, -29.164632861990182 ], [ 27.590980000000197, -29.164629999999804 ], [ 27.594634673000961, -29.164714517965852 ], [ 27.60352000000028, -29.16492 ], [ 27.60586000000027, -29.165199999999892 ], [ 27.612804672070389, -29.162994597220827 ], [ 27.613260000000238, -29.162849999999874 ], [ 27.615968414371505, -29.16106837117114 ], [ 27.619660000000156, -29.158639999999881 ], [ 27.621893568228217, -29.155088877143221 ], [ 27.623220000000281, -29.15298 ], [ 27.623208748300797, -29.152839454975755 ], [ 27.622650000000103, -29.145859999999836 ], [ 27.619528780978818, -29.137418765007773 ], [ 27.618717584731932, -29.135224911253466 ], [ 27.616830000000213, -29.13012 ], [ 27.618704016965378, -29.129197081929071 ], [ 27.619490000000123, -29.128809999999806 ], [ 27.622286984001065, -29.128800561215208 ], [ 27.628380000000185, -29.12878 ], [ 27.63391861999278, -29.127070425976221 ], [ 27.633920000000266, -29.127069999999812 ], [ 27.635232115186991, -29.126047531470679 ], [ 27.642210000000333, -29.120609999999814 ], [ 27.642705945394507, -29.118195315047558 ], [ 27.643430000000112, -29.114669999999855 ], [ 27.644084105783783, -29.113746556846621 ], [ 27.646150000000368, -29.110829999999833 ], [ 27.648436043988255, -29.110673924824827 ], [ 27.649916278834063, -29.110572864550011 ], [ 27.6511300000003, -29.110489999999857 ], [ 27.654332763929212, -29.109600976744133 ], [ 27.659560000000138, -29.108149999999778 ], [ 27.659764519562579, -29.107502452303514 ], [ 27.659775972680411, -29.107505013534208 ], [ 27.660493372675553, -29.105722904331511 ], [ 27.660336851294186, -29.10569034156978 ], [ 27.660963230250534, -29.103707107078925 ], [ 27.662905271069981, -29.097558239149613 ], [ 27.663782355465138, -29.098386527363719 ], [ 27.66576881705085, -29.100713919883848 ], [ 27.668944071923129, -29.10309605785686 ], [ 27.672206639880258, -29.102438330589454 ], [ 27.670900978307532, -29.099731763306004 ], [ 27.672519684614926, -29.098074723256563 ], [ 27.674910734347979, -29.097058106966834 ], [ 27.676723162364535, -29.098920822274255 ], [ 27.677564299521617, -29.101371764466744 ], [ 27.677619456381585, -29.10363841127992 ], [ 27.679110205360868, -29.105480829048048 ], [ 27.68045115551454, -29.107713221900401 ], [ 27.683153196603993, -29.107921057213893 ], [ 27.683210371361543, -29.105003260624841 ], [ 27.685219190020515, -29.103303717748542 ], [ 27.684103489116406, -29.101443770864122 ], [ 27.686005909457577, -29.099379859380804 ], [ 27.688023568714669, -29.098351476801621 ], [ 27.691168211517446, -29.098243713907191 ], [ 27.694263938362894, -29.099849221654829 ], [ 27.695497195533413, -29.101625759056905 ], [ 27.697407855102462, -29.103081564946876 ], [ 27.699304579820904, -29.103016853025366 ], [ 27.700920344682544, -29.10062861523588 ], [ 27.699367683219855, -29.097537120027607 ], [ 27.701581682271947, -29.095642122505506 ], [ 27.704114435631965, -29.097684859384977 ], [ 27.705968380820444, -29.099480510006593 ], [ 27.704612730941246, -29.102167674046054 ], [ 27.703572274487009, -29.105229140164269 ], [ 27.705463791977468, -29.107920456886728 ], [ 27.707077027718285, -29.109595873497241 ], [ 27.709020297511898, -29.111080170987048 ], [ 27.71022796514908, -29.113031389612566 ], [ 27.711609705670281, -29.115504810663651 ], [ 27.714482469133216, -29.114272594569691 ], [ 27.716606458108316, -29.114706993855744 ], [ 27.71821804017247, -29.115967368395324 ], [ 27.719916206047234, -29.114098957897983 ], [ 27.721289772395007, -29.112576077020847 ], [ 27.72314572319614, -29.113878012733419 ], [ 27.724912325253403, -29.1123174032222 ], [ 27.726058643632378, -29.11029529683249 ], [ 27.724448885369068, -29.109046934334938 ], [ 27.726910081237598, -29.10561628334596 ], [ 27.727902891111643, -29.101871490627286 ], [ 27.72874736985742, -29.099087714511175 ], [ 27.730960526862102, -29.097414017959601 ], [ 27.733514786102131, -29.097817899013801 ], [ 27.734644966634136, -29.093888680746161 ], [ 27.737188019348501, -29.0917466494389 ], [ 27.738959175276378, -29.089468547285225 ], [ 27.740943908955028, -29.089014051919882 ], [ 27.743931135934762, -29.088867666570707 ], [ 27.748337111167153, -29.088037810682433 ], [ 27.750613849979921, -29.086245854362037 ], [ 27.752103646999981, -29.084006277645425 ], [ 27.752623557443211, -29.081168494023736 ], [ 27.752465437875461, -29.078702926280698 ], [ 27.754431250634703, -29.077888487932203 ], [ 27.756541945520151, -29.076110838728987 ], [ 27.760215999339287, -29.075643778305405 ], [ 27.76082833846376, -29.073041599561368 ], [ 27.763023377189388, -29.074729819531409 ], [ 27.764943598026214, -29.073127744374695 ], [ 27.767659185938086, -29.073809625301706 ], [ 27.769740785705931, -29.073217118747486 ], [ 27.772063768550503, -29.075750055679684 ], [ 27.77362894892088, -29.078611134335809 ], [ 27.776688096456347, -29.079802275419443 ], [ 27.778982160958442, -29.081773754223473 ], [ 27.781382647723273, -29.082323940021993 ], [ 27.781641709693904, -29.078700434087047 ], [ 27.781583783300089, -29.076061567069345 ], [ 27.782124738784585, -29.074062416132996 ], [ 27.782934598528385, -29.071342059810213 ], [ 27.784152030952324, -29.068939844750719 ], [ 27.78612391773818, -29.066643005176719 ], [ 27.788136750319058, -29.064902579238861 ], [ 27.788901590661851, -29.062171417826278 ], [ 27.790142538068107, -29.06416177760407 ], [ 27.791547014589856, -29.065991591600572 ], [ 27.792009831524677, -29.068572520490378 ], [ 27.794040044019596, -29.068143844399042 ], [ 27.796489000918289, -29.066649437943216 ], [ 27.799339055139448, -29.065778016969702 ], [ 27.80108857333714, -29.067204715928053 ], [ 27.802762348882414, -29.065426508230253 ], [ 27.803061246608273, -29.063194273258631 ], [ 27.803877422465838, -29.060325352525386 ], [ 27.804232071167355, -29.056913586295142 ], [ 27.806464194548862, -29.05837573935386 ], [ 27.807877130814006, -29.056177411120721 ], [ 27.810598375380046, -29.055994508721895 ], [ 27.810791017521485, -29.052708307892573 ], [ 27.811110495344259, -29.050519307744228 ], [ 27.811084745688074, -29.046730755742779 ], [ 27.812979220529343, -29.048006058877874 ], [ 27.81544960892035, -29.050072563423402 ], [ 27.816685362093295, -29.047878584003662 ], [ 27.817805395874483, -29.045574825814647 ], [ 27.820053032363411, -29.046933855113434 ], [ 27.823820110825469, -29.046050070914898 ], [ 27.827068138481902, -29.043922809478651 ], [ 27.830492498892156, -29.044410228001261 ], [ 27.833439506917856, -29.045673051753585 ], [ 27.835236619759506, -29.048431702422018 ], [ 27.836745778770421, -29.050151587011076 ], [ 27.835275649637325, -29.05228869167853 ], [ 27.837250821755632, -29.054049568013941 ], [ 27.839443017625086, -29.057003165458962 ], [ 27.839993478983182, -29.062003581528707 ], [ 27.842642308259634, -29.062836171076146 ], [ 27.84622287925249, -29.06269311791625 ], [ 27.849721529619863, -29.063312147670906 ], [ 27.851682663388754, -29.065183001382856 ], [ 27.852745401185274, -29.067215834083427 ], [ 27.854588828795301, -29.068966548102694 ], [ 27.856813665286872, -29.070612906993954 ], [ 27.85974856964366, -29.073184966768807 ], [ 27.862394063030859, -29.073326384085952 ], [ 27.864862058929173, -29.073512647746359 ], [ 27.866737367347415, -29.072216032378041 ], [ 27.869057656376683, -29.071782113499879 ], [ 27.870850561076765, -29.072964427138515 ], [ 27.873260118844389, -29.072472378734005 ], [ 27.87468242673452, -29.074333906191697 ], [ 27.876287883768057, -29.072525552852625 ], [ 27.878225643439801, -29.07504908378289 ], [ 27.879987714944509, -29.077020646591546 ], [ 27.882345975336897, -29.078109858934443 ], [ 27.882725717152045, -29.075505733031349 ], [ 27.885392324071766, -29.075251987467677 ], [ 27.887522507417483, -29.07284011828748 ], [ 27.89025185777858, -29.072970070104965 ], [ 27.891808984307009, -29.076348145539544 ], [ 27.893632411588353, -29.078881738136598 ], [ 27.895051684411708, -29.080681664737963 ], [ 27.897662923553423, -29.078981207858035 ], [ 27.90021920092871, -29.077541351211856 ], [ 27.898488488087668, -29.075230662787522 ], [ 27.901007699621093, -29.073576594030982 ], [ 27.903903327438172, -29.071926434663165 ], [ 27.904001618296203, -29.069586181652141 ], [ 27.905192055054439, -29.06745592639124 ], [ 27.907220026827972, -29.065293991849629 ], [ 27.908968926250143, -29.063810825752224 ], [ 27.910184099997281, -29.060880278717939 ], [ 27.911897419638819, -29.057250500740551 ], [ 27.913732149574532, -29.055160522940927 ], [ 27.915923306794376, -29.053467179240911 ], [ 27.917675493373316, -29.052028178908863 ], [ 27.917755838204194, -29.04948496657347 ], [ 27.91856527457448, -29.047164917306368 ], [ 27.919259548910546, -29.045183182858626 ], [ 27.921186129623198, -29.043546517084341 ], [ 27.923332692807023, -29.043677807656 ], [ 27.925607044493294, -29.043642679299598 ], [ 27.926610946140794, -29.041623590463118 ], [ 27.927769534628432, -29.039072415521506 ], [ 27.930173398077084, -29.037478443948462 ], [ 27.932184218890942, -29.036982532921819 ], [ 27.934278966670711, -29.036488535518746 ], [ 27.933915684255449, -29.034257205026904 ], [ 27.937424658736742, -29.033940551049465 ], [ 27.94131155027133, -29.033936278382978 ], [ 27.94437503953715, -29.031991004912673 ], [ 27.944837316935821, -29.029536564702397 ], [ 27.942116207941247, -29.027904933788818 ], [ 27.941104252512105, -29.025609971053679 ], [ 27.940909625560394, -29.022510766587907 ], [ 27.942953582506401, -29.018933298301942 ], [ 27.943709692023443, -29.014961877966417 ], [ 27.943724637979116, -29.012537001490802 ], [ 27.94216696594216, -29.010202089457572 ], [ 27.939845082160829, -29.008442403617153 ], [ 27.938715459006612, -29.006535052117655 ], [ 27.939691542399036, -29.003120423637419 ], [ 27.940969849167562, -29.00060081395457 ], [ 27.942380900524032, -28.998075486800513 ], [ 27.943807603081904, -28.996036534021187 ], [ 27.946241380516778, -28.992863655890467 ], [ 27.948724750067221, -28.989717482719858 ], [ 27.951528550161719, -28.984651566290399 ], [ 27.953790659738708, -28.981256482553675 ], [ 27.956127167452859, -28.977910998606117 ], [ 27.957258216401314, -28.975650782577112 ], [ 27.957799905851587, -28.973192218014955 ], [ 27.958242415644484, -28.971075056828234 ], [ 27.959274297138158, -28.969257358039947 ], [ 27.961906433784399, -28.966697688613841 ], [ 27.964095118062925, -28.965543748925771 ], [ 27.965569500651654, -28.96340369693975 ], [ 27.966476440488485, -28.960283278431898 ], [ 27.967849734293203, -28.957584379671509 ], [ 27.968759062899039, -28.954822300371298 ], [ 27.970939954285367, -28.951354981605505 ], [ 27.9739723206329, -28.951198577552152 ], [ 27.976851468587615, -28.95132160127687 ], [ 27.979739826980964, -28.950855999510217 ], [ 27.982198719016992, -28.950577925735544 ], [ 27.984123468101373, -28.949380636202072 ], [ 27.986139615560756, -28.947412888740388 ], [ 27.988971328133804, -28.948380851827938 ] ] ] } },
{ "type": "Feature", "properties": { "adm1_name": "Mokhotlong", "div_name": "District", "adm0_name": "Lesotho", "adm1_code": 9 }, "geometry": { "type": "Polygon", "coordinates": [ [ [ 28.861316541364189, -28.757374408390991 ], [ 28.867780000000231, -28.758479999999832 ], [ 28.868218024165081, -28.758717892696307 ], [ 28.868940000000286, -28.75911 ], [ 28.874200000000293, -28.76204 ], [ 28.875791473979028, -28.763505752022912 ], [ 28.876129074885903, -28.76381668346697 ], [ 28.876201657092636, -28.763883531899626 ], [ 28.88824464152535, -28.774975154719741 ], [ 28.895340000000424, -28.781509999999844 ], [ 28.91585000000012, -28.795219999999834 ], [ 28.922130000000145, -28.804749999999824 ], [ 28.92609201274967, -28.811084124562726 ], [ 28.931958103312216, -28.820462324651853 ], [ 28.93768000000032, -28.829609999999818 ], [ 28.941780548097572, -28.834134901911558 ], [ 28.946570000000204, -28.839419999999883 ], [ 28.947673743913803, -28.840948881228702 ], [ 28.949967942101317, -28.844126752926936 ], [ 28.95615, -28.852689999999882 ], [ 28.960933718413195, -28.86879997588554 ], [ 28.961184520515836, -28.869644594125422 ], [ 28.96154363720067, -28.870853979927769 ], [ 28.96197880156992, -28.872319469091835 ], [ 28.96314, -28.876229999999726 ], [ 28.97128000000022, -28.884879999999825 ], [ 28.978180000000208, -28.890749999999855 ], [ 28.990700000000146, -28.901539999999827 ], [ 28.993539004666346, -28.906447853810825 ], [ 28.99446000000021, -28.908039999999847 ], [ 28.997307255000159, -28.910887254999796 ], [ 29.000070000000132, -28.91365 ], [ 29.005000000000191, -28.914659999999849 ], [ 29.019240000000245, -28.908039999999847 ], [ 29.019241071989054, -28.908040101117983 ], [ 29.028350000000302, -28.908899999999772 ], [ 29.07313000000029, -28.935189999999867 ], [ 29.073437030166914, -28.935604597573207 ], [ 29.075474999964278, -28.938356566026503 ], [ 29.075728702959069, -28.938699153371484 ], [ 29.077440000000209, -28.94101 ], [ 29.07707621210076, -28.946769974006138 ], [ 29.077020000000275, -28.947659999999843 ], [ 29.073670000000206, -28.957009999999862 ], [ 29.074060000000234, -28.962749999999794 ], [ 29.074062323108961, -28.962752945914062 ], [ 29.074297493750944, -28.963051148196396 ], [ 29.081410000000151, -28.97207 ], [ 29.084038116942978, -28.972602007282134 ], [ 29.086350000000238, -28.97307 ], [ 29.092238742002529, -28.976985302996528 ], [ 29.093810000000108, -28.97803 ], [ 29.105440000000126, -28.982829999999794 ], [ 29.126520000000355, -28.98573 ], [ 29.139760000000358, -28.98895 ], [ 29.152630000000123, -28.996979999999862 ], [ 29.166420000000159, -29.010989999999804 ], [ 29.17733548494008, -29.013807207233167 ], [ 29.177850000000237, -29.01394 ], [ 29.20560000000043, -29.02222 ], [ 29.216162520210641, -29.027809882658829 ], [ 29.220830000000152, -29.030279999999898 ], [ 29.224880000000319, -29.036319999999872 ], [ 29.224879884096676, -29.036321141009559 ], [ 29.22388, -29.046169999999872 ], [ 29.223880882746322, -29.046171967113633 ], [ 29.224750909789798, -29.048111184094406 ], [ 29.22524648641398, -29.049215782639216 ], [ 29.228860000000289, -29.057269999999825 ], [ 29.228864481158666, -29.057273444793609 ], [ 29.229746272566558, -29.057951259868432 ], [ 29.238630000000242, -29.06478 ], [ 29.257250000000234, -29.08552 ], [ 29.261618753131756, -29.089038995836681 ], [ 29.26162000000032, -29.08904 ], [ 29.261697283991882, -29.089050390293259 ], [ 29.269430000000284, -29.090089999999847 ], [ 29.269433083080653, -29.090087515099739 ], [ 29.274734298926862, -29.085815031908858 ], [ 29.280870000000125, -29.080869999999837 ], [ 29.282812123976964, -29.080270175924273 ], [ 29.292170000000283, -29.07738 ], [ 29.30230000000018, -29.080299999999838 ], [ 29.307550000000159, -29.07947 ], [ 29.313013487248284, -29.081170865448925 ], [ 29.323900000000179, -29.084559999999883 ], [ 29.32620879690646, -29.085597195208358 ], [ 29.335030000000128, -29.089559999999871 ], [ 29.336274229140113, -29.090840140863673 ], [ 29.340920000000303, -29.095619999999812 ], [ 29.347470000000285, -29.107429999999891 ], [ 29.347571495106028, -29.117573540277132 ], [ 29.347640000000318, -29.124419999999841 ], [ 29.342790000000129, -29.14408 ], [ 29.345752772132826, -29.148930074918656 ], [ 29.346678149984506, -29.150444923645114 ], [ 29.349870000000177, -29.15567 ], [ 29.350469321179261, -29.156071120732353 ], [ 29.351140000000186, -29.156519999999887 ], [ 29.352866119044151, -29.156889882795035 ], [ 29.355060000000165, -29.15736 ], [ 29.360480000000265, -29.16012 ], [ 29.364870000000231, -29.163479999999865 ], [ 29.365815426110963, -29.164303289872496 ], [ 29.366960000000141, -29.165299999999817 ], [ 29.368640000000234, -29.16782 ], [ 29.369810000000317, -29.170759999999852 ], [ 29.370614420013762, -29.17301524899505 ], [ 29.370930000000172, -29.1739 ], [ 29.370933329044501, -29.17390194392382 ], [ 29.372341939967161, -29.174724443056444 ], [ 29.375280000000203, -29.176439999999882 ], [ 29.380460000000163, -29.181169999999824 ], [ 29.384588498971031, -29.183988975042464 ], [ 29.384590000000198, -29.18399 ], [ 29.392698281961515, -29.196737293068843 ], [ 29.392698299054153, -29.19673732596555 ], [ 29.392700000000204, -29.196739999999789 ], [ 29.394229364943691, -29.201792418016904 ], [ 29.395581973893513, -29.206260904150106 ], [ 29.403240000000185, -29.231559999999824 ], [ 29.410260000000243, -29.246809999999869 ], [ 29.417665983802287, -29.256127205157135 ], [ 29.418494345923673, -29.257169338324985 ], [ 29.418940000000248, -29.257729999999849 ], [ 29.421972774882942, -29.260114776080105 ], [ 29.436210000000273, -29.27131 ], [ 29.439639778631065, -29.277600084694711 ], [ 29.441509581108537, -29.281029231940693 ], [ 29.441510000000214, -29.28103 ], [ 29.44583, -29.287289999999878 ], [ 29.445727448033775, -29.292785075000417 ], [ 29.445710000000268, -29.29372 ], [ 29.443539380882044, -29.29917605795287 ], [ 29.442980412277485, -29.300581078706479 ], [ 29.44285209113897, -29.300903626093234 ], [ 29.439259097670977, -29.309934956921136 ], [ 29.439090000000267, -29.31036 ], [ 29.442250000000158, -29.322809999999834 ], [ 29.45056782597517, -29.324304220139009 ], [ 29.450600000000215, -29.324309999999777 ], [ 29.450600024024553, -29.324310022974466 ], [ 29.451944639148685, -29.325594082244134 ], [ 29.460370000000346, -29.33364 ], [ 29.465610000000297, -29.346799999999785 ], [ 29.465653707911187, -29.348472558259054 ], [ 29.465759953234127, -29.352538217993796 ], [ 29.465760000000273, -29.352539999999895 ], [ 29.452440000000223, -29.36404 ], [ 29.450547690102379, -29.367033572064361 ], [ 29.450000000000131, -29.367899999999892 ], [ 29.449740000000201, -29.380969999999863 ], [ 29.450999597261628, -29.383749111881375 ], [ 29.451000000000271, -29.383749999999843 ], [ 29.446240000000156, -29.399279999999784 ], [ 29.436310000000109, -29.411059999999779 ], [ 29.428310000000145, -29.43112 ], [ 29.428307457004909, -29.431121534007843 ], [ 29.426700951052997, -29.432090629087494 ], [ 29.422740000000157, -29.434479999999819 ], [ 29.407180000000132, -29.43883 ], [ 29.404278073918121, -29.440455240853215 ], [ 29.401594387077012, -29.441958255329826 ], [ 29.400020000000126, -29.44284 ], [ 29.385320000000291, -29.44376 ], [ 29.359470000000186, -29.451609999999896 ], [ 29.359469363871259, -29.45161029071739 ], [ 29.358228882105507, -29.452176759230376 ], [ 29.34782000000029, -29.456929999999893 ], [ 29.344109947860918, -29.461060266874807 ], [ 29.341110062959807, -29.464399929963548 ], [ 29.341110000000125, -29.4644 ], [ 29.337550208833218, -29.471960664329512 ], [ 29.33425, -29.478969999999883 ], [ 29.32317224401546, -29.484099250359442 ], [ 29.321810000000269, -29.48473 ], [ 29.314230000000151, -29.483459999999862 ], [ 29.310332307910002, -29.486424508252341 ], [ 29.30596000000023, -29.489749999999827 ], [ 29.304715155190152, -29.492677271080648 ], [ 29.304310507169195, -29.493628807071715 ], [ 29.304310000000221, -29.493629999999872 ], [ 29.305084811769099, -29.497331307548148 ], [ 29.305163793591603, -29.497708607043172 ], [ 29.308840000000224, -29.515269999999806 ], [ 29.311720000000129, -29.527929999999781 ], [ 29.309035704682373, -29.534714206595659 ], [ 29.308567005738716, -29.53589878209424 ], [ 29.304230000000175, -29.546859999999842 ], [ 29.304138779285459, -29.551242929005795 ], [ 29.304078314903336, -29.554148105997836 ], [ 29.304065239303444, -29.554776357831681 ], [ 29.302302838281257, -29.556189537657463 ], [ 29.300815579872918, -29.559705733917664 ], [ 29.298867223823443, -29.56283950949279 ], [ 29.296041488134893, -29.565343853793348 ], [ 29.294519424779629, -29.567626954034477 ], [ 29.29177538449521, -29.568204242690378 ], [ 29.289031981112611, -29.568188665287543 ], [ 29.286926902193077, -29.567433677016176 ], [ 29.284004755925363, -29.567786626508209 ], [ 29.280621211150159, -29.568049960409471 ], [ 29.27821032410478, -29.568238575494711 ], [ 29.274693726688493, -29.56716338953791 ], [ 29.272990862564651, -29.563757419685089 ], [ 29.270144459466806, -29.563579560518583 ], [ 29.267477034996524, -29.56271743852923 ], [ 29.264582950848105, -29.561100801062047 ], [ 29.261829377218106, -29.560582158203964 ], [ 29.260031384134532, -29.558210055765489 ], [ 29.257984160419358, -29.556135178251953 ], [ 29.256031035418516, -29.554981228727485 ], [ 29.253822328996581, -29.55514049725172 ], [ 29.251812457184755, -29.554086685941417 ], [ 29.250117939214192, -29.552855488909092 ], [ 29.248064041701415, -29.55425548455597 ], [ 29.246145246900767, -29.556763652220731 ], [ 29.244066237988541, -29.557048800749964 ], [ 29.242327215664176, -29.555615901747135 ], [ 29.240791322154557, -29.552806852505743 ], [ 29.237768174142897, -29.551406384716362 ], [ 29.235347112292786, -29.553173064745565 ], [ 29.235393521492824, -29.55546378957974 ], [ 29.233142853116178, -29.556733765359567 ], [ 29.230371477484173, -29.554866789518442 ], [ 29.228105547551507, -29.553483012082516 ], [ 29.225258825351673, -29.554484366880263 ], [ 29.225587207686242, -29.556875865528443 ], [ 29.225699424900252, -29.559102056152465 ], [ 29.223782536898856, -29.560343741883056 ], [ 29.221096038576032, -29.55927133537315 ], [ 29.218678951828746, -29.556356908125615 ], [ 29.216344832336038, -29.555160522550739 ], [ 29.214071273904029, -29.555481433983811 ], [ 29.21118799820681, -29.558945972137508 ], [ 29.211067835995696, -29.560993830150363 ], [ 29.209438798473574, -29.562527655031069 ], [ 29.212553023496412, -29.564549923968087 ], [ 29.213726996366795, -29.569410800465757 ], [ 29.211062908795448, -29.570878267042012 ], [ 29.207992555781924, -29.569108008183488 ], [ 29.205519198923401, -29.566998480716734 ], [ 29.204043070672569, -29.564100899467395 ], [ 29.20182418944599, -29.563422206606106 ], [ 29.197977162359855, -29.564726160662481 ], [ 29.196859994131174, -29.562611897717051 ], [ 29.195005417042918, -29.560894967041996 ], [ 29.192147255349287, -29.559849578730791 ], [ 29.189914323461451, -29.562255859761134 ], [ 29.187611265387424, -29.561108271963544 ], [ 29.188330014055207, -29.558644294107928 ], [ 29.187050817521442, -29.556484220183222 ], [ 29.185269357193388, -29.554869174970634 ], [ 29.18322562992801, -29.554140726245027 ], [ 29.182275773034693, -29.557149248951454 ], [ 29.180624008263422, -29.559986112844406 ], [ 29.180034877004534, -29.562430858598422 ], [ 29.177687648266581, -29.561573982911483 ], [ 29.175013733647347, -29.561157229291869 ], [ 29.17413520719434, -29.563110351167833 ], [ 29.174552916557261, -29.565524291696278 ], [ 29.176708217754598, -29.567723277347891 ], [ 29.17836666022977, -29.569605827336588 ], [ 29.17904172518455, -29.572329655885699 ], [ 29.176063538595741, -29.571677526851282 ], [ 29.173655191345315, -29.570943198176703 ], [ 29.171327209426877, -29.570507048607798 ], [ 29.169125365920067, -29.569206174736241 ], [ 29.168296814796534, -29.571762085058563 ], [ 29.168975449306188, -29.574107358936597 ], [ 29.17131500278629, -29.574851607655162 ], [ 29.16957759772567, -29.576426506538912 ], [ 29.167057035865284, -29.576217653419935 ], [ 29.163415909093636, -29.576736132169824 ], [ 29.161242801467257, -29.578458787149021 ], [ 29.160282850521323, -29.580426692774321 ], [ 29.157932280978315, -29.57837009363702 ], [ 29.154620170838829, -29.576357842232316 ], [ 29.151939867660669, -29.575631621360966 ], [ 29.150618394627447, -29.577585856057343 ], [ 29.148201261643013, -29.575805392389821 ], [ 29.145799637682423, -29.575094221799137 ], [ 29.143170261540895, -29.573696898535996 ], [ 29.140704392580673, -29.571552990659878 ], [ 29.138030529733093, -29.570570945134801 ], [ 29.135819244053906, -29.570503233446633 ], [ 29.132106304510618, -29.569780229127197 ], [ 29.13007843532711, -29.566353797488865 ], [ 29.13009583828876, -29.562918662660632 ], [ 29.128977459553628, -29.560267128672969 ], [ 29.128699144373126, -29.557763100870261 ], [ 29.128867466938878, -29.555395126575213 ], [ 29.128685316822821, -29.552908579719329 ], [ 29.128897666066166, -29.549370288554467 ], [ 29.129899131246017, -29.546037673811988 ], [ 29.128427504292208, -29.544576646264154 ], [ 29.126432737740625, -29.543884118040143 ], [ 29.123519761618443, -29.541978427552152 ], [ 29.122438049638454, -29.539698028720341 ], [ 29.121985117631443, -29.537257193206901 ], [ 29.121763229508812, -29.53486569716295 ], [ 29.120067118958048, -29.533160685611183 ], [ 29.118323707674975, -29.531293870037235 ], [ 29.116256542994833, -29.528495720168092 ], [ 29.112604236245886, -29.527130412366255 ], [ 29.109988404759623, -29.526928713650925 ], [ 29.106654284376198, -29.525681017791584 ], [ 29.103727338549866, -29.52396329294238 ], [ 29.101331710456368, -29.522357940626321 ], [ 29.09876169489991, -29.521016802982714 ], [ 29.096472549687412, -29.52019996639439 ], [ 29.094439189599374, -29.520538329989133 ], [ 29.092266083926187, -29.521453379331387 ], [ 29.090294680223504, -29.523507597248134 ], [ 29.087269148061633, -29.523678460910997 ], [ 29.084235191924201, -29.522328375471286 ], [ 29.082373142957895, -29.520758151761473 ], [ 29.080902101328142, -29.51912422376688 ], [ 29.079136845669339, -29.516968726420934 ], [ 29.077774811604961, -29.515439986143189 ], [ 29.075989882049956, -29.513268789743186 ], [ 29.073623060918784, -29.51095795674188 ], [ 29.070426940727522, -29.511053086775863 ], [ 29.067978450962894, -29.509721484077446 ], [ 29.064551354024392, -29.508176327018077 ], [ 29.061706304180234, -29.507662056838036 ], [ 29.058565521508161, -29.507907487091757 ], [ 29.056475321092122, -29.508418401943871 ], [ 29.053778330164825, -29.507614930960614 ], [ 29.051066210139908, -29.50656547559214 ], [ 29.049857139271506, -29.504617452060589 ], [ 29.048061370526778, -29.502758026310595 ], [ 29.04593976406009, -29.50171422830088 ], [ 29.043098926691989, -29.500193834697154 ], [ 29.041245653690083, -29.498789976870277 ], [ 29.038142536945188, -29.498652743987442 ], [ 29.034359359497341, -29.498209381533048 ], [ 29.031317573417258, -29.496858868924281 ], [ 29.028395652103288, -29.497142313279912 ], [ 29.025536346590396, -29.498242569216227 ], [ 29.022610028288764, -29.497132493263468 ], [ 29.020192147190492, -29.495170321795673 ], [ 29.018499613562575, -29.496480701837125 ], [ 29.016666094297538, -29.498257956199382 ], [ 29.015457156278156, -29.499897001162779 ], [ 29.013412203492205, -29.500339236226814 ], [ 29.010681534022552, -29.499779508731084 ], [ 29.0082912435347, -29.499907812869331 ], [ 29.006295681832327, -29.500943183322704 ], [ 29.004832268181179, -29.502478600132488 ], [ 29.003418924288059, -29.505307197973153 ], [ 29.00197760228631, -29.508667946469181 ], [ 28.999547003835445, -29.510359527069397 ], [ 28.996558189930276, -29.50920772660044 ], [ 28.994826635252057, -29.507918992489369 ], [ 28.991955438554772, -29.505491256841566 ], [ 28.98939768629527, -29.504388809127914 ], [ 28.987275362174735, -29.504155158177682 ], [ 28.983602287725429, -29.506275891996726 ], [ 28.980707297261365, -29.506230353295827 ], [ 28.97802797952329, -29.505130132004243 ], [ 28.974958419056328, -29.504293918518144 ], [ 28.971541596077021, -29.504486084538929 ], [ 28.969081019461495, -29.505613039181156 ], [ 28.965982435661818, -29.507255936945032 ], [ 28.962597131786104, -29.507450817290227 ], [ 28.959087849626574, -29.506980894842783 ], [ 28.955637455195426, -29.507386364157618 ], [ 28.952448843840383, -29.508337021735521 ], [ 28.949602888657132, -29.509125900495704 ], [ 28.947299139461723, -29.509989330190557 ], [ 28.944996260383448, -29.511058044454131 ], [ 28.941147994854365, -29.510974359415233 ], [ 28.938305664738294, -29.511410141170536 ], [ 28.936068345389131, -29.511643599032023 ], [ 28.932845196678002, -29.511306204336286 ], [ 28.928933620272911, -29.511873084394825 ], [ 28.926504453223622, -29.511019707110698 ], [ 28.924278300371519, -29.509021242229117 ], [ 28.921507835810022, -29.50753784235285 ], [ 28.917882363937885, -29.507547299503557 ], [ 28.915052278131647, -29.50856849074286 ], [ 28.912759779907859, -29.509346007636928 ], [ 28.909884134012231, -29.510080021115815 ], [ 28.908040364724229, -29.512114841520788 ], [ 28.906013488014292, -29.51341676790793 ], [ 28.903990749213303, -29.513671874582204 ], [ 28.900808334630511, -29.513067722070364 ], [ 28.89875602676819, -29.512459755959842 ], [ 28.896580560388884, -29.511638368730676 ], [ 28.893566704115624, -29.51102905407328 ], [ 28.891187895691782, -29.508831115113644 ], [ 28.887890679351024, -29.505006245506294 ], [ 28.884444236997119, -29.504012108189826 ], [ 28.881757496418214, -29.503563166394265 ], [ 28.879101753046953, -29.503012660191242 ], [ 28.877198409570703, -29.50216541305959 ], [ 28.875478982148394, -29.499381301859785 ], [ 28.875185393883672, -29.495914841016791 ], [ 28.875774111648699, -29.493235180210654 ], [ 28.873768806999522, -29.491157292715965 ], [ 28.87142848845594, -29.489355086179781 ], [ 28.868686675374832, -29.488339232675887 ], [ 28.865645647213366, -29.487942933385259 ], [ 28.86238606730711, -29.487529882134368 ], [ 28.859834668962069, -29.485800505817728 ], [ 28.857671101842651, -29.484837214717775 ], [ 28.854871750241106, -29.484984533931669 ], [ 28.852642058423971, -29.486155031750251 ], [ 28.851234435579908, -29.487978614235001 ], [ 28.849308394420991, -29.489281082053843 ], [ 28.846581649741964, -29.489951897123735 ], [ 28.842934129723851, -29.48994350369103 ], [ 28.840054989982477, -29.48998498829496 ], [ 28.837706428272657, -29.489903314381817 ], [ 28.835962295008887, -29.491326015786857 ], [ 28.834154130375843, -29.493227005981449 ], [ 28.832420984745099, -29.495905558656045 ], [ 28.830643971662461, -29.497666995638006 ], [ 28.828432082033316, -29.498503685823941 ], [ 28.826199342127556, -29.498875045119789 ], [ 28.824523925232203, -29.500145775376453 ], [ 28.822470474462158, -29.500859833926874 ], [ 28.819730757967509, -29.500652040600507 ], [ 28.816466649003679, -29.500419300021608 ], [ 28.813287736730086, -29.501599153491998 ], [ 28.808641815239454, -29.502503395554825 ], [ 28.804728985022198, -29.502447485702877 ], [ 28.802054407124821, -29.504584312047545 ], [ 28.800104142322901, -29.506224632116563 ], [ 28.797613462766435, -29.506629308559319 ], [ 28.794960022793269, -29.50654665454724 ], [ 28.792198182164096, -29.506187438166332 ], [ 28.789555358565554, -29.502769183430356 ], [ 28.789015531805994, -29.499267816050502 ], [ 28.790068148437008, -29.496195792634406 ], [ 28.789358934416875, -29.493822733541087 ], [ 28.785604795280427, -29.490159193413913 ], [ 28.782444318004362, -29.488121350654751 ], [ 28.780467748751381, -29.485888004650441 ], [ 28.77873382516205, -29.484051132075773 ], [ 28.776568221779652, -29.483147812544154 ], [ 28.773346424369105, -29.481312754358481 ], [ 28.770974796026415, -29.480864525008489 ], [ 28.768171308933987, -29.481667516687772 ], [ 28.765303173990308, -29.48172124130728 ], [ 28.768266678847731, -29.479539871372197 ], [ 28.771050769730454, -29.478500366265049 ], [ 28.773763179160582, -29.47733831284356 ], [ 28.778105257806374, -29.475220679526505 ], [ 28.779943943598262, -29.473911761541927 ], [ 28.781988143657177, -29.470799130075843 ], [ 28.783653895529792, -29.46809832489874 ], [ 28.784720737937452, -29.465145108487057 ], [ 28.786225797696673, -29.463697913697807 ], [ 28.789007821577894, -29.463224412095435 ], [ 28.791228295059245, -29.464983463625117 ], [ 28.793426512913033, -29.467613602746813 ], [ 28.796158933249693, -29.466928196560605 ], [ 28.795462249303959, -29.462550402062405 ], [ 28.795332908830694, -29.460146904678176 ], [ 28.79603703870368, -29.457588512912626 ], [ 28.79572563131012, -29.454655836529909 ], [ 28.793831110100964, -29.451997519565488 ], [ 28.791871068069796, -29.450997351634346 ], [ 28.789396285018064, -29.450604441599971 ], [ 28.785085678977683, -29.449995042134859 ], [ 28.782812118462274, -29.448487855460105 ], [ 28.781026362757721, -29.446131229485474 ], [ 28.780775070333075, -29.443356195248583 ], [ 28.781520209412225, -29.440231004827645 ], [ 28.782454012202962, -29.437186239262193 ], [ 28.784002942669339, -29.43571726606622 ], [ 28.786564826978477, -29.435322284473099 ], [ 28.790181477299569, -29.435630795851321 ], [ 28.793235778814651, -29.436384200331545 ], [ 28.796794541109815, -29.436608726844305 ], [ 28.79971122447602, -29.435805320072085 ], [ 28.80189056306348, -29.434439085971121 ], [ 28.804483685999948, -29.43224225596175 ], [ 28.808057387939744, -29.429661987313228 ], [ 28.809531404253551, -29.426972580926126 ], [ 28.807595252891559, -29.42508093326699 ], [ 28.804685863647194, -29.425392967515119 ], [ 28.803446769063989, -29.423014644162816 ], [ 28.80239987380746, -29.419848918956927 ], [ 28.800421046482615, -29.415886592062957 ], [ 28.799283026935573, -29.412311552554261 ], [ 28.798069382873702, -29.408811950656478 ], [ 28.797771931582638, -29.405572888509003 ], [ 28.799703279478916, -29.404440242644615 ], [ 28.803553263275838, -29.404197058023286 ], [ 28.806433358369897, -29.403625489765407 ], [ 28.809804278415484, -29.40223089932077 ], [ 28.812067575521127, -29.398797988952264 ], [ 28.811840534128329, -29.395324704605287 ], [ 28.811021041082817, -29.392836760732056 ], [ 28.809561729393995, -29.390880584852198 ], [ 28.807896996824777, -29.38927974881025 ], [ 28.80819893033124, -29.386444409770785 ], [ 28.811905543736248, -29.386097592764205 ], [ 28.813928604243365, -29.386715889324201 ], [ 28.815855026241376, -29.387941359447979 ], [ 28.817914326352167, -29.389500934908575 ], [ 28.821364403959947, -29.391183851881198 ], [ 28.82428216810624, -29.38994207354504 ], [ 28.826666513652754, -29.387557982108149 ], [ 28.828676222658455, -29.385279465477044 ], [ 28.830180167513863, -29.382093239248764 ], [ 28.830796430154603, -29.378887938777321 ], [ 28.830418587741068, -29.376628878790868 ], [ 28.829466247060708, -29.374668121905213 ], [ 28.827461720536917, -29.37251138631154 ], [ 28.825411987244308, -29.371620558268564 ], [ 28.823089121383227, -29.371463774052199 ], [ 28.821003596271421, -29.371607463871619 ], [ 28.818223001187459, -29.372570991368342 ], [ 28.816189449377848, -29.373526891667879 ], [ 28.814226150874433, -29.374521256170262 ], [ 28.809304715269256, -29.37699095442381 ], [ 28.807225322913975, -29.373809528536277 ], [ 28.809797287078375, -29.370417403946703 ], [ 28.811541238295856, -29.368768690575187 ], [ 28.813571931208525, -29.366349219026567 ], [ 28.81383781481459, -29.364049912293378 ], [ 28.812726973017199, -29.362066270690846 ], [ 28.810037612542349, -29.36023330529698 ], [ 28.808193206352527, -29.358770372251787 ], [ 28.806437807568329, -29.357291541399878 ], [ 28.804475784170624, -29.355087758923105 ], [ 28.802040458121002, -29.353759209796749 ], [ 28.799718540383811, -29.351718267023919 ], [ 28.79821033518699, -29.350294876618022 ], [ 28.796806972250288, -29.348632812439469 ], [ 28.794507979844685, -29.348585764601399 ], [ 28.79233401166481, -29.349678585286455 ], [ 28.790274462412157, -29.349317550876975 ], [ 28.78811482164727, -29.350141116933305 ], [ 28.786131380856993, -29.351530075129318 ], [ 28.784085954300952, -29.351520538203047 ], [ 28.780865860412884, -29.350633653222303 ], [ 28.777165519061864, -29.351090643125644 ], [ 28.774014790036183, -29.351641814666941 ], [ 28.771947480066128, -29.351662063337415 ], [ 28.769159951736366, -29.350555525903911 ], [ 28.765833854495625, -29.349991797143971 ], [ 28.763067244820316, -29.350566673255042 ], [ 28.761338550731729, -29.352138518265193 ], [ 28.758676973258556, -29.352899295963276 ], [ 28.755688858513139, -29.352276612202367 ], [ 28.753126223337876, -29.351670027544841 ], [ 28.75046539321524, -29.352539696304959 ], [ 28.748851772242844, -29.353998181453701 ], [ 28.747070313867983, -29.358795164549157 ], [ 28.74244498958609, -29.361913679870511 ], [ 28.739429472677912, -29.362873081177089 ], [ 28.736687659596804, -29.360816000457103 ], [ 28.731376645647821, -29.360029223082474 ], [ 28.729152677018831, -29.359510425230685 ], [ 28.72671222807368, -29.357666019040863 ], [ 28.724184035109811, -29.355434415402183 ], [ 28.722425458326772, -29.354301456295207 ], [ 28.72082709956134, -29.352331162287882 ], [ 28.719331739209085, -29.350914004145135 ], [ 28.717332843212095, -29.349861146234502 ], [ 28.715602876231227, -29.348001477837627 ], [ 28.714092253672007, -29.345052722343091 ], [ 28.710264205879653, -29.341854098012977 ], [ 28.706939693732124, -29.339790347401685 ], [ 28.699802395999296, -29.333400725938731 ], [ 28.696207048036214, -29.33246803544758 ], [ 28.688476563840769, -29.332401274034027 ], [ 28.685132983700012, -29.331920619981023 ], [ 28.678958893059935, -29.331190112717454 ], [ 28.672447205190664, -29.326498030928217 ], [ 28.674922941642066, -29.32414627158877 ], [ 28.676511766410883, -29.320768353435312 ], [ 28.678728103936301, -29.318639756022137 ], [ 28.684564593440975, -29.315412521889851 ], [ 28.687690735959514, -29.312725068214341 ], [ 28.691943646346573, -29.30722427304573 ], [ 28.693727490173714, -29.303508757663078 ], [ 28.694030765015132, -29.299896240693691 ], [ 28.694828033692342, -29.297866820282504 ], [ 28.696914673707962, -29.295735358764198 ], [ 28.698746681795949, -29.293377875120608 ], [ 28.697843551902501, -29.289997895174103 ], [ 28.699157237536554, -29.286147593577262 ], [ 28.699543950473071, -29.280838967033574 ], [ 28.701053615726501, -29.273277285358979 ], [ 28.702317714161495, -29.269840240801749 ], [ 28.70267295709683, -29.267189024125685 ], [ 28.706209181260277, -29.25866444925196 ], [ 28.706932066534851, -29.25569343214034 ], [ 28.709176064369156, -29.251077649667479 ], [ 28.711668016427193, -29.247367862495356 ], [ 28.715057375376517, -29.243780133917042 ], [ 28.71654764962852, -29.241154352950605 ], [ 28.719245909802304, -29.237937927920644 ], [ 28.72082709956134, -29.235010147218588 ], [ 28.721343990613789, -29.232053756714361 ], [ 28.721263881605029, -29.229854584288951 ], [ 28.721416472425364, -29.227373119627199 ], [ 28.721481327039665, -29.225017550595279 ], [ 28.722684861158875, -29.222016334681978 ], [ 28.723140715102002, -29.217909812158172 ], [ 28.722329137617496, -29.214267728080468 ], [ 28.721393583021037, -29.211217880972185 ], [ 28.719356535412754, -29.209873196828507 ], [ 28.717113490978029, -29.20973968181373 ], [ 28.715696332835371, -29.21174811961993 ], [ 28.714990613962875, -29.213771819633006 ], [ 28.714302064096863, -29.21573830004165 ], [ 28.7124252345061, -29.217168805779693 ], [ 28.710783003731443, -29.218551633722157 ], [ 28.708105084052459, -29.218376161310001 ], [ 28.706375124884186, -29.216930385552487 ], [ 28.704870222722811, -29.215425491203618 ], [ 28.704732894109529, -29.212436677298449 ], [ 28.704680441503271, -29.207719803211752 ], [ 28.704526905095772, -29.204614635485694 ], [ 28.704053878240131, -29.201869012712201 ], [ 28.701263902851192, -29.198434351654058 ], [ 28.697825432100753, -29.198577881271405 ], [ 28.694565581543706, -29.201293564952003 ], [ 28.692798615234349, -29.202578545183201 ], [ 28.690932274992974, -29.203762054003391 ], [ 28.688465595838441, -29.205676317225993 ], [ 28.685617065825152, -29.207306162468583 ], [ 28.682392437912196, -29.209328650675449 ], [ 28.680037815769598, -29.210838951528629 ], [ 28.678001881111847, -29.21234226143541 ], [ 28.675560633977625, -29.214733970865026 ], [ 28.674098969961936, -29.217585426882287 ], [ 28.672750377660904, -29.220462512180735 ], [ 28.671034325537835, -29.22389096146787 ], [ 28.66780388223502, -29.226903280373207 ], [ 28.665297318676085, -29.228472327604994 ], [ 28.66306768022293, -29.229561940856176 ], [ 28.661165237879981, -29.231341840093062 ], [ 28.658998011504554, -29.232404232651344 ], [ 28.656924722990439, -29.233398438904846 ], [ 28.654388109631789, -29.235246023744544 ], [ 28.651854039974211, -29.236671924639413 ], [ 28.649881998067549, -29.237761817304509 ], [ 28.647349401491361, -29.239087014252508 ], [ 28.644802501874022, -29.241215161944002 ], [ 28.642888069750082, -29.243315062475151 ], [ 28.639611245489082, -29.244154929357858 ], [ 28.636444094089896, -29.24471219401681 ], [ 28.633230323005886, -29.245465095935042 ], [ 28.630299294809912, -29.247258936873145 ], [ 28.629730225225213, -29.249667032470651 ], [ 28.627355302965473, -29.248550824841569 ], [ 28.626172235295421, -29.25131297961412 ], [ 28.624149639219731, -29.251712800038089 ], [ 28.622737502835992, -29.253215027732505 ], [ 28.620012760296309, -29.252750873743572 ], [ 28.616934671114013, -29.254069381946636 ], [ 28.614431762341329, -29.25593490637144 ], [ 28.612236737595186, -29.256615161465117 ], [ 28.613615989637985, -29.258345602216075 ], [ 28.612471716820508, -29.260738917607632 ], [ 28.609549930032351, -29.262328828069851 ], [ 28.607288551968168, -29.263467979806347 ], [ 28.604550043485077, -29.263331921090408 ], [ 28.601307677911446, -29.263719559292568 ], [ 28.598855588896676, -29.264075089810305 ], [ 28.595958774143092, -29.264719644453297 ], [ 28.593125024428655, -29.264613469864265 ], [ 28.591102283023528, -29.265672046870762 ], [ 28.588776904980783, -29.267717361182456 ], [ 28.585962533893404, -29.2686467173789 ], [ 28.58197227988104, -29.267755986889355 ], [ 28.578980127774866, -29.268248873633841 ], [ 28.577078137292599, -29.269339697091624 ], [ 28.574453832662815, -29.269001960314323 ], [ 28.57218361047844, -29.270105364031785 ], [ 28.570093154911124, -29.270751952594122 ], [ 28.567992208041225, -29.27157402138112 ], [ 28.565318822869944, -29.27266407066751 ], [ 28.563741811825526, -29.274677148977336 ], [ 28.561538700590127, -29.272109983918583 ], [ 28.5585257178526, -29.27191924987207 ], [ 28.557014464324059, -29.270437242431392 ], [ 28.559851645262068, -29.269302368170958 ], [ 28.563182354095339, -29.266865731435999 ], [ 28.563241326355392, -29.263790132232238 ], [ 28.561440946077109, -29.261819365710441 ], [ 28.55924097680067, -29.25988642635129 ], [ 28.557547093039769, -29.257524733416385 ], [ 28.558966630415505, -29.255050656903748 ], [ 28.561141969784853, -29.251758955709018 ], [ 28.561281206642629, -29.24887275770114 ], [ 28.559558868734602, -29.247100832311524 ], [ 28.557430266901317, -29.246219633867266 ], [ 28.556832502541706, -29.243807982910909 ], [ 28.559700490536976, -29.244079112691935 ], [ 28.562359805675296, -29.24491691443929 ], [ 28.565065545576939, -29.243413607638558 ], [ 28.563549037685409, -29.240706920652105 ], [ 28.563503900748909, -29.237113952643568 ], [ 28.562056860855577, -29.233705839994052 ], [ 28.559061046764199, -29.23241767975362 ], [ 28.559200285154173, -29.230339683597585 ], [ 28.56169795813701, -29.229666706944869 ], [ 28.563845951838051, -29.229803719187398 ], [ 28.566164009631944, -29.229550681865192 ], [ 28.565893170597988, -29.227293013319034 ], [ 28.562959666101694, -29.225204466506472 ], [ 28.562780381756724, -29.223138170161246 ], [ 28.564821244278992, -29.222932815581682 ], [ 28.566467282918872, -29.220727917493395 ], [ 28.568300882931229, -29.219283420601961 ], [ 28.571697714119026, -29.219924737004167 ], [ 28.57516193361127, -29.219604492793462 ], [ 28.576560971841868, -29.217235562870837 ], [ 28.575780867962507, -29.214201608284164 ], [ 28.574132439081378, -29.211618418873343 ], [ 28.575261115374072, -29.209278584009081 ], [ 28.578633309950273, -29.20858550196035 ], [ 28.580085756760564, -29.205616000025426 ], [ 28.581531522890224, -29.2035713225421 ], [ 28.582116127216061, -29.201169969669373 ], [ 28.581608771309618, -29.198246952557106 ], [ 28.581942241977053, -29.195605593596486 ], [ 28.584039686809891, -29.195260997056117 ], [ 28.585723244296734, -29.196445469258215 ], [ 28.58797168826792, -29.198114398167064 ], [ 28.590579032692375, -29.198708533849672 ], [ 28.592241288994401, -29.196461675398911 ], [ 28.591503145955976, -29.194015501996141 ], [ 28.590708731976488, -29.190620898127651 ], [ 28.591009776923503, -29.187430064607756 ], [ 28.592825890256378, -29.186113833062844 ], [ 28.595563891261676, -29.187178135939075 ], [ 28.598742009421251, -29.185845376538634 ], [ 28.599083901101018, -29.182861810470296 ], [ 28.602650160649755, -29.181575778087222 ], [ 28.604592321937993, -29.17947387363229 ], [ 28.607012746625958, -29.178689955676319 ], [ 28.609304428747095, -29.17844390778377 ], [ 28.612354277832374, -29.179180143741391 ], [ 28.613804135755959, -29.181510650777366 ], [ 28.615518090917757, -29.179852486201764 ], [ 28.617945195793059, -29.178828714564077 ], [ 28.62023697012248, -29.179088591182701 ], [ 28.622276944681801, -29.180025106047914 ], [ 28.624554634371989, -29.180386539246662 ], [ 28.625855923668485, -29.177810907985769 ], [ 28.628628732578697, -29.178943631550403 ], [ 28.630680719671297, -29.180539768413972 ], [ 28.633267399650929, -29.181286808528807 ], [ 28.635652541837086, -29.180991364422205 ], [ 28.638126373916094, -29.179136909455107 ], [ 28.637447832390194, -29.176893233677848 ], [ 28.635396960007785, -29.175170261473561 ], [ 28.635407764060194, -29.172803879413035 ], [ 28.637873331469276, -29.171029888265277 ], [ 28.64078140956796, -29.171455378579726 ], [ 28.643328666965772, -29.171772639126448 ], [ 28.644670486870293, -29.169493355323596 ], [ 28.644553049241605, -29.166782377873869 ], [ 28.644206526753745, -29.162939308344328 ], [ 28.646217344217394, -29.16198984722207 ], [ 28.649161208006401, -29.161762567340844 ], [ 28.648941994021925, -29.159694672838544 ], [ 28.651304245321207, -29.158499717677056 ], [ 28.654424031931679, -29.157431284481984 ], [ 28.655069355512563, -29.15543746891991 ], [ 28.655452171046147, -29.153574545850415 ], [ 28.657839776772608, -29.152266023308005 ], [ 28.66055361681321, -29.151753743879617 ], [ 28.662829716145509, -29.152059551408961 ], [ 28.665163158469497, -29.150637508596301 ], [ 28.667235240863697, -29.150286811721738 ], [ 28.669620986624821, -29.149531839185162 ], [ 28.671932694737933, -29.149385453733757 ], [ 28.675486247193515, -29.149407548544982 ], [ 28.676457973436897, -29.147111128589543 ], [ 28.674841883914425, -29.144886019373462 ], [ 28.674614163406375, -29.142171648416483 ], [ 28.677483242006584, -29.142646789085692 ], [ 28.680817603317021, -29.144861857445893 ], [ 28.684292316067438, -29.146056174078417 ], [ 28.685115811757921, -29.144152070741104 ], [ 28.683153151082251, -29.143156683445227 ], [ 28.681331633053308, -29.141735074947906 ], [ 28.679805754900766, -29.13942559560201 ], [ 28.681487273667926, -29.136992641915317 ], [ 28.683310986344889, -29.139089588840307 ], [ 28.684588906022345, -29.14109420995732 ], [ 28.686735629938397, -29.140565870443314 ], [ 28.687032695904268, -29.138262746072009 ], [ 28.687225814868288, -29.135873317478801 ], [ 28.69005743707984, -29.135301907164358 ], [ 28.692772864450621, -29.135035035774926 ], [ 28.693835497175456, -29.13267350014015 ], [ 28.692399983729477, -29.130374433099316 ], [ 28.691324468895662, -29.127335229246288 ], [ 28.693943022774636, -29.127211334178661 ], [ 28.694612503088312, -29.12489147047992 ], [ 28.694131757685803, -29.122410388108545 ], [ 28.696838567803717, -29.121498106620681 ], [ 28.69959704176479, -29.119532583817943 ], [ 28.700981777072453, -29.116686819332728 ], [ 28.703125949466223, -29.117387767825399 ], [ 28.704458240006868, -29.119234084554858 ], [ 28.706884623227079, -29.120319683153607 ], [ 28.70683998176855, -29.117762670077486 ], [ 28.70933564494138, -29.118033566539015 ], [ 28.711741445672544, -29.116917608813232 ], [ 28.714011892644486, -29.115617403026462 ], [ 28.716882712736624, -29.11685562054236 ], [ 28.719494342206819, -29.116845610749809 ], [ 28.722926136054049, -29.116816044426464 ], [ 28.725057606290271, -29.115316708369377 ], [ 28.723679067428808, -29.11282301127336 ], [ 28.722693444910185, -29.110586169542319 ], [ 28.72522067463612, -29.108984470638145 ], [ 28.728192808101326, -29.108863352111914 ], [ 28.730396815026737, -29.106465205900967 ], [ 28.728024248170069, -29.104694845939495 ], [ 28.726840968842215, -29.102113722291612 ], [ 28.727979803103331, -29.100100325965862 ], [ 28.732154751216331, -29.100031231616597 ], [ 28.730062100620056, -29.097412110094002 ], [ 28.732670545764737, -29.096312522394264 ], [ 28.73323202338851, -29.092888674830665 ], [ 28.734235003007601, -29.090058897746186 ], [ 28.735640525804151, -29.088124279303319 ], [ 28.737279894976208, -29.086718559840442 ], [ 28.73705100722168, -29.084243393113308 ], [ 28.736406329280427, -29.082079570117504 ], [ 28.737561225554241, -29.080366132959924 ], [ 28.739525606458848, -29.078231427643054 ], [ 28.742330074540344, -29.076523541739064 ], [ 28.745259853996362, -29.076435474212726 ], [ 28.745656012834718, -29.073228835999632 ], [ 28.744360734789009, -29.069912336798943 ], [ 28.746424007956172, -29.068026662167302 ], [ 28.747985076787707, -29.069912532656051 ], [ 28.749494076801362, -29.068404039219754 ], [ 28.746424007956172, -29.068026662167302 ], [ 28.747719765242529, -29.065542220606645 ], [ 28.750609553849515, -29.065496601931763 ], [ 28.75350761640345, -29.064888634992304 ], [ 28.754802706244419, -29.063266750322271 ], [ 28.756793020208104, -29.061221599035104 ], [ 28.757911682222325, -29.063074109841104 ], [ 28.757435608576841, -29.065166473909954 ], [ 28.759317554958596, -29.065929411801395 ], [ 28.761820476435073, -29.063093185093681 ], [ 28.763563161008875, -29.061487832348366 ], [ 28.764783222547962, -29.059066201035645 ], [ 28.766061781257534, -29.057440281429759 ], [ 28.768300192196627, -29.056632587439136 ], [ 28.766315650628659, -29.054343858057919 ], [ 28.767536161135986, -29.051419827915815 ], [ 28.765092055788543, -29.04972688602372 ], [ 28.76253446322432, -29.048943834404351 ], [ 28.76320981966105, -29.046717645714072 ], [ 28.763059139723278, -29.043837548951924 ], [ 28.761859889561435, -29.042012214041502 ], [ 28.759807108430312, -29.040722846248524 ], [ 28.759994112314335, -29.038564444250948 ], [ 28.762799073471545, -29.037383267264239 ], [ 28.760803541902224, -29.035262108454308 ], [ 28.761218069417826, -29.031931782143673 ], [ 28.763498310379831, -29.030475613002938 ], [ 28.765095902721715, -29.028731533394293 ], [ 28.763999934712391, -29.026372908820687 ], [ 28.763251877919171, -29.024031065235501 ], [ 28.764968872229545, -29.022169589123315 ], [ 28.764056205271004, -29.019025486063367 ], [ 28.761007390320458, -29.017135062195699 ], [ 28.763385775164906, -29.014928818858433 ], [ 28.763920307091627, -29.012122632171412 ], [ 28.763861653096011, -29.010034560811238 ], [ 28.763425093723537, -29.007961714804399 ], [ 28.760584042173342, -29.007893877948 ], [ 28.758075236740432, -29.0068674078525 ], [ 28.759440900692578, -29.004844905000905 ], [ 28.757547060597254, -29.00249513129738 ], [ 28.756991069675951, -28.999888737935088 ], [ 28.759058953341498, -28.998956680041911 ], [ 28.761257886015667, -29.000066043370044 ], [ 28.763158082258155, -28.998426681086077 ], [ 28.762145042062603, -28.995949745812034 ], [ 28.760296502974047, -28.994782763986372 ], [ 28.759915543386793, -28.991925048339318 ], [ 28.759983060795523, -28.98836962311664 ], [ 28.760190011140295, -28.985589503103327 ], [ 28.75836229371631, -28.982969284820182 ], [ 28.758480072738401, -28.980347951322361 ], [ 28.759359352539725, -28.978322978164318 ], [ 28.759572219317707, -28.976062773842482 ], [ 28.758078578651535, -28.97419738876852 ], [ 28.756067276215735, -28.972951415888183 ], [ 28.754442530869028, -28.970684052253205 ], [ 28.755917548400166, -28.967338083996342 ], [ 28.757062910501951, -28.964923382297926 ], [ 28.756540096229809, -28.961924672844376 ], [ 28.756080466318167, -28.958700336174182 ], [ 28.756836892176828, -28.95581563310683 ], [ 28.756464004518122, -28.952544689406491 ], [ 28.756161689392833, -28.949041367857099 ], [ 28.756215426177544, -28.945782579103142 ], [ 28.755980966842131, -28.943030354658973 ], [ 28.757442949654276, -28.940310955930016 ], [ 28.757988929654331, -28.937207379074593 ], [ 28.758393284293437, -28.933885569872754 ], [ 28.758961270002924, -28.931420734783387 ], [ 28.760684970594163, -28.92879581227248 ], [ 28.763684590458748, -28.928476968307205 ], [ 28.76697177691192, -28.927361108992212 ], [ 28.769870754387238, -28.925658940870914 ], [ 28.773469287396768, -28.926488239934201 ], [ 28.776404857454917, -28.925765515016955 ], [ 28.778460181459597, -28.923922221100518 ], [ 28.78040170890872, -28.921374792494948 ], [ 28.781631465941725, -28.918996807923648 ], [ 28.782883166221417, -28.916750907464174 ], [ 28.784984271060864, -28.914207458658737 ], [ 28.787479401585458, -28.913074490781 ], [ 28.789172649717031, -28.911439897462966 ], [ 28.793130397819077, -28.909081461762543 ], [ 28.796967506044368, -28.907750606518757 ], [ 28.799768447320616, -28.906305792287835 ], [ 28.802517275795147, -28.905667538133596 ], [ 28.804831502789806, -28.904501920472182 ], [ 28.806756018416667, -28.902621272032892 ], [ 28.8096284910756, -28.899854182186569 ], [ 28.811553002796074, -28.898254397028889 ], [ 28.813319523631019, -28.896656673069089 ], [ 28.815239909049527, -28.894995686088333 ], [ 28.816870213738554, -28.893050193899029 ], [ 28.817828178583159, -28.889807225145937 ], [ 28.815950398633493, -28.887596131393934 ], [ 28.814182914256858, -28.885896683475721 ], [ 28.813461780141591, -28.88287401029579 ], [ 28.813415528839425, -28.879493714719718 ], [ 28.813180289255879, -28.877108251175866 ], [ 28.812704243682607, -28.873450598828644 ], [ 28.811787284046297, -28.869648615752276 ], [ 28.811015608264356, -28.867353439968802 ], [ 28.80961704576308, -28.863992217309487 ], [ 28.807717323105052, -28.860539432150013 ], [ 28.806387901228824, -28.857901576678803 ], [ 28.805515924665425, -28.856050485531238 ], [ 28.80432001841433, -28.853178662611946 ], [ 28.803624151226192, -28.851232529797578 ], [ 28.80244319028764, -28.848878860524586 ], [ 28.801120284036429, -28.846027373542672 ], [ 28.799555776222462, -28.842830654789765 ], [ 28.79841932049214, -28.839211782390596 ], [ 28.798987385596874, -28.836085322752215 ], [ 28.800230979348051, -28.833200451655806 ], [ 28.801689147318154, -28.830601213372088 ], [ 28.802183631693644, -28.827364920400345 ], [ 28.802422846537578, -28.824538542793544 ], [ 28.802289325704077, -28.822451907374958 ], [ 28.801228203307282, -28.820194882633189 ], [ 28.798037340283521, -28.819245528205318 ], [ 28.797483445491267, -28.81663449591121 ], [ 28.797718367366553, -28.812832196428474 ], [ 28.798124311377315, -28.809090615695855 ], [ 28.799454690284797, -28.806849482881237 ], [ 28.801016807473822, -28.804770947723025 ], [ 28.802377385599986, -28.801052407355044 ], [ 28.803606669455316, -28.797971089643838 ], [ 28.804441455914475, -28.795612334433308 ], [ 28.805858291853269, -28.792016985471648 ], [ 28.807475088729827, -28.7889785766146 ], [ 28.809510549669181, -28.785814922965859 ], [ 28.811075213733094, -28.783969881297434 ], [ 28.812712666859696, -28.781822206816244 ], [ 28.813194268422592, -28.778974537542791 ], [ 28.813198731964306, -28.776683167748974 ], [ 28.813362127797792, -28.774745943788883 ], [ 28.814311022314975, -28.773169514099873 ], [ 28.819114480019547, -28.768089850620605 ], [ 28.823917472543869, -28.763010012569779 ], [ 28.828720000000207, -28.757929999999888 ], [ 28.837615369001956, -28.757532494039651 ], [ 28.855946673058263, -28.756713326008644 ], [ 28.857140000000324, -28.756659999999879 ], [ 28.861316541364189, -28.757374408390991 ] ], [ [ 28.612936974794167, -29.188106539672788 ], [ 28.615537646190269, -29.187775611677381 ], [ 28.613018512414644, -29.185857301633767 ], [ 28.612936974794167, -29.188106539672788 ] ], [ [ 28.582225800525606, -29.207096096632569 ], [ 28.580772719128177, -29.20882225021202 ], [ 28.584024428485066, -29.209802630472993 ], [ 28.58647982451583, -29.208962124902339 ], [ 28.586732865928987, -29.206499731524694 ], [ 28.584239961364609, -29.206093791152355 ], [ 28.582225800525606, -29.207096096632569 ] ] ] } },
{ "type": "Feature", "properties": { "adm1_name": "Leribe", "div_name": "District", "adm0_name": "Lesotho", "adm1_code": 8 }, "geometry": { "type": "Polygon", "coordinates": [ [ [ 28.195873897867173, -28.694581815053489 ], [ 28.1985700000001, -28.701269999999891 ], [ 28.20214, -28.704779999999786 ], [ 28.208110000000296, -28.705579999999809 ], [ 28.212549820018772, -28.704760877100611 ], [ 28.212914566987045, -28.704693583258113 ], [ 28.218300000000184, -28.703699999999778 ], [ 28.219072737768712, -28.703404564797875 ], [ 28.222142005208827, -28.702231114123023 ], [ 28.222869232990732, -28.704133244896358 ], [ 28.223788256213144, -28.70643889778497 ], [ 28.225218198895274, -28.708715818077902 ], [ 28.22576963449761, -28.712176084219877 ], [ 28.225449461331053, -28.715674446032381 ], [ 28.227138817755758, -28.718370374318148 ], [ 28.228943821649398, -28.720791817420267 ], [ 28.231136317331028, -28.722899753727283 ], [ 28.233253479946118, -28.723184903220368 ], [ 28.23688983738608, -28.722938536527721 ], [ 28.239664074825853, -28.725144066463471 ], [ 28.240279513943744, -28.727524437662911 ], [ 28.242550847007418, -28.728742595991164 ], [ 28.24379793427012, -28.730590822775582 ], [ 28.245943546318063, -28.732524234575308 ], [ 28.247281501916287, -28.735544633213529 ], [ 28.247316482593131, -28.739610057384791 ], [ 28.247850899914017, -28.743621348941218 ], [ 28.24770631483473, -28.747545047543689 ], [ 28.24658560527331, -28.750713706615084 ], [ 28.245975491892249, -28.753581164431342 ], [ 28.244989710274492, -28.756164072399738 ], [ 28.244372288276875, -28.759547549751275 ], [ 28.243298170468933, -28.763220666983692 ], [ 28.241304037159786, -28.766121980705318 ], [ 28.240461342939248, -28.769137788498146 ], [ 28.241181526731229, -28.771473407760762 ], [ 28.241760132176474, -28.774184825208749 ], [ 28.24192518912929, -28.777257152820269 ], [ 28.242425758273825, -28.779749870384897 ], [ 28.241981887275557, -28.78178138573746 ], [ 28.240912434513564, -28.783916898757123 ], [ 28.242120742755205, -28.786707498516396 ], [ 28.243955990535085, -28.788184929721417 ], [ 28.245817182901266, -28.789292653263644 ], [ 28.247864407317657, -28.790604269280774 ], [ 28.249366288085319, -28.792331930318117 ], [ 28.250489474388928, -28.794305321459902 ], [ 28.252278802343266, -28.796745538096214 ], [ 28.252744674895446, -28.79971466008644 ], [ 28.254617217994781, -28.801880120575497 ], [ 28.256775961116197, -28.803297893122149 ], [ 28.25867356208207, -28.804743766662511 ], [ 28.261707690908299, -28.805514906914521 ], [ 28.2643742518901, -28.806458469863806 ], [ 28.266361231692926, -28.807958595517103 ], [ 28.267420960460864, -28.809949873754693 ], [ 28.269793507085538, -28.811313312980658 ], [ 28.272320553968132, -28.811879729350821 ], [ 28.274899164639343, -28.812353767231503 ], [ 28.277483627146726, -28.812848726812291 ], [ 28.280415213973352, -28.813376109505985 ], [ 28.28232765575207, -28.815419673330013 ], [ 28.283445736036693, -28.817529297689127 ], [ 28.285731725106821, -28.818889348051147 ], [ 28.289065168479887, -28.818646243891678 ], [ 28.291558075048172, -28.819031524782424 ], [ 28.29417648258945, -28.819153216550198 ], [ 28.296969412687844, -28.818808082291337 ], [ 28.29978370365993, -28.818426892653083 ], [ 28.302050592113414, -28.818066916416885 ], [ 28.305280683833111, -28.817333537960433 ], [ 28.308268863247065, -28.816326138156501 ], [ 28.310822165307247, -28.815787001004512 ], [ 28.31269788483317, -28.814768314668694 ], [ 28.315239666126967, -28.814717530162937 ], [ 28.318354127233491, -28.816047984102223 ], [ 28.321145059777407, -28.817554473257513 ], [ 28.32331562372341, -28.818680762022698 ], [ 28.325249909366711, -28.820112941799248 ], [ 28.326790999333372, -28.822362899318389 ], [ 28.328494067976372, -28.824007670480324 ], [ 28.331353185548135, -28.824472427951232 ], [ 28.33330773997773, -28.826224325908957 ], [ 28.336247767553257, -28.827215831816645 ], [ 28.339095596205532, -28.828713891803904 ], [ 28.342220141637252, -28.832014241258342 ], [ 28.345224375411092, -28.833468627344839 ], [ 28.347103935921258, -28.83508028325117 ], [ 28.348826403235904, -28.836547846386097 ], [ 28.351520791487971, -28.837512368187546 ], [ 28.353858471502512, -28.839040281424634 ], [ 28.356807772014591, -28.839945123212264 ], [ 28.359643935817779, -28.841260429514538 ], [ 28.361682412765198, -28.842580795258833 ], [ 28.363846779192169, -28.844048592489703 ], [ 28.366625790296162, -28.845695489696134 ], [ 28.368547444420432, -28.846810339710306 ], [ 28.370389936742967, -28.848168053797686 ], [ 28.373523552117529, -28.848957538141185 ], [ 28.376875303854398, -28.848620606075205 ], [ 28.379927312996877, -28.849028907169917 ], [ 28.382574082709521, -28.849714913672454 ], [ 28.385426202076157, -28.850463548643535 ], [ 28.389158247954004, -28.85006618570063 ], [ 28.392455416256656, -28.849929612331483 ], [ 28.395702361297669, -28.850990926733445 ], [ 28.398581505189323, -28.852074621996749 ], [ 28.400915147687943, -28.852403637576153 ], [ 28.404357274365054, -28.852478664141469 ], [ 28.406805992078542, -28.853942872002026 ], [ 28.408805047940188, -28.856471377741389 ], [ 28.411103722599872, -28.85884857205976 ], [ 28.412158011858612, -28.861909547382925 ], [ 28.412916188325198, -28.86417579803895 ], [ 28.413640340069723, -28.866426466049489 ], [ 28.414314623234581, -28.868766546195591 ], [ 28.415902133776004, -28.870518206382712 ], [ 28.418044408501263, -28.871627166784176 ], [ 28.421212191402411, -28.872248170009552 ], [ 28.423583346651448, -28.874434150512741 ], [ 28.42625475073277, -28.876141072506801 ], [ 28.427663415616266, -28.87807617323881 ], [ 28.428881836710506, -28.880968851837775 ], [ 28.4304262742465, -28.883304280868561 ], [ 28.432907742234658, -28.885072706369264 ], [ 28.435514826495222, -28.885179520811622 ], [ 28.437785469351894, -28.884191510833347 ], [ 28.440551758108001, -28.884194371378126 ], [ 28.443136215772501, -28.884522760830823 ], [ 28.445374488712737, -28.884436610211917 ], [ 28.447220992409704, -28.882731629151937 ], [ 28.449184413917838, -28.880778317608137 ], [ 28.450764969738817, -28.879471459824281 ], [ 28.453223467301235, -28.878496644861219 ], [ 28.456884220045552, -28.87888956033018 ], [ 28.460292815602383, -28.878187177639681 ], [ 28.463960649802921, -28.877652803568822 ], [ 28.467192838788979, -28.877189255442804 ], [ 28.470009806683127, -28.878097534659531 ], [ 28.472671887564282, -28.87875060852252 ], [ 28.475374221073778, -28.879114788931638 ], [ 28.479217909330877, -28.879751967137658 ], [ 28.480951304864831, -28.881080630724366 ], [ 28.482951475700279, -28.88222058662684 ], [ 28.484633128182256, -28.883970895705758 ], [ 28.485462904682034, -28.887435677702978 ], [ 28.487349982908604, -28.889593604817577 ], [ 28.489884058025016, -28.892879646060955 ], [ 28.491542812479963, -28.898018452619368 ], [ 28.493689853909142, -28.901156426847297 ], [ 28.495994571224713, -28.904259207910755 ], [ 28.497080325098278, -28.908249692923583 ], [ 28.497663490676238, -28.91154098029325 ], [ 28.497820853631261, -28.914736273063891 ], [ 28.49676704145072, -28.917321207843628 ], [ 28.4954309437482, -28.919140332806826 ], [ 28.494312920424235, -28.921710968586623 ], [ 28.493366877553704, -28.92355124018049 ], [ 28.49081230485837, -28.925531387579074 ], [ 28.488008816962317, -28.927813843027185 ], [ 28.486003877242116, -28.930360790975641 ], [ 28.486312866503582, -28.933215612976216 ], [ 28.487526096353232, -28.935924846584694 ], [ 28.488906862372176, -28.939402581585384 ], [ 28.490927854983749, -28.941842238338623 ], [ 28.49389457213276, -28.943372250149292 ], [ 28.49666738407619, -28.945093630272623 ], [ 28.499107991312233, -28.946488062245269 ], [ 28.503437038267897, -28.948362350316238 ], [ 28.506579401180709, -28.949731822982084 ], [ 28.508092875567414, -28.951309214226907 ], [ 28.510279897167589, -28.953630445903112 ], [ 28.510179520055189, -28.956033705968022 ], [ 28.508265175246827, -28.958368936599289 ], [ 28.505617856348863, -28.960266826178916 ], [ 28.506152156134078, -28.963872910015699 ], [ 28.503794666124737, -28.96645069375834 ], [ 28.50370121450354, -28.968953133603016 ], [ 28.504947662745138, -28.970661162469625 ], [ 28.507231228841444, -28.972178935485605 ], [ 28.508406797477392, -28.97476847972731 ], [ 28.505762738232065, -28.975883484061239 ], [ 28.502984040381406, -28.977052687492467 ], [ 28.500284195264424, -28.977598190976895 ], [ 28.49704821602279, -28.978087900417094 ], [ 28.495800020193073, -28.980515797891627 ], [ 28.494624458486427, -28.983054478711679 ], [ 28.492961885524103, -28.984778399722778 ], [ 28.491354465379914, -28.986302375540941 ], [ 28.490795130983425, -28.988564487722336 ], [ 28.48984217473458, -28.991867063637834 ], [ 28.489791232709671, -28.994511289404979 ], [ 28.490515232526125, -28.996968748563102 ], [ 28.490154268332301, -28.99999157441442 ], [ 28.488552728573712, -29.002444587937749 ], [ 28.487672801731478, -29.004657750714614 ], [ 28.487626556375933, -29.007197858767309 ], [ 28.486671444474897, -29.009672164221257 ], [ 28.485714276827888, -29.01264667465664 ], [ 28.486395833530075, -29.015063284480092 ], [ 28.48657417365763, -29.017561596159315 ], [ 28.485933941771457, -29.01964886335502 ], [ 28.485042566060969, -29.022228238256599 ], [ 28.485336304479713, -29.024326322384187 ], [ 28.486880616110465, -29.027357100592678 ], [ 28.488508225510255, -29.02958297567222 ], [ 28.490438141994655, -29.030526637277877 ], [ 28.487953027258527, -29.032468795749967 ], [ 28.484421013738292, -29.033885479850753 ], [ 28.48227787036468, -29.035614970787883 ], [ 28.482559206249313, -29.038435458201818 ], [ 28.482768538776359, -29.041020871498514 ], [ 28.482991216298203, -29.043357371376889 ], [ 28.483606335657207, -29.045998571945454 ], [ 28.48519961176985, -29.047641754566268 ], [ 28.487356185363776, -29.049156820676615 ], [ 28.489678862467315, -29.05066632782043 ], [ 28.490642165412638, -29.05336227483415 ], [ 28.491498186066554, -29.055869674004398 ], [ 28.49411312423522, -29.058193998540883 ], [ 28.494937893404536, -29.060612680957899 ], [ 28.494905471985387, -29.062919612040329 ], [ 28.495235448996791, -29.066247945217039 ], [ 28.495630269341653, -29.069485664854767 ], [ 28.496129984754081, -29.071538925497254 ], [ 28.496868135316443, -29.074570652809118 ], [ 28.497903822878023, -29.077790263294535 ], [ 28.500643249716017, -29.08055162279053 ], [ 28.502761838659584, -29.081868486888652 ], [ 28.50516507700338, -29.083476192451197 ], [ 28.505676268259371, -29.081469211253431 ], [ 28.508018490792274, -29.081312176238217 ], [ 28.510426841763547, -29.081731157275193 ], [ 28.513340627100025, -29.082785922419042 ], [ 28.515684135931462, -29.083545683592483 ], [ 28.518503819601925, -29.084559760297402 ], [ 28.520942208343246, -29.085424423941376 ], [ 28.523131370235543, -29.084009646370546 ], [ 28.522317880538338, -29.082125192204057 ], [ 28.52006435360963, -29.080059525623426 ], [ 28.518403525613699, -29.077666283189863 ], [ 28.519707039805841, -29.074795086834882 ], [ 28.522557735647712, -29.073003766810391 ], [ 28.525776676105185, -29.0721584306614 ], [ 28.527004716957748, -29.069404120731225 ], [ 28.525783531902182, -29.066304207838535 ], [ 28.524187089123409, -29.064426904592789 ], [ 28.52231342958904, -29.063169479701557 ], [ 28.521137551845865, -29.060267130893603 ], [ 28.523135379814612, -29.058494570338112 ], [ 28.525731082275229, -29.059066294644232 ], [ 28.527719113968629, -29.060706713546814 ], [ 28.529856363667626, -29.061932882780873 ], [ 28.532564926413983, -29.062038801672308 ], [ 28.53350677613442, -29.05980300873361 ], [ 28.531962711784086, -29.057215135964555 ], [ 28.530128476235038, -29.054411886649834 ], [ 28.528622864518848, -29.052096364327685 ], [ 28.530092238837867, -29.049662014727296 ], [ 28.532471971113548, -29.049518583784529 ], [ 28.53506517411406, -29.047735767444728 ], [ 28.535773274162434, -29.044945719330141 ], [ 28.534991259095865, -29.042936319061031 ], [ 28.534702298937308, -29.040843486426727 ], [ 28.535776136128387, -29.03848711476218 ], [ 28.537521999572245, -29.037317907903027 ], [ 28.539871217418366, -29.037621733587994 ], [ 28.541870931672374, -29.03915977621654 ], [ 28.544986085979684, -29.040428161032295 ], [ 28.547733305155653, -29.03990697473844 ], [ 28.550071716025837, -29.039616899470456 ], [ 28.553592204195354, -29.0394017210321 ], [ 28.556577198321186, -29.040160653076864 ], [ 28.558735843159976, -29.040041924536443 ], [ 28.560711858661513, -29.039478300450373 ], [ 28.563654419947259, -29.039031501492808 ], [ 28.566591738897728, -29.038883688018547 ], [ 28.568930941943925, -29.039620074378348 ], [ 28.571332928151637, -29.039930344224963 ], [ 28.57415485750716, -29.039502617446789 ], [ 28.576499299134927, -29.039726257088439 ], [ 28.578064917574974, -29.041174885778243 ], [ 28.581041097677428, -29.043438197876871 ], [ 28.584425245781485, -29.044105798022436 ], [ 28.586527503073111, -29.0461006197561 ], [ 28.588859179601943, -29.047999567723505 ], [ 28.591350556901872, -29.049029347479728 ], [ 28.594279669653243, -29.050587367161441 ], [ 28.596872709687847, -29.052865598492673 ], [ 28.599028907951251, -29.054066340015861 ], [ 28.601672489495321, -29.054456707244448 ], [ 28.602957729202338, -29.056640625974662 ], [ 28.604905701969162, -29.058823389505118 ], [ 28.607455569471551, -29.060369495376893 ], [ 28.610198020567456, -29.0614228199092 ], [ 28.613642499239432, -29.063428625648037 ], [ 28.615483091162218, -29.066264726512593 ], [ 28.617922779165038, -29.06826066862347 ], [ 28.620974543886678, -29.069502829129391 ], [ 28.623772912752642, -29.070377082179789 ], [ 28.625791546986189, -29.06960677646191 ], [ 28.627692221747058, -29.068243022668817 ], [ 28.630273817227557, -29.065300945077666 ], [ 28.631653471381501, -29.063409173091582 ], [ 28.633037566249463, -29.061880753503889 ], [ 28.635300921914752, -29.060626603190688 ], [ 28.637586116049739, -29.060631749276556 ], [ 28.63915824884009, -29.058798787213892 ], [ 28.640728523528235, -29.055858187573925 ], [ 28.643496891880215, -29.055814168261286 ], [ 28.646287918365697, -29.054858524166228 ], [ 28.648782731799582, -29.053831098985118 ], [ 28.651282546922484, -29.052497867033612 ], [ 28.654112498385164, -29.051164945354536 ], [ 28.656279882185331, -29.051322936755565 ], [ 28.66038417238752, -29.051081184211892 ], [ 28.664712906538558, -29.050465582566677 ], [ 28.667450768039981, -29.050167793304361 ], [ 28.67148733013558, -29.049407003983486 ], [ 28.675577160936626, -29.046452998859419 ], [ 28.675624847720659, -29.044350624937888 ], [ 28.67464661330381, -29.041500328553905 ], [ 28.676209130997531, -29.039378482646306 ], [ 28.677968975861322, -29.038158417614458 ], [ 28.679309210136438, -29.036363601500682 ], [ 28.680925208569906, -29.033047672935886 ], [ 28.683437825364887, -29.031254764480053 ], [ 28.684809684495892, -29.028889657393254 ], [ 28.686337151957563, -29.026684441279805 ], [ 28.688431415697234, -29.024812059871042 ], [ 28.689849854053072, -29.023213380094749 ], [ 28.691685993736037, -29.022177377339876 ], [ 28.693576812175458, -29.021109254251321 ], [ 28.695833205446974, -29.018654503475695 ], [ 28.698471700471217, -29.018927570856935 ], [ 28.70148753524575, -29.018995760488476 ], [ 28.703313823608688, -29.017455417868621 ], [ 28.703920835456586, -29.014665602316981 ], [ 28.70484733352987, -29.011482869310413 ], [ 28.705714229733669, -29.009554860193788 ], [ 28.70609346768742, -29.007042564617503 ], [ 28.705416675015826, -29.004544414548029 ], [ 28.703586578139472, -29.002050399383418 ], [ 28.701770782533064, -28.999763485940711 ], [ 28.703075406506805, -28.994941707373091 ], [ 28.704611300099202, -28.991192976362768 ], [ 28.707274753384148, -28.986492156274824 ], [ 28.708512463524215, -28.98268842765599 ], [ 28.709129334923865, -28.979812615024048 ], [ 28.709042225898006, -28.977476757598431 ], [ 28.708733872754454, -28.974709513828923 ], [ 28.709164621450277, -28.972139360033356 ], [ 28.710422517776578, -28.969820657407542 ], [ 28.712867731358592, -28.967168810080302 ], [ 28.714181896281698, -28.965585710597509 ], [ 28.716154577482932, -28.963355535873326 ], [ 28.71787006901727, -28.961009343393741 ], [ 28.720460575520889, -28.958813979310062 ], [ 28.723354718322124, -28.955231094693868 ], [ 28.725790975924802, -28.952458379993541 ], [ 28.727502822807093, -28.950137137159327 ], [ 28.728302001914251, -28.948239647576802 ], [ 28.729461667106303, -28.946344372356482 ], [ 28.732306951922681, -28.943479380135241 ], [ 28.733556747123345, -28.939611436631353 ], [ 28.734872338996741, -28.935897352058038 ], [ 28.736143113458578, -28.933897018132516 ], [ 28.737629571318134, -28.931815462980982 ], [ 28.738852501950984, -28.930176736140357 ], [ 28.740330216662645, -28.927652357434553 ], [ 28.741727834847207, -28.925685880040032 ], [ 28.743151663708421, -28.923206322827767 ], [ 28.744594573688897, -28.920372638672887 ], [ 28.744951244993654, -28.917992907467106 ], [ 28.744679921313331, -28.914468763724145 ], [ 28.74687353579175, -28.91109482422063 ], [ 28.749172215796936, -28.908959387734146 ], [ 28.752202035356355, -28.907885552791935 ], [ 28.754535672604774, -28.906638144619269 ], [ 28.756747245039204, -28.904741764359777 ], [ 28.759003322849019, -28.902798333115221 ], [ 28.761086141094538, -28.903412499473614 ], [ 28.764719802658266, -28.904402575139688 ], [ 28.768400829280626, -28.903624849314525 ], [ 28.771327335100437, -28.903621675182634 ], [ 28.773432412458554, -28.904682158088125 ], [ 28.776505469269175, -28.906624319228925 ], [ 28.780123550299773, -28.90715837429363 ], [ 28.782793994092092, -28.905526158838924 ], [ 28.785577766152603, -28.904407507429642 ], [ 28.788781644108518, -28.904544348858675 ], [ 28.791660312343591, -28.904825210982899 ], [ 28.793719607218303, -28.904985428433051 ], [ 28.797701518292683, -28.905264535394416 ], [ 28.799768447320616, -28.906305792287835 ], [ 28.796967506044368, -28.907750606518757 ], [ 28.793130397819077, -28.909081461762543 ], [ 28.789172649717031, -28.911439897462966 ], [ 28.787479401585458, -28.913074490781 ], [ 28.784984271060864, -28.914207458658737 ], [ 28.782883166221417, -28.916750907464174 ], [ 28.781631465941725, -28.918996807923648 ], [ 28.78040170890872, -28.921374792494948 ], [ 28.778460181459597, -28.923922221100518 ], [ 28.776404857454917, -28.925765515016955 ], [ 28.773469287396768, -28.926488239934201 ], [ 28.769870754387238, -28.925658940870914 ], [ 28.76697177691192, -28.927361108992212 ], [ 28.763684590458748, -28.928476968307205 ], [ 28.760684970594163, -28.92879581227248 ], [ 28.758961270002924, -28.931420734783387 ], [ 28.758393284293437, -28.933885569872754 ], [ 28.757988929654331, -28.937207379074593 ], [ 28.757442949654276, -28.940310955930016 ], [ 28.755980966842131, -28.943030354658973 ], [ 28.756215426177544, -28.945782579103142 ], [ 28.756161689392833, -28.949041367857099 ], [ 28.756464004518122, -28.952544689406491 ], [ 28.756836892176828, -28.95581563310683 ], [ 28.756080466318167, -28.958700336174182 ], [ 28.756540096229809, -28.961924672844376 ], [ 28.757062910501951, -28.964923382297926 ], [ 28.755917548400166, -28.967338083996342 ], [ 28.754442530869028, -28.970684052253205 ], [ 28.756067276215735, -28.972951415888183 ], [ 28.758078578651535, -28.97419738876852 ], [ 28.759572219317707, -28.976062773842482 ], [ 28.759359352539725, -28.978322978164318 ], [ 28.758480072738401, -28.980347951322361 ], [ 28.75836229371631, -28.982969284820182 ], [ 28.760190011140295, -28.985589503103327 ], [ 28.759983060795523, -28.98836962311664 ], [ 28.759915543386793, -28.991925048339318 ], [ 28.760296502974047, -28.994782763986372 ], [ 28.762145042062603, -28.995949745812034 ], [ 28.763158082258155, -28.998426681086077 ], [ 28.761257886015667, -29.000066043370044 ], [ 28.759058953341498, -28.998956680041911 ], [ 28.756991069675951, -28.999888737935088 ], [ 28.757547060597254, -29.00249513129738 ], [ 28.759440900692578, -29.004844905000905 ], [ 28.758075236740432, -29.0068674078525 ], [ 28.760584042173342, -29.007893877948 ], [ 28.763425093723537, -29.007961714804399 ], [ 28.763861653096011, -29.010034560811238 ], [ 28.763920307091627, -29.012122632171412 ], [ 28.763385775164906, -29.014928818858433 ], [ 28.761007390320458, -29.017135062195699 ], [ 28.764056205271004, -29.019025486063367 ], [ 28.764968872229545, -29.022169589123315 ], [ 28.763251877919171, -29.024031065235501 ], [ 28.763999934712391, -29.026372908820687 ], [ 28.765095902721715, -29.028731533394293 ], [ 28.763498310379831, -29.030475613002938 ], [ 28.761218069417826, -29.031931782143673 ], [ 28.760803541902224, -29.035262108454308 ], [ 28.762799073471545, -29.037383267264239 ], [ 28.759994112314335, -29.038564444250948 ], [ 28.759807108430312, -29.040722846248524 ], [ 28.761859889561435, -29.042012214041502 ], [ 28.763059139723278, -29.043837548951924 ], [ 28.76320981966105, -29.046717645714072 ], [ 28.76253446322432, -29.048943834404351 ], [ 28.765092055788543, -29.04972688602372 ], [ 28.767536161135986, -29.051419827915815 ], [ 28.766315650628659, -29.054343858057919 ], [ 28.768300192196627, -29.056632587439136 ], [ 28.766061781257534, -29.057440281429759 ], [ 28.764783222547962, -29.059066201035645 ], [ 28.763563161008875, -29.061487832348366 ], [ 28.761820476435073, -29.063093185093681 ], [ 28.759317554958596, -29.065929411801395 ], [ 28.757435608576841, -29.065166473909954 ], [ 28.757911682222325, -29.063074109841104 ], [ 28.756793020208104, -29.061221599035104 ], [ 28.754802706244419, -29.063266750322271 ], [ 28.75350761640345, -29.064888634992304 ], [ 28.750609553849515, -29.065496601931763 ], [ 28.747719765242529, -29.065542220606645 ], [ 28.746424007956172, -29.068026662167302 ], [ 28.744360734789009, -29.069912336798943 ], [ 28.745656012834718, -29.073228835999632 ], [ 28.745259853996362, -29.076435474212726 ], [ 28.742330074540344, -29.076523541739064 ], [ 28.739525606458848, -29.078231427643054 ], [ 28.737561225554241, -29.080366132959924 ], [ 28.736406329280427, -29.082079570117504 ], [ 28.73705100722168, -29.084243393113308 ], [ 28.737279894976208, -29.086718559840442 ], [ 28.735640525804151, -29.088124279303319 ], [ 28.734235003007601, -29.090058897746186 ], [ 28.73323202338851, -29.092888674830665 ], [ 28.732670545764737, -29.096312522394264 ], [ 28.730062100620056, -29.097412110094002 ], [ 28.732154751216331, -29.100031231616597 ], [ 28.727979803103331, -29.100100325965862 ], [ 28.726840968842215, -29.102113722291612 ], [ 28.728024248170069, -29.104694845939495 ], [ 28.730396815026737, -29.106465205900967 ], [ 28.728192808101326, -29.108863352111914 ], [ 28.72522067463612, -29.108984470638145 ], [ 28.722693444910185, -29.110586169542319 ], [ 28.723679067428808, -29.11282301127336 ], [ 28.725057606290271, -29.115316708369377 ], [ 28.722926136054049, -29.116816044426464 ], [ 28.719494342206819, -29.116845610749809 ], [ 28.716882712736624, -29.11685562054236 ], [ 28.714011892644486, -29.115617403026462 ], [ 28.717582227191162, -29.114452520214208 ], [ 28.716371058088285, -29.112704752388719 ], [ 28.714011892644486, -29.115617403026462 ], [ 28.711741445672544, -29.116917608813232 ], [ 28.70933564494138, -29.118033566539015 ], [ 28.70683998176855, -29.117762670077486 ], [ 28.706884623227079, -29.120319683153607 ], [ 28.704458240006868, -29.119234084554858 ], [ 28.703125949466223, -29.117387767825399 ], [ 28.700981777072453, -29.116686819332728 ], [ 28.69959704176479, -29.119532583817943 ], [ 28.696838567803717, -29.121498106620681 ], [ 28.694131757685803, -29.122410388108545 ], [ 28.694612503088312, -29.12489147047992 ], [ 28.693943022774636, -29.127211334178661 ], [ 28.691324468895662, -29.127335229246288 ], [ 28.692399983729477, -29.130374433099316 ], [ 28.693835497175456, -29.13267350014015 ], [ 28.692772864450621, -29.135035035774926 ], [ 28.69005743707984, -29.135301907164358 ], [ 28.687225814868288, -29.135873317478801 ], [ 28.687032695904268, -29.138262746072009 ], [ 28.686735629938397, -29.140565870443314 ], [ 28.684588906022345, -29.14109420995732 ], [ 28.683310986344889, -29.139089588840307 ], [ 28.681487273667926, -29.136992641915317 ], [ 28.679805754900766, -29.13942559560201 ], [ 28.681331633053308, -29.141735074947906 ], [ 28.683153151082251, -29.143156683445227 ], [ 28.685115811757921, -29.144152070741104 ], [ 28.684292316067438, -29.146056174078417 ], [ 28.680817603317021, -29.144861857445893 ], [ 28.677483242006584, -29.142646789085692 ], [ 28.674614163406375, -29.142171648416483 ], [ 28.674841883914425, -29.144886019373462 ], [ 28.676457973436897, -29.147111128589543 ], [ 28.675486247193515, -29.149407548544982 ], [ 28.671932694737933, -29.149385453733757 ], [ 28.669620986624821, -29.149531839185162 ], [ 28.667235240863697, -29.150286811721738 ], [ 28.665163158469497, -29.150637508596301 ], [ 28.662829716145509, -29.152059551408961 ], [ 28.66055361681321, -29.151753743879617 ], [ 28.657839776772608, -29.152266023308005 ], [ 28.655452171046147, -29.153574545850415 ], [ 28.655069355512563, -29.15543746891991 ], [ 28.654424031931679, -29.157431284481984 ], [ 28.651304245321207, -29.158499717677056 ], [ 28.648941994021925, -29.159694672838544 ], [ 28.649161208006401, -29.161762567340844 ], [ 28.646217344217394, -29.16198984722207 ], [ 28.644206526753745, -29.162939308344328 ], [ 28.644553049241605, -29.166782377873869 ], [ 28.644670486870293, -29.169493355323596 ], [ 28.643328666965772, -29.171772639126448 ], [ 28.64078140956796, -29.171455378579726 ], [ 28.637873331469276, -29.171029888265277 ], [ 28.635407764060194, -29.172803879413035 ], [ 28.635396960007785, -29.175170261473561 ], [ 28.637447832390194, -29.176893233677848 ], [ 28.638126373916094, -29.179136909455107 ], [ 28.635652541837086, -29.180991364422205 ], [ 28.633267399650929, -29.181286808528807 ], [ 28.630680719671297, -29.180539768413972 ], [ 28.628628732578697, -29.178943631550403 ], [ 28.625855923668485, -29.177810907985769 ], [ 28.624554634371989, -29.180386539246662 ], [ 28.622276944681801, -29.180025106047914 ], [ 28.62023697012248, -29.179088591182701 ], [ 28.617945195793059, -29.178828714564077 ], [ 28.615518090917757, -29.179852486201764 ], [ 28.613804135755959, -29.181510650777366 ], [ 28.612354277832374, -29.179180143741391 ], [ 28.609304428747095, -29.17844390778377 ], [ 28.607012746625958, -29.178689955676319 ], [ 28.604592321937993, -29.17947387363229 ], [ 28.602650160649755, -29.181575778087222 ], [ 28.599083901101018, -29.182861810470296 ], [ 28.598742009421251, -29.185845376538634 ], [ 28.595563891261676, -29.187178135939075 ], [ 28.592825890256378, -29.186113833062844 ], [ 28.591009776923503, -29.187430064607756 ], [ 28.590708731976488, -29.190620898127651 ], [ 28.591503145955976, -29.194015501996141 ], [ 28.592241288994401, -29.196461675398911 ], [ 28.590579032692375, -29.198708533849672 ], [ 28.58797168826792, -29.198114398167064 ], [ 28.585723244296734, -29.196445469258215 ], [ 28.584039686809891, -29.195260997056117 ], [ 28.581942241977053, -29.195605593596486 ], [ 28.581608771309618, -29.198246952557106 ], [ 28.582116127216061, -29.201169969669373 ], [ 28.581531522890224, -29.2035713225421 ], [ 28.580085756760564, -29.205616000025426 ], [ 28.578633309950273, -29.20858550196035 ], [ 28.575261115374072, -29.209278584009081 ], [ 28.574132439081378, -29.211618418873343 ], [ 28.575780867962507, -29.214201608284164 ], [ 28.576560971841868, -29.217235562870837 ], [ 28.57516193361127, -29.219604492793462 ], [ 28.571697714119026, -29.219924737004167 ], [ 28.568300882931229, -29.219283420601961 ], [ 28.566467282918872, -29.220727917493395 ], [ 28.564821244278992, -29.222932815581682 ], [ 28.562780381756724, -29.223138170161246 ], [ 28.562959666101694, -29.225204466506472 ], [ 28.565893170597988, -29.227293013319034 ], [ 28.566164009631944, -29.229550681865192 ], [ 28.563845951838051, -29.229803719187398 ], [ 28.56169795813701, -29.229666706944869 ], [ 28.559200285154173, -29.230339683597585 ], [ 28.559061046764199, -29.23241767975362 ], [ 28.562056860855577, -29.233705839994052 ], [ 28.563503900748909, -29.237113952643568 ], [ 28.563549037685409, -29.240706920652105 ], [ 28.565065545576939, -29.243413607638558 ], [ 28.562359805675296, -29.24491691443929 ], [ 28.559700490536976, -29.244079112691935 ], [ 28.556832502541706, -29.243807982910909 ], [ 28.557430266901317, -29.246219633867266 ], [ 28.559558868734602, -29.247100832311524 ], [ 28.561281206642629, -29.24887275770114 ], [ 28.561141969784853, -29.251758955709018 ], [ 28.558966630415505, -29.255050656903748 ], [ 28.557547093039769, -29.257524733416385 ], [ 28.55924097680067, -29.25988642635129 ], [ 28.561440946077109, -29.261819365710441 ], [ 28.563241326355392, -29.263790132232238 ], [ 28.563182354095339, -29.266865731435999 ], [ 28.559851645262068, -29.269302368170958 ], [ 28.557014464324059, -29.270437242431392 ], [ 28.5585257178526, -29.27191924987207 ], [ 28.561538700590127, -29.272109983918583 ], [ 28.563741811825526, -29.274677148977336 ], [ 28.566164777451974, -29.276274298759454 ], [ 28.56451035106231, -29.278037072972452 ], [ 28.561986765267221, -29.279197213315978 ], [ 28.56165742624086, -29.281924248975134 ], [ 28.563175199930523, -29.283705236619873 ], [ 28.565332415796906, -29.283981800809734 ], [ 28.567392349287356, -29.282161331841539 ], [ 28.569240569582654, -29.281089068523048 ], [ 28.569286344114019, -29.283468247213463 ], [ 28.568917277092364, -29.285748485194652 ], [ 28.568996112206801, -29.28880945716983 ], [ 28.566071986377505, -29.290153981189949 ], [ 28.563845950727739, -29.291148503517817 ], [ 28.564027789589929, -29.293492316779069 ], [ 28.565282818845827, -29.296226499656065 ], [ 28.566412449457278, -29.298544881985912 ], [ 28.566653568668453, -29.300912857039997 ], [ 28.566102507026446, -29.302942674652122 ], [ 28.569114684259954, -29.300830839044668 ], [ 28.571275237506843, -29.298152925072852 ], [ 28.574172973056665, -29.294877528104092 ], [ 28.576086996347371, -29.297006607037602 ], [ 28.575404486670152, -29.300193784339235 ], [ 28.575850486071207, -29.302430154528626 ], [ 28.577134133804204, -29.305356022397056 ], [ 28.57787208396234, -29.30735435105596 ], [ 28.575608889797998, -29.30877701297312 ], [ 28.577750201857221, -29.310266489418147 ], [ 28.580559254471559, -29.308952327494687 ], [ 28.584100723477878, -29.307428358099386 ], [ 28.587186020087806, -29.308803082912394 ], [ 28.587066654745307, -29.31179714586747 ], [ 28.588453296015203, -29.31385230577861 ], [ 28.589420154780164, -29.316681860281225 ], [ 28.591955183461536, -29.316984174032058 ], [ 28.59414529663653, -29.317021371785913 ], [ 28.593804358338581, -29.319048879458776 ], [ 28.591409203604478, -29.320333002721966 ], [ 28.58734416857278, -29.320903297615498 ], [ 28.58482233570243, -29.322027841480992 ], [ 28.586183546774645, -29.323886872872574 ], [ 28.588861463258052, -29.324868201975086 ], [ 28.591374083480424, -29.325084688904536 ], [ 28.593579609289076, -29.323881785271922 ], [ 28.595541001811519, -29.324441907742017 ], [ 28.59622001933506, -29.326924323622606 ], [ 28.596381662880898, -29.330180647802507 ], [ 28.596076488815502, -29.333025452885121 ], [ 28.598471327583862, -29.330880803720284 ], [ 28.601369853172297, -29.330583574088177 ], [ 28.601552327206136, -29.333691916557726 ], [ 28.599401949580482, -29.335394858145115 ], [ 28.596947675320482, -29.337115288605698 ], [ 28.597099302655614, -29.339578628971342 ], [ 28.600526176185269, -29.340687114252951 ], [ 28.602376462402134, -29.342206000961625 ], [ 28.6041278887865, -29.344070911361243 ], [ 28.607200945583621, -29.345487278313588 ], [ 28.608273826764673, -29.348150572304977 ], [ 28.6103350343881, -29.349804561279559 ], [ 28.612216474491724, -29.3484821318313 ], [ 28.611867108505361, -29.344326970072188 ], [ 28.613947867867594, -29.342456817039043 ], [ 28.616680149234352, -29.341799730738295 ], [ 28.620079993022095, -29.340957641604405 ], [ 28.622769926673829, -29.341623687005814 ], [ 28.622257235164405, -29.345183853079227 ], [ 28.618469242168775, -29.346344626784827 ], [ 28.615677517091264, -29.348525361702183 ], [ 28.614911080835647, -29.351427078648197 ], [ 28.613987924033623, -29.353695869658637 ], [ 28.611536027702233, -29.356688259972398 ], [ 28.609205243606905, -29.357529325332955 ], [ 28.60835934153798, -29.360258098544168 ], [ 28.609365464387459, -29.36212825518243 ], [ 28.611943718170817, -29.363778111395856 ], [ 28.614368445256865, -29.365732188966721 ], [ 28.613556085849122, -29.367128158055934 ], [ 28.610681535276704, -29.365570068730641 ], [ 28.608453756341955, -29.364147184643286 ], [ 28.606459618278034, -29.362800594812533 ], [ 28.604621893476722, -29.361505509171316 ], [ 28.602756500735204, -29.360107421723281 ], [ 28.600598655852782, -29.358552934036709 ], [ 28.596645356994287, -29.358371741368462 ], [ 28.594055174962051, -29.358540056850369 ], [ 28.590628310000742, -29.35992558686198 ], [ 28.589714048904934, -29.361858366350969 ], [ 28.589696882872872, -29.365432421794747 ], [ 28.589713414793149, -29.36867841175015 ], [ 28.586584092628197, -29.369700429807533 ], [ 28.584189411316995, -29.369274139529701 ], [ 28.581858635110468, -29.369171143319384 ], [ 28.579165458934529, -29.369532584103887 ], [ 28.576239588436202, -29.369844435976834 ], [ 28.573572156305737, -29.369368872332458 ], [ 28.571491241705992, -29.367720922965358 ], [ 28.569350720889485, -29.36560916618205 ], [ 28.566130956578228, -29.363991416911329 ], [ 28.562694550886935, -29.363006592217801 ], [ 28.559949878742351, -29.363059045821217 ], [ 28.556506157252425, -29.363499639154234 ], [ 28.553294373499693, -29.363753511053737 ], [ 28.550238607506827, -29.363551140354161 ], [ 28.54808108081237, -29.361642839043057 ], [ 28.546380041014995, -29.360107424607108 ], [ 28.543704347335662, -29.359045030416087 ], [ 28.541857082504517, -29.356956006405245 ], [ 28.541269938762891, -29.35427919733058 ], [ 28.53836631467621, -29.353140351760644 ], [ 28.535011290076827, -29.35360717805009 ], [ 28.53270721565455, -29.353710178817828 ], [ 28.530610086629981, -29.353555679071498 ], [ 28.528226848195025, -29.35355568041247 ], [ 28.526155477525016, -29.353684422672345 ], [ 28.523608521041165, -29.353382744398782 ], [ 28.520807743014686, -29.352014067441324 ], [ 28.517859173445647, -29.349381449726209 ], [ 28.518156055442056, -29.346582409777856 ], [ 28.519450183199368, -29.344652175469378 ], [ 28.518301485836094, -29.342201233846566 ], [ 28.515009404497004, -29.340473650949917 ], [ 28.511851311721625, -29.340050695695098 ], [ 28.508195873061414, -29.339594836770445 ], [ 28.506435394910866, -29.336580275346314 ], [ 28.506026748571966, -29.333414555172578 ], [ 28.504385946619081, -29.32964420343518 ], [ 28.502820331034794, -29.326979318945835 ], [ 28.500829694955442, -29.326395987399302 ], [ 28.495833399693215, -29.328509330633047 ], [ 28.491882317216554, -29.329771039703246 ], [ 28.488893507192724, -29.329849238592388 ], [ 28.48629855924456, -29.329303741646374 ], [ 28.483959195178542, -29.328058238520761 ], [ 28.483465572717058, -29.325564603070099 ], [ 28.480958697713298, -29.324729681027929 ], [ 28.478348352608251, -29.327413310386664 ], [ 28.476203916431619, -29.329495905005377 ], [ 28.474546048844584, -29.330869292469309 ], [ 28.472260476665955, -29.329878809371458 ], [ 28.47049013816607, -29.326994895064097 ], [ 28.467943191489486, -29.324527261745349 ], [ 28.464853603812855, -29.32617569183147 ], [ 28.462082862338555, -29.327699661554952 ], [ 28.460008623991161, -29.327711106461219 ], [ 28.457844737647541, -29.326856612686992 ], [ 28.45494461272342, -29.32582998417066 ], [ 28.451896666367404, -29.325883863795156 ], [ 28.448681835890465, -29.326092718103759 ], [ 28.445583344259639, -29.325152402343303 ], [ 28.442836285647498, -29.323502064252317 ], [ 28.441171011006293, -29.320967354069861 ], [ 28.43860769252775, -29.319900990466042 ], [ 28.435660361710568, -29.320179941434677 ], [ 28.433200831651394, -29.321461201411815 ], [ 28.43020184855629, -29.321586608880136 ], [ 28.429991147837018, -29.318627167001644 ], [ 28.427628674189464, -29.316182453915719 ], [ 28.424547199748517, -29.317195892117699 ], [ 28.422163963285673, -29.320555688050277 ], [ 28.420231817127583, -29.322217940072438 ], [ 28.417330738345935, -29.321594003266927 ], [ 28.418745040808279, -29.319261557129717 ], [ 28.419447515446294, -29.316647337935532 ], [ 28.417169571603672, -29.315029145851646 ], [ 28.417177582525731, -29.317635726341319 ], [ 28.414665699311769, -29.318028926735696 ], [ 28.412363052226052, -29.315772056088353 ], [ 28.409997939618869, -29.316886902714213 ], [ 28.406964305108428, -29.317389009261753 ], [ 28.403652987161831, -29.314436753063845 ], [ 28.400516509497574, -29.314052582625362 ], [ 28.397836684135246, -29.31441116701874 ], [ 28.395303885072764, -29.314007282893574 ], [ 28.397457121875934, -29.311463356229318 ], [ 28.400266651082905, -29.309080124869503 ], [ 28.402429578656218, -29.30753135219566 ], [ 28.404051303044596, -29.306188584971672 ], [ 28.403669930659991, -29.304015925632033 ], [ 28.399695711383032, -29.303743364671654 ], [ 28.398429871674157, -29.301969524407379 ], [ 28.397645951669602, -29.29961776682919 ], [ 28.396537143624844, -29.297768273916414 ], [ 28.394309998960154, -29.297675135169921 ], [ 28.391452027895724, -29.2982418068515 ], [ 28.387859662402736, -29.296281500304634 ], [ 28.387434576315961, -29.293244839363087 ], [ 28.384769438396983, -29.292785643486031 ], [ 28.382532115194547, -29.29294204846078 ], [ 28.380388257166288, -29.291766486720295 ], [ 28.378705342815035, -29.289370223296341 ], [ 28.378794194455125, -29.286152362475693 ], [ 28.381141505290518, -29.283200263757148 ], [ 28.384387969570234, -29.282778260194831 ], [ 28.387199402948159, -29.282691961945751 ], [ 28.388877866600847, -29.280680519937153 ], [ 28.386672977637705, -29.279325483028874 ], [ 28.38369989114382, -29.279418470990116 ], [ 28.382854300684478, -29.276641529296455 ], [ 28.385392870902869, -29.274456022552787 ], [ 28.383225444274828, -29.274241443425609 ], [ 28.380798339861023, -29.272727726108251 ], [ 28.380363466771218, -29.26930656607778 ], [ 28.378033160433102, -29.26716279841617 ], [ 28.375714483362223, -29.265251912323521 ], [ 28.377426148675355, -29.262440998663465 ], [ 28.376803393192972, -29.260000703851553 ], [ 28.377116919513078, -29.257140632459123 ], [ 28.375968933560735, -29.254523597951 ], [ 28.37332058089379, -29.253870965947272 ], [ 28.37112616800923, -29.253830911682389 ], [ 28.370084760598701, -29.251832580166482 ], [ 28.367814063093654, -29.250938422468554 ], [ 28.364491937967284, -29.250378606440353 ], [ 28.362380984023549, -29.248524663023346 ], [ 28.364328384979153, -29.246621450228339 ], [ 28.36691856457627, -29.245097159768353 ], [ 28.367899131380735, -29.242626635210978 ], [ 28.365365977206579, -29.241977686948651 ], [ 28.363450049784888, -29.243052962145178 ], [ 28.362037656832339, -29.241366705503658 ], [ 28.364213941541671, -29.23921489474688 ], [ 28.364756109504995, -29.237106324420981 ], [ 28.362489697080505, -29.236672402656328 ], [ 28.358959836590913, -29.237002372591615 ], [ 28.357348920752056, -29.234732625453287 ], [ 28.359098813456662, -29.232966233849812 ], [ 28.359663645358356, -29.230369568256776 ], [ 28.358733367478472, -29.227812576925217 ], [ 28.359891892200938, -29.225702921792319 ], [ 28.360505382195388, -29.222928999437393 ], [ 28.358020622710466, -29.220249811495759 ], [ 28.360746383574597, -29.219314766229299 ], [ 28.361564953245043, -29.216718036211176 ], [ 28.360286077454354, -29.214609147685412 ], [ 28.357935431692582, -29.21236896451498 ], [ 28.355639263269538, -29.211955260468315 ], [ 28.353946205403812, -29.209691048248377 ], [ 28.35549895328786, -29.20846779918509 ], [ 28.357679682436054, -29.208893141489312 ], [ 28.358264444112201, -29.205986814661046 ], [ 28.358747005783979, -29.202992757626212 ], [ 28.35676689257609, -29.201417159003441 ], [ 28.354268073629839, -29.202055451406817 ], [ 28.352093537029631, -29.202813944177187 ], [ 28.352742113918982, -29.199137288004607 ], [ 28.350779531563063, -29.19785213698496 ], [ 28.348741536044141, -29.198335648297459 ], [ 28.345263798256259, -29.198461850502056 ], [ 28.347347062582994, -29.196478742825317 ], [ 28.345672603832938, -29.195140516657837 ], [ 28.344977378833057, -29.19236469160882 ], [ 28.343458174005608, -29.190693860283879 ], [ 28.342360181788905, -29.18828646186007 ], [ 28.339265820776237, -29.187838552303958 ], [ 28.337673184563283, -29.186558728690649 ], [ 28.338808345720089, -29.184384438464207 ], [ 28.340711277324825, -29.182657875788177 ], [ 28.338573459243509, -29.181335448823532 ], [ 28.337760926463339, -29.179116884410373 ], [ 28.339026133936084, -29.176360765666654 ], [ 28.335552850987188, -29.17653465133785 ], [ 28.3331303600302, -29.175562856580385 ], [ 28.33427524428631, -29.172655104507839 ], [ 28.334912301015191, -29.169901848117675 ], [ 28.332361859135101, -29.169359204024371 ], [ 28.329939841625706, -29.169998168762024 ], [ 28.33055162545126, -29.167623042304115 ], [ 28.331834792828769, -29.165306095321043 ], [ 28.330542883603215, -29.163319905622643 ], [ 28.329118729190149, -29.161542256586582 ], [ 28.329654311999185, -29.159420777373036 ], [ 28.331843060367866, -29.157150907189401 ], [ 28.33236599268416, -29.15357207953393 ], [ 28.331908361086832, -29.151293891660202 ], [ 28.334400558438698, -29.148558807685166 ], [ 28.335050200423971, -29.145861052983136 ], [ 28.338466264287664, -29.146311569379503 ], [ 28.339318276083624, -29.143842698876 ], [ 28.34093628119254, -29.142176054707814 ], [ 28.338598250133561, -29.139904022088704 ], [ 28.338391170225051, -29.137000492977961 ], [ 28.335818929647981, -29.135546444782069 ], [ 28.333106612169011, -29.134457776632662 ], [ 28.329974652460898, -29.134424129062154 ], [ 28.326581408377049, -29.133478435000605 ], [ 28.324003763669769, -29.133505958774176 ], [ 28.322618483649297, -29.131807564220914 ], [ 28.321504908396044, -29.129861833562455 ], [ 28.319132168231697, -29.12991523776698 ], [ 28.317775153642909, -29.127552125472334 ], [ 28.314768791609367, -29.128265858609105 ], [ 28.313257639028876, -29.126618492432566 ], [ 28.310515594469198, -29.127703474657164 ], [ 28.309060508167882, -29.125934054079639 ], [ 28.306570054559121, -29.124302863799723 ], [ 28.303981462800042, -29.123176730993784 ], [ 28.302042963091466, -29.122344016470137 ], [ 28.299333573935414, -29.122206370599436 ], [ 28.296622279702287, -29.121356011197253 ], [ 28.293794990706122, -29.120946644213742 ], [ 28.291076023505134, -29.120343841705477 ], [ 28.287854875524697, -29.119666510055154 ], [ 28.285026313539262, -29.119006156792594 ], [ 28.282666207459449, -29.119116782572508 ], [ 28.279995279368041, -29.118745485084819 ], [ 28.277789727591539, -29.120835882874619 ], [ 28.276063918176252, -29.123343660014257 ], [ 28.274077415423381, -29.124294599892476 ], [ 28.271483737961688, -29.125422795731538 ], [ 28.268875114986635, -29.125799178729995 ], [ 28.266847609851652, -29.126108645368266 ], [ 28.26493310995739, -29.127798080588875 ], [ 28.264290809535385, -29.129809380741168 ], [ 28.264740939530352, -29.131992340005986 ], [ 28.266101838095214, -29.134134297939941 ], [ 28.267729763043835, -29.136235234881248 ], [ 28.268114090533846, -29.139554341757879 ], [ 28.265541078918254, -29.141865570652371 ], [ 28.262748715621044, -29.143727305706047 ], [ 28.260807034165513, -29.14457607060379 ], [ 28.257938383217084, -29.145389554610791 ], [ 28.254972932905019, -29.145689010146359 ], [ 28.252247235951366, -29.147109989026522 ], [ 28.249271325758873, -29.148713874295296 ], [ 28.245554610581646, -29.149812062482528 ], [ 28.244510649314968, -29.151717506379416 ], [ 28.242158155518315, -29.154576816279643 ], [ 28.241043726927483, -29.152781168551801 ], [ 28.239363987301957, -29.151319504436636 ], [ 28.237339019954288, -29.14943694579717 ], [ 28.235301016662206, -29.147986414225159 ], [ 28.23202801166158, -29.14648580653887 ], [ 28.229602813347498, -29.145742417557653 ], [ 28.227905433676902, -29.143629232570213 ], [ 28.228124621942662, -29.140644708826958 ], [ 28.228656130289419, -29.137949625021765 ], [ 28.228043869322693, -29.133862178359827 ], [ 28.22731351752623, -29.131004334582556 ], [ 28.22672367015333, -29.12794304070221 ], [ 28.225320817654897, -29.123573301355311 ], [ 28.223770138609815, -29.120085878181602 ], [ 28.220890840391299, -29.117173511875528 ], [ 28.218055724719026, -29.116607666392881 ], [ 28.215879441497659, -29.116533282401825 ], [ 28.213739867623143, -29.116202358135347 ], [ 28.21147823083081, -29.115968705755769 ], [ 28.209092463843643, -29.116926827518586 ], [ 28.20624008290855, -29.116504285499079 ], [ 28.203606127836633, -29.11635685215186 ], [ 28.201452892006728, -29.115697860480051 ], [ 28.199188229043791, -29.114821433019845 ], [ 28.196578026134777, -29.113910197863536 ], [ 28.193608284008697, -29.111861228747827 ], [ 28.191420237213304, -29.108997027395645 ], [ 28.189153671289379, -29.104514758975043 ], [ 28.186797454850353, -29.102767305599976 ], [ 28.183551149513097, -29.100950241960867 ], [ 28.180036544012687, -29.098815917984556 ], [ 28.177083966020188, -29.097745893420136 ], [ 28.174117089272887, -29.097343924824838 ], [ 28.17127228301397, -29.096270561040583 ], [ 28.169212819322652, -29.094980714621311 ], [ 28.166658780822139, -29.093536757758255 ], [ 28.1643543252722, -29.09200795477307 ], [ 28.162463188884001, -29.090457442960705 ], [ 28.159837448882573, -29.089478902455191 ], [ 28.157621764988615, -29.088825228102678 ], [ 28.156443025597543, -29.086960985382927 ], [ 28.154561279551892, -29.085403205220995 ], [ 28.151935579247066, -29.085887432127389 ], [ 28.149750469647227, -29.083416939585828 ], [ 28.147960663057091, -29.08093691113336 ], [ 28.146167469507709, -29.078678131618997 ], [ 28.143654634316139, -29.076104352056632 ], [ 28.141451518979665, -29.073439280220615 ], [ 28.138378144492137, -29.072353996075574 ], [ 28.136321831013976, -29.071356391509507 ], [ 28.133840877130755, -29.070885976188144 ], [ 28.131473859021149, -29.071267442891525 ], [ 28.129304123725984, -29.071606825608299 ], [ 28.127032852677857, -29.072000885382444 ], [ 28.12476272712383, -29.075185011252703 ], [ 28.12249247360683, -29.075173061641447 ], [ 28.1203607842609, -29.075680870169297 ], [ 28.118810655091341, -29.077149204242382 ], [ 28.117067100187153, -29.078947543406809 ], [ 28.114397431286985, -29.080282971690142 ], [ 28.111520004454714, -29.081633375205818 ], [ 28.108518328587827, -29.081816809280681 ], [ 28.106304171071383, -29.082696913234308 ], [ 28.104813384246551, -29.08118247909497 ], [ 28.102457999296981, -29.07996788098799 ], [ 28.100654364787413, -29.078634022567741 ], [ 28.099997998799896, -29.076479195892958 ], [ 28.096239884576701, -29.07717275630748 ], [ 28.093928142835555, -29.076112746873385 ], [ 28.095099927423316, -29.074118139980666 ], [ 28.095279967215102, -29.071856090655746 ], [ 28.096256255491369, -29.069392017084784 ], [ 28.098153077948872, -29.067476307041652 ], [ 28.099361897844965, -29.064136743228964 ], [ 28.100146292027727, -29.061046124472934 ], [ 28.101438842183079, -29.057836534662297 ], [ 28.101870727761312, -29.055246735662866 ], [ 28.100307083261566, -29.052937316372219 ], [ 28.098921777816365, -29.050595282345327 ], [ 28.097957611911738, -29.047763823720608 ], [ 28.095812987575041, -29.045932767947381 ], [ 28.094169616770358, -29.04389495994122 ], [ 28.091726684310569, -29.042179107279932 ], [ 28.090274300276196, -29.039485040716407 ], [ 28.087239266579122, -29.038472649373382 ], [ 28.085106370826129, -29.037852762637929 ], [ 28.082786799907499, -29.036278488693391 ], [ 28.081359863925059, -29.03338050971216 ], [ 28.081387834177839, -29.031296411633956 ], [ 28.081135273659296, -29.028702734283819 ], [ 28.079999922517306, -29.026836398274082 ], [ 28.078501382887232, -29.024451255773155 ], [ 28.079371644677952, -29.021549223054489 ], [ 28.080290478750779, -29.01923751596145 ], [ 28.081520713458485, -29.016395888145908 ], [ 28.08183765079637, -29.013616559844092 ], [ 28.079756330052529, -29.0114138442094 ], [ 28.077015559593942, -29.010068890250619 ], [ 28.074572562449362, -29.008888245065801 ], [ 28.071787829988558, -29.007514003661928 ], [ 28.069051426719781, -29.005825362020477 ], [ 28.067199467833891, -29.003314494077227 ], [ 28.065187452851802, -29.001886366988728 ], [ 28.063598633770525, -28.999866484968418 ], [ 28.062566409078137, -28.996673668563201 ], [ 28.059371847614777, -28.994878569405259 ], [ 28.055515925634488, -28.99437946786685 ], [ 28.052054165482797, -28.992331503181546 ], [ 28.050094127834257, -28.989198367875591 ], [ 28.048155785512229, -28.987025619311769 ], [ 28.044781526695072, -28.986892381471186 ], [ 28.042234418790301, -28.987156842324136 ], [ 28.040286475311603, -28.988151550812869 ], [ 28.038395472368659, -28.987215590430871 ], [ 28.036771298736895, -28.985323668207275 ], [ 28.034567754351002, -28.982978899456469 ], [ 28.033191554139169, -28.979456012423444 ], [ 28.032547420402775, -28.976451660103809 ], [ 28.03176371176399, -28.973347452386889 ], [ 28.031362164176365, -28.969994270541456 ], [ 28.032188001031976, -28.966742880970454 ], [ 28.030545371573034, -28.964155060672581 ], [ 28.027561544824863, -28.963372825779278 ], [ 28.024579998277432, -28.963370134472189 ], [ 28.022524423949967, -28.962588719276795 ], [ 28.020476657853276, -28.96164216042807 ], [ 28.017660712026093, -28.959781263386187 ], [ 28.015071866794838, -28.958146811495645 ], [ 28.012897729720642, -28.956329585753227 ], [ 28.010525705771116, -28.95604371874796 ], [ 28.009565670980695, -28.958323796280784 ], [ 28.008051701929148, -28.95999622551393 ], [ 28.004554709318018, -28.960651120877202 ], [ 28.001535414950073, -28.96010044751225 ], [ 27.999797820017246, -28.958733693605666 ], [ 27.997477327465003, -28.957660810312348 ], [ 27.994443485018849, -28.957863943565854 ], [ 27.993152615836191, -28.95602400947206 ], [ 27.992025055379099, -28.954276721379625 ], [ 27.991154322901956, -28.952272675763414 ], [ 27.990503550750677, -28.949845791575225 ], [ 27.988971328133804, -28.948380851827938 ], [ 27.986139615560756, -28.947412888740388 ], [ 27.984123468101373, -28.949380636202072 ], [ 27.982198719016992, -28.950577925735544 ], [ 27.979739826980964, -28.950855999510217 ], [ 27.976851468587615, -28.95132160127687 ], [ 27.9739723206329, -28.951198577552152 ], [ 27.970939954285367, -28.951354981605505 ], [ 27.968759062899039, -28.954822300371298 ], [ 27.967849734293203, -28.957584379671509 ], [ 27.966476440488485, -28.960283278431898 ], [ 27.965569500651654, -28.96340369693975 ], [ 27.964095118062925, -28.965543748925771 ], [ 27.961906433784399, -28.966697688613841 ], [ 27.959274297138158, -28.969257358039947 ], [ 27.958242415644484, -28.971075056828234 ], [ 27.957799905851587, -28.973192218014955 ], [ 27.957258216401314, -28.975650782577112 ], [ 27.956127167452859, -28.977910998606117 ], [ 27.953790659738708, -28.981256482553675 ], [ 27.951528550161719, -28.984651566290399 ], [ 27.948724750067221, -28.989717482719858 ], [ 27.946241380516778, -28.992863655890467 ], [ 27.943807603081904, -28.996036534021187 ], [ 27.942380900524032, -28.998075486800513 ], [ 27.940969849167562, -29.00060081395457 ], [ 27.939691542399036, -29.003120423637419 ], [ 27.938715459006612, -29.006535052117655 ], [ 27.939845082160829, -29.008442403617153 ], [ 27.94216696594216, -29.010202089457572 ], [ 27.943724637979116, -29.012537001490802 ], [ 27.943709692023443, -29.014961877966417 ], [ 27.942953582506401, -29.018933298301942 ], [ 27.940909625560394, -29.022510766587907 ], [ 27.941104252512105, -29.025609971053679 ], [ 27.942116207941247, -29.027904933788818 ], [ 27.944837316935821, -29.029536564702397 ], [ 27.94437503953715, -29.031991004912673 ], [ 27.94131155027133, -29.033936278382978 ], [ 27.937424658736742, -29.033940551049465 ], [ 27.933915684255449, -29.034257205026904 ], [ 27.934278966670711, -29.036488535518746 ], [ 27.932184218890942, -29.036982532921819 ], [ 27.930173398077084, -29.037478443948462 ], [ 27.927769534628432, -29.039072415521506 ], [ 27.926610946140794, -29.041623590463118 ], [ 27.925607044493294, -29.043642679299598 ], [ 27.923332692807023, -29.043677807656 ], [ 27.921186129623198, -29.043546517084341 ], [ 27.919259548910546, -29.045183182858626 ], [ 27.91856527457448, -29.047164917306368 ], [ 27.917755838204194, -29.04948496657347 ], [ 27.917675493373316, -29.052028178908863 ], [ 27.915923306794376, -29.053467179240911 ], [ 27.913732149574532, -29.055160522940927 ], [ 27.911897419638819, -29.057250500740551 ], [ 27.910184099997281, -29.060880278717939 ], [ 27.908968926250143, -29.063810825752224 ], [ 27.907220026827972, -29.065293991849629 ], [ 27.905192055054439, -29.06745592639124 ], [ 27.904001618296203, -29.069586181652141 ], [ 27.903903327438172, -29.071926434663165 ], [ 27.901007699621093, -29.073576594030982 ], [ 27.898488488087668, -29.075230662787522 ], [ 27.90021920092871, -29.077541351211856 ], [ 27.897662923553423, -29.078981207858035 ], [ 27.895051684411708, -29.080681664737963 ], [ 27.893632411588353, -29.078881738136598 ], [ 27.891808984307009, -29.076348145539544 ], [ 27.89025185777858, -29.072970070104965 ], [ 27.887522507417483, -29.07284011828748 ], [ 27.885392324071766, -29.075251987467677 ], [ 27.882725717152045, -29.075505733031349 ], [ 27.882345975336897, -29.078109858934443 ], [ 27.879987714944509, -29.077020646591546 ], [ 27.878225643439801, -29.07504908378289 ], [ 27.876287883768057, -29.072525552852625 ], [ 27.87468242673452, -29.074333906191697 ], [ 27.873260118844389, -29.072472378734005 ], [ 27.870850561076765, -29.072964427138515 ], [ 27.869057656376683, -29.071782113499879 ], [ 27.866737367347415, -29.072216032378041 ], [ 27.864862058929173, -29.073512647746359 ], [ 27.862394063030859, -29.073326384085952 ], [ 27.85974856964366, -29.073184966768807 ], [ 27.856813665286872, -29.070612906993954 ], [ 27.854588828795301, -29.068966548102694 ], [ 27.852745401185274, -29.067215834083427 ], [ 27.851682663388754, -29.065183001382856 ], [ 27.849721529619863, -29.063312147670906 ], [ 27.84622287925249, -29.06269311791625 ], [ 27.842642308259634, -29.062836171076146 ], [ 27.839993478983182, -29.062003581528707 ], [ 27.839443017625086, -29.057003165458962 ], [ 27.837250821755632, -29.054049568013941 ], [ 27.835275649637325, -29.05228869167853 ], [ 27.836745778770421, -29.050151587011076 ], [ 27.835236619759506, -29.048431702422018 ], [ 27.833439506917856, -29.045673051753585 ], [ 27.830492498892156, -29.044410228001261 ], [ 27.827068138481902, -29.043922809478651 ], [ 27.823820110825469, -29.046050070914898 ], [ 27.820053032363411, -29.046933855113434 ], [ 27.817805395874483, -29.045574825814647 ], [ 27.816685362093295, -29.047878584003662 ], [ 27.81544960892035, -29.050072563423402 ], [ 27.812979220529343, -29.048006058877874 ], [ 27.811084745688074, -29.046730755742779 ], [ 27.811110495344259, -29.050519307744228 ], [ 27.810791017521485, -29.052708307892573 ], [ 27.810598375380046, -29.055994508721895 ], [ 27.807877130814006, -29.056177411120721 ], [ 27.806464194548862, -29.05837573935386 ], [ 27.804232071167355, -29.056913586295142 ], [ 27.803877422465838, -29.060325352525386 ], [ 27.803061246608273, -29.063194273258631 ], [ 27.802762348882414, -29.065426508230253 ], [ 27.80108857333714, -29.067204715928053 ], [ 27.799339055139448, -29.065778016969702 ], [ 27.796489000918289, -29.066649437943216 ], [ 27.794040044019596, -29.068143844399042 ], [ 27.792009831524677, -29.068572520490378 ], [ 27.791547014589856, -29.065991591600572 ], [ 27.790142538068107, -29.06416177760407 ], [ 27.788901590661851, -29.062171417826278 ], [ 27.788136750319058, -29.064902579238861 ], [ 27.78612391773818, -29.066643005176719 ], [ 27.784152030952324, -29.068939844750719 ], [ 27.782934598528385, -29.071342059810213 ], [ 27.782124738784585, -29.074062416132996 ], [ 27.781583783300089, -29.076061567069345 ], [ 27.781641709693904, -29.078700434087047 ], [ 27.781382647723273, -29.082323940021993 ], [ 27.778982160958442, -29.081773754223473 ], [ 27.776688096456347, -29.079802275419443 ], [ 27.77362894892088, -29.078611134335809 ], [ 27.772063768550503, -29.075750055679684 ], [ 27.769740785705931, -29.073217118747486 ], [ 27.767659185938086, -29.073809625301706 ], [ 27.764943598026214, -29.073127744374695 ], [ 27.763023377189388, -29.074729819531409 ], [ 27.76082833846376, -29.073041599561368 ], [ 27.760215999339287, -29.075643778305405 ], [ 27.756541945520151, -29.076110838728987 ], [ 27.754431250634703, -29.077888487932203 ], [ 27.752465437875461, -29.078702926280698 ], [ 27.752623557443211, -29.081168494023736 ], [ 27.752103646999981, -29.084006277645425 ], [ 27.750613849979921, -29.086245854362037 ], [ 27.748337111167153, -29.088037810682433 ], [ 27.743931135934762, -29.088867666570707 ], [ 27.740943908955028, -29.089014051919882 ], [ 27.738959175276378, -29.089468547285225 ], [ 27.737188019348501, -29.0917466494389 ], [ 27.734644966634136, -29.093888680746161 ], [ 27.733514786102131, -29.097817899013801 ], [ 27.730960526862102, -29.097414017959601 ], [ 27.72874736985742, -29.099087714511175 ], [ 27.727902891111643, -29.101871490627286 ], [ 27.726910081237598, -29.10561628334596 ], [ 27.724448885369068, -29.109046934334938 ], [ 27.726058643632378, -29.11029529683249 ], [ 27.724912325253403, -29.1123174032222 ], [ 27.72314572319614, -29.113878012733419 ], [ 27.721289772395007, -29.112576077020847 ], [ 27.719916206047234, -29.114098957897983 ], [ 27.71821804017247, -29.115967368395324 ], [ 27.716606458108316, -29.114706993855744 ], [ 27.714482469133216, -29.114272594569691 ], [ 27.711609705670281, -29.115504810663651 ], [ 27.71022796514908, -29.113031389612566 ], [ 27.709020297511898, -29.111080170987048 ], [ 27.707077027718285, -29.109595873497241 ], [ 27.705463791977468, -29.107920456886728 ], [ 27.703572274487009, -29.105229140164269 ], [ 27.704612730941246, -29.102167674046054 ], [ 27.705968380820444, -29.099480510006593 ], [ 27.704114435631965, -29.097684859384977 ], [ 27.701581682271947, -29.095642122505506 ], [ 27.699367683219855, -29.097537120027607 ], [ 27.700920344682544, -29.10062861523588 ], [ 27.699304579820904, -29.103016853025366 ], [ 27.697407855102462, -29.103081564946876 ], [ 27.695497195533413, -29.101625759056905 ], [ 27.694263938362894, -29.099849221654829 ], [ 27.691168211517446, -29.098243713907191 ], [ 27.688023568714669, -29.098351476801621 ], [ 27.686005909457577, -29.099379859380804 ], [ 27.684103489116406, -29.101443770864122 ], [ 27.685219190020515, -29.103303717748542 ], [ 27.683210371361543, -29.105003260624841 ], [ 27.683153196603993, -29.107921057213893 ], [ 27.68045115551454, -29.107713221900401 ], [ 27.679110205360868, -29.105480829048048 ], [ 27.677619456381585, -29.10363841127992 ], [ 27.677564299521617, -29.101371764466744 ], [ 27.676723162364535, -29.098920822274255 ], [ 27.674910734347979, -29.097058106966834 ], [ 27.672519684614926, -29.098074723256563 ], [ 27.670900978307532, -29.099731763306004 ], [ 27.672206639880258, -29.102438330589454 ], [ 27.668944071923129, -29.10309605785686 ], [ 27.66576881705085, -29.100713919883848 ], [ 27.663782355465138, -29.098386527363719 ], [ 27.662905271069981, -29.097558239149613 ], [ 27.662955986982606, -29.097397662994219 ], [ 27.663050000000332, -29.097099999999877 ], [ 27.662864684730536, -29.088683590005783 ], [ 27.662810000000192, -29.086199999999774 ], [ 27.662263020242083, -29.084813818421008 ], [ 27.661350000000184, -29.0825 ], [ 27.657230000000354, -29.080569999999884 ], [ 27.654502851288342, -29.080961006888973 ], [ 27.653705240976677, -29.081075364835552 ], [ 27.651720000000267, -29.081359999999879 ], [ 27.650216364038748, -29.081086611788699 ], [ 27.648860000000152, -29.080839999999842 ], [ 27.648859311909945, -29.080837653026382 ], [ 27.648102434401366, -29.078256302788819 ], [ 27.647910098124683, -29.077600334963339 ], [ 27.64791000000033, -29.0776 ], [ 27.650320000000161, -29.075589999999863 ], [ 27.65425, -29.075219999999891 ], [ 27.665120000000186, -29.07868 ], [ 27.665247071595743, -29.07867622935434 ], [ 27.665878666993503, -29.078657487775651 ], [ 27.668192694653126, -29.078588822134034 ], [ 27.66849, -29.078579999999899 ], [ 27.670375090385079, -29.079210128527389 ], [ 27.672050000000347, -29.079769999999861 ], [ 27.673150000000412, -29.07992 ], [ 27.674471838001956, -29.079947730920242 ], [ 27.67458, -29.07995 ], [ 27.6762, -29.07973 ], [ 27.677790000000279, -29.079239999999796 ], [ 27.678810000000297, -29.078769999999722 ], [ 27.682411677202289, -29.074342938164111 ], [ 27.68265000000023, -29.074049999999808 ], [ 27.679890000000306, -29.063649999999864 ], [ 27.672300000000249, -29.056769999999844 ], [ 27.654950000000177, -29.05238 ], [ 27.651135430113548, -29.049871789827787 ], [ 27.649840000000147, -29.049019999999871 ], [ 27.649624933078186, -29.045722307994804 ], [ 27.649510068130233, -29.043961045991452 ], [ 27.649510000000109, -29.043959999999892 ], [ 27.650661222035765, -29.043312943062883 ], [ 27.652432776401014, -29.042317221671144 ], [ 27.653780000000182, -29.041559999999823 ], [ 27.660340000000282, -29.040599999999795 ], [ 27.670160000000287, -29.04363 ], [ 27.672466406004069, -29.043592515233897 ], [ 27.673340193889139, -29.043578314095143 ], [ 27.680619857003407, -29.043460002194244 ], [ 27.68062000000031, -29.04346 ], [ 27.683640000000164, -29.039419999999861 ], [ 27.684100000000299, -29.033919999999892 ], [ 27.683396988962826, -29.031077199009193 ], [ 27.682500000000253, -29.027449999999867 ], [ 27.682642592031769, -29.027263334023857 ], [ 27.684634724120571, -29.024655452050109 ], [ 27.685250000000238, -29.023849999999896 ], [ 27.687991448979265, -29.023169714514264 ], [ 27.694393001998229, -29.021581180991497 ], [ 27.696050000000149, -29.021169999999842 ], [ 27.69799000000026, -29.01801 ], [ 27.690517644179224, -29.007979337866519 ], [ 27.688031293992687, -29.0046417370055 ], [ 27.688030000000218, -29.004639999999849 ], [ 27.689137624959791, -29.003849232926694 ], [ 27.692050000000123, -29.001769999999883 ], [ 27.697149900002692, -29.002021501950704 ], [ 27.703000000000365, -29.002309999999888 ], [ 27.711180814922741, -29.005781987182711 ], [ 27.712260000000221, -29.006239999999806 ], [ 27.715605570944856, -29.006159686218759 ], [ 27.72559000000021, -29.005919999999886 ], [ 27.729328650040074, -29.001131455030983 ], [ 27.729970000000236, -29.000309999999875 ], [ 27.729969647887764, -29.000309269053993 ], [ 27.728510000000227, -28.99728 ], [ 27.722399533000019, -28.992172743999834 ], [ 27.719131578022282, -28.989441318973498 ], [ 27.719130000000213, -28.989439999999856 ], [ 27.719287936186831, -28.987255711013283 ], [ 27.719660000000189, -28.982109999999729 ], [ 27.72431033199878, -28.980389010995712 ], [ 27.726007948078845, -28.979760759211782 ], [ 27.72601, -28.979759999999889 ], [ 27.727147509858717, -28.97890590381127 ], [ 27.731908379036007, -28.975331217047252 ], [ 27.731910000000347, -28.97533 ], [ 27.73064330379713, -28.96639556902867 ], [ 27.729660000000166, -28.959459999999805 ], [ 27.729553873957101, -28.956707355001466 ], [ 27.72950000000025, -28.955309999999891 ], [ 27.729501787914245, -28.955306819951488 ], [ 27.730123413035578, -28.954201128019609 ], [ 27.733070000000136, -28.94896 ], [ 27.737120000000303, -28.944229999999816 ], [ 27.741832927526588, -28.941425892582796 ], [ 27.742700000000319, -28.94091 ], [ 27.743468312957575, -28.940691709849609 ], [ 27.745676772714511, -28.940064250301468 ], [ 27.74717, -28.93964 ], [ 27.747470376798432, -28.93966143193294 ], [ 27.752410478998367, -28.940013909023477 ], [ 27.75628000000021, -28.94029 ], [ 27.759014805985348, -28.940642878114154 ], [ 27.760445393925458, -28.940827470135734 ], [ 27.762790000000258, -28.94113 ], [ 27.764930000000131, -28.939109999999847 ], [ 27.766250000000102, -28.929269999999786 ], [ 27.773490000000244, -28.92209 ], [ 27.773490280807088, -28.922087317979607 ], [ 27.773802123021007, -28.919107491002084 ], [ 27.773850000000365, -28.91865 ], [ 27.773254310277039, -28.917107430892997 ], [ 27.771170000000311, -28.911709999999836 ], [ 27.763530000000202, -28.90512 ], [ 27.756330000000261, -28.90152 ], [ 27.756330306245779, -28.901518729058907 ], [ 27.756680971708224, -28.900064265929505 ], [ 27.757210000000242, -28.897869999999838 ], [ 27.757923478984758, -28.897270580581026 ], [ 27.760150000000138, -28.8954 ], [ 27.764706695004392, -28.895061392054334 ], [ 27.764856686011829, -28.895050246156973 ], [ 27.764860000000201, -28.895049999999834 ], [ 27.768454434067479, -28.897093588881418 ], [ 27.778720000000167, -28.90293 ], [ 27.791430000000194, -28.90573 ], [ 27.794078378007136, -28.9072405269877 ], [ 27.79811, -28.909539999999879 ], [ 27.808090000000195, -28.916409999999871 ], [ 27.820870000000152, -28.91668 ], [ 27.825395265627172, -28.9144216443751 ], [ 27.826160000000154, -28.914039999999886 ], [ 27.827152408975863, -28.912555035057498 ], [ 27.827745125046221, -28.911668140030478 ], [ 27.828880000000233, -28.90997 ], [ 27.829475382612511, -28.908796492242207 ], [ 27.831517120065396, -28.904772198132523 ], [ 27.831640000000245, -28.904529999999774 ], [ 27.835680000000295, -28.8998 ], [ 27.841110000000334, -28.90152 ], [ 27.844196206002291, -28.901832936978323 ], [ 27.84683000000021, -28.902099999999887 ], [ 27.851820000000171, -28.900829999999878 ], [ 27.858067847013878, -28.901419796855233 ], [ 27.8580700000002, -28.901419999999845 ], [ 27.865894427086889, -28.90816956989919 ], [ 27.869790000000293, -28.911529999999864 ], [ 27.869793365852424, -28.911532079239045 ], [ 27.870572647070468, -28.912013527886305 ], [ 27.875180000000221, -28.914859999999788 ], [ 27.881877825030287, -28.91540929263401 ], [ 27.882520054562953, -28.915461962173051 ], [ 27.882740000000283, -28.91548 ], [ 27.884643404622999, -28.915231729831682 ], [ 27.89033000000034, -28.914489999999816 ], [ 27.890901691844782, -28.914242758446719 ], [ 27.892246566022315, -28.913661136050429 ], [ 27.896920000000168, -28.91164 ], [ 27.900455407193924, -28.909222627282794 ], [ 27.902770000000409, -28.90764 ], [ 27.905166059857599, -28.905403014846943 ], [ 27.90517616242456, -28.905393586241047 ], [ 27.90518, -28.905389999999876 ], [ 27.905681049937158, -28.90284577998743 ], [ 27.906080000000365, -28.900819999999761 ], [ 27.906140000000178, -28.89986 ], [ 27.900080000000148, -28.890369999999855 ], [ 27.899968533911167, -28.88742646800322 ], [ 27.899810127006241, -28.883243353999589 ], [ 27.899810000000279, -28.883239999999756 ], [ 27.904420127997142, -28.883054326921066 ], [ 27.909990000000139, -28.88283 ], [ 27.91578348307555, -28.880056040156866 ], [ 27.916357207072217, -28.879781337150035 ], [ 27.916360000000239, -28.879779999999734 ], [ 27.916749434648146, -28.878879685387894 ], [ 27.919889201093206, -28.871621015352545 ], [ 27.921170000000316, -28.868659999999814 ], [ 27.933540000000189, -28.857739999999833 ], [ 27.941820000000227, -28.85176 ], [ 27.94660709122072, -28.851809182443834 ], [ 27.956420000000314, -28.851909999999737 ], [ 27.968238938131961, -28.857269518709284 ], [ 27.968240000000243, -28.857269999999847 ], [ 27.974810000000193, -28.871439999999883 ], [ 27.978308899984782, -28.875077827014884 ], [ 27.979245399170892, -28.876051510835833 ], [ 27.979563193152423, -28.876381923077133 ], [ 27.98161, -28.878509999999814 ], [ 27.981612844951641, -28.878509195827263 ], [ 27.98464509232803, -28.877651948299189 ], [ 27.98723271253467, -28.876920401446228 ], [ 27.988819557520483, -28.876471784043801 ], [ 27.993597759246235, -28.875120937259592 ], [ 27.997591415539191, -28.873991889540363 ], [ 27.998730000000215, -28.87367 ], [ 28.002405412980224, -28.873332074780468 ], [ 28.004086075324807, -28.873177551031826 ], [ 28.007727628447142, -28.87284273872346 ], [ 28.00841000000036, -28.87278 ], [ 28.017861944018406, -28.875321352432316 ], [ 28.018705336846516, -28.875548116187112 ], [ 28.024440000000283, -28.877089999999829 ], [ 28.027105246520833, -28.877109565447579 ], [ 28.029238009000522, -28.877125221955403 ], [ 28.030285924387698, -28.877132914641535 ], [ 28.036700000000202, -28.87718 ], [ 28.037525584681354, -28.876041349768734 ], [ 28.03887311297688, -28.874182831982754 ], [ 28.039970000000224, -28.872669999999779 ], [ 28.036593719846103, -28.86742179009898 ], [ 28.035010622038946, -28.86496096697504 ], [ 28.03501, -28.86496 ], [ 28.033940000000278, -28.857819999999879 ], [ 28.050920396945699, -28.848037970905228 ], [ 28.05760000000037, -28.844189999999848 ], [ 28.058609042137327, -28.842102893066169 ], [ 28.060670000000275, -28.837839999999893 ], [ 28.060700399051463, -28.83684985900128 ], [ 28.060880000000331, -28.830999999999719 ], [ 28.060866537109618, -28.830512645996787 ], [ 28.060730000000177, -28.825569999999857 ], [ 28.059730788093184, -28.821167811978722 ], [ 28.059670000000224, -28.8209 ], [ 28.057400000000342, -28.817749999999865 ], [ 28.05740020887939, -28.817749658925941 ], [ 28.05846555609801, -28.816009153059841 ], [ 28.059466836046653, -28.814373317202225 ], [ 28.059830000000229, -28.81378 ], [ 28.059831486102937, -28.813779347233815 ], [ 28.063605508065613, -28.812122092148385 ], [ 28.06484, -28.811579999999882 ], [ 28.078429903484924, -28.810078565838438 ], [ 28.078959211011444, -28.810020087100586 ], [ 28.078960000000141, -28.81002 ], [ 28.079149709021166, -28.809924425041068 ], [ 28.082910000000116, -28.808029999999786 ], [ 28.085377896187346, -28.800636615591358 ], [ 28.086152572677769, -28.798315820609833 ], [ 28.087644684186873, -28.793845716062073 ], [ 28.087700000000225, -28.793679999999867 ], [ 28.087826235390455, -28.793457413414615 ], [ 28.088164921239777, -28.792860220135697 ], [ 28.09015, -28.78936 ], [ 28.093096002527872, -28.787449898870477 ], [ 28.093743959004346, -28.787029783006336 ], [ 28.09598, -28.785579999999801 ], [ 28.097413399157144, -28.782397333837451 ], [ 28.097560521363651, -28.782070669163474 ], [ 28.097826616978438, -28.7814798404203 ], [ 28.103150000000298, -28.76966 ], [ 28.105993600572376, -28.766137496747014 ], [ 28.10826, -28.76333 ], [ 28.110403169900188, -28.762394798770675 ], [ 28.111006769433832, -28.762131409855197 ], [ 28.114310000000241, -28.76069 ], [ 28.117401875067593, -28.758089607963534 ], [ 28.117770000000263, -28.75778 ], [ 28.119983726306351, -28.751813253827297 ], [ 28.120560000000271, -28.750259999999784 ], [ 28.121250000000252, -28.743389999999792 ], [ 28.123076300197368, -28.74184965494846 ], [ 28.126040000000184, -28.73935 ], [ 28.126109675000265, -28.739458692999854 ], [ 28.126790000000334, -28.74052 ], [ 28.129650000000183, -28.741029999999835 ], [ 28.130227814221186, -28.740871745095721 ], [ 28.131837041078111, -28.74043100128414 ], [ 28.134360000000157, -28.739739999999859 ], [ 28.138511924079367, -28.736055483088997 ], [ 28.139650655283365, -28.735044945784228 ], [ 28.143798960729093, -28.731363640318875 ], [ 28.144220000000274, -28.730989999999835 ], [ 28.146335480147776, -28.727793274419589 ], [ 28.147959465043314, -28.72533925278098 ], [ 28.148873258037121, -28.72395841002422 ], [ 28.149358132913548, -28.723225710245504 ], [ 28.14962, -28.722829999999867 ], [ 28.149623625000086, -28.722826374999922 ], [ 28.152820986000137, -28.719629013999782 ], [ 28.153900000000242, -28.71855 ], [ 28.155692585012758, -28.718396234145139 ], [ 28.15833000000023, -28.718169999999855 ], [ 28.160163023064676, -28.716937211095651 ], [ 28.160988890866555, -28.716381778629941 ], [ 28.16230000000035, -28.715499999999828 ], [ 28.163901812766866, -28.713308760902635 ], [ 28.167603809179042, -28.708244524029137 ], [ 28.169507391693415, -28.705640471596872 ], [ 28.171730000000238, -28.7026 ], [ 28.18011000000029, -28.700469999999868 ], [ 28.184802570648081, -28.695601771743263 ], [ 28.185671281442403, -28.694700542384567 ], [ 28.189457717827104, -28.690772367832974 ], [ 28.189460000000132, -28.69077 ], [ 28.191329204055226, -28.690324751230701 ], [ 28.193905801996632, -28.68971099998452 ], [ 28.193910000000265, -28.689709999999803 ], [ 28.195873897867173, -28.694581815053489 ] ] ] } },
{ "type": "Feature", "properties": { "adm1_name": "Butha Buthe", "div_name": "District", "adm0_name": "Lesotho", "adm1_code": 6 }, "geometry": { "type": "Polygon", "coordinates": [ [ [ 28.669010000000149, -28.57445 ], [ 28.677014747998996, -28.578814149002142 ], [ 28.679520000000224, -28.580179999999867 ], [ 28.685976871913365, -28.586007708096229 ], [ 28.689680000000205, -28.58935 ], [ 28.690156275745714, -28.589856866238939 ], [ 28.699800000000252, -28.60012 ], [ 28.704760000000217, -28.609169999999896 ], [ 28.70574567277535, -28.617947180025173 ], [ 28.706440000000132, -28.62413 ], [ 28.708265656949926, -28.633804649039774 ], [ 28.709420244821015, -28.639923121533673 ], [ 28.71466000000018, -28.667689999999869 ], [ 28.719870000000313, -28.677439999999855 ], [ 28.723705482992411, -28.680428431009886 ], [ 28.729560000000131, -28.68499 ], [ 28.734206501948044, -28.68642999699993 ], [ 28.740660000000261, -28.688429999999855 ], [ 28.751650000000261, -28.68636 ], [ 28.758081259506007, -28.686697303892107 ], [ 28.75969814856758, -28.686782105751153 ], [ 28.765950000000217, -28.687109999999883 ], [ 28.76708377401107, -28.687617622975537 ], [ 28.784220000000204, -28.695289999999819 ], [ 28.79096, -28.69657 ], [ 28.806700000000184, -28.70194 ], [ 28.812300000000256, -28.707099999999897 ], [ 28.812962136739916, -28.711953160035343 ], [ 28.813179827813794, -28.713548737025164 ], [ 28.813180000000237, -28.713549999999866 ], [ 28.813431226059127, -28.714163304975649 ], [ 28.817350000000296, -28.72373 ], [ 28.815220000000274, -28.735619999999852 ], [ 28.820590000000145, -28.749729999999808 ], [ 28.823967300058339, -28.753136378942191 ], [ 28.828720000000207, -28.757929999999888 ], [ 28.823917472543869, -28.763010012569779 ], [ 28.819114480019547, -28.768089850620605 ], [ 28.814311022314975, -28.773169514099873 ], [ 28.813362127797792, -28.774745943788883 ], [ 28.813198731964306, -28.776683167748974 ], [ 28.813194268422592, -28.778974537542791 ], [ 28.812712666859696, -28.781822206816244 ], [ 28.811075213733094, -28.783969881297434 ], [ 28.809510549669181, -28.785814922965859 ], [ 28.807475088729827, -28.7889785766146 ], [ 28.805858291853269, -28.792016985471648 ], [ 28.804441455914475, -28.795612334433308 ], [ 28.803606669455316, -28.797971089643838 ], [ 28.802377385599986, -28.801052407355044 ], [ 28.801016807473822, -28.804770947723025 ], [ 28.799454690284797, -28.806849482881237 ], [ 28.798124311377315, -28.809090615695855 ], [ 28.797718367366553, -28.812832196428474 ], [ 28.797483445491267, -28.81663449591121 ], [ 28.798037340283521, -28.819245528205318 ], [ 28.801228203307282, -28.820194882633189 ], [ 28.802289325704077, -28.822451907374958 ], [ 28.802422846537578, -28.824538542793544 ], [ 28.802183631693644, -28.827364920400345 ], [ 28.801689147318154, -28.830601213372088 ], [ 28.800230979348051, -28.833200451655806 ], [ 28.798987385596874, -28.836085322752215 ], [ 28.79841932049214, -28.839211782390596 ], [ 28.799555776222462, -28.842830654789765 ], [ 28.801120284036429, -28.846027373542672 ], [ 28.80244319028764, -28.848878860524586 ], [ 28.803624151226192, -28.851232529797578 ], [ 28.80432001841433, -28.853178662611946 ], [ 28.805515924665425, -28.856050485531238 ], [ 28.806387901228824, -28.857901576678803 ], [ 28.807717323105052, -28.860539432150013 ], [ 28.80961704576308, -28.863992217309487 ], [ 28.811015608264356, -28.867353439968802 ], [ 28.811787284046297, -28.869648615752276 ], [ 28.812704243682607, -28.873450598828644 ], [ 28.813180289255879, -28.877108251175866 ], [ 28.813415528839425, -28.879493714719718 ], [ 28.813461780141591, -28.88287401029579 ], [ 28.814182914256858, -28.885896683475721 ], [ 28.815950398633493, -28.887596131393934 ], [ 28.817828178583159, -28.889807225145937 ], [ 28.816870213738554, -28.893050193899029 ], [ 28.815239909049527, -28.894995686088333 ], [ 28.813319523631019, -28.896656673069089 ], [ 28.811553002796074, -28.898254397028889 ], [ 28.8096284910756, -28.899854182186569 ], [ 28.806756018416667, -28.902621272032892 ], [ 28.804831502789806, -28.904501920472182 ], [ 28.802517275795147, -28.905667538133596 ], [ 28.799768447320616, -28.906305792287835 ], [ 28.797701518292683, -28.905264535394416 ], [ 28.793719607218303, -28.904985428433051 ], [ 28.791660312343591, -28.904825210982899 ], [ 28.788781644108518, -28.904544348858675 ], [ 28.785577766152603, -28.904407507429642 ], [ 28.782793994092092, -28.905526158838924 ], [ 28.780123550299773, -28.90715837429363 ], [ 28.776505469269175, -28.906624319228925 ], [ 28.773432412458554, -28.904682158088125 ], [ 28.771327335100437, -28.903621675182634 ], [ 28.768400829280626, -28.903624849314525 ], [ 28.764719802658266, -28.904402575139688 ], [ 28.761086141094538, -28.903412499473614 ], [ 28.759003322849019, -28.902798333115221 ], [ 28.756747245039204, -28.904741764359777 ], [ 28.754535672604774, -28.906638144619269 ], [ 28.752202035356355, -28.907885552791935 ], [ 28.749172215796936, -28.908959387734146 ], [ 28.74687353579175, -28.91109482422063 ], [ 28.744679921313331, -28.914468763724145 ], [ 28.744951244993654, -28.917992907467106 ], [ 28.744594573688897, -28.920372638672887 ], [ 28.743151663708421, -28.923206322827767 ], [ 28.741727834847207, -28.925685880040032 ], [ 28.740330216662645, -28.927652357434553 ], [ 28.738852501950984, -28.930176736140357 ], [ 28.737629571318134, -28.931815462980982 ], [ 28.736143113458578, -28.933897018132516 ], [ 28.734872338996741, -28.935897352058038 ], [ 28.733556747123345, -28.939611436631353 ], [ 28.732306951922681, -28.943479380135241 ], [ 28.729461667106303, -28.946344372356482 ], [ 28.728302001914251, -28.948239647576802 ], [ 28.727502822807093, -28.950137137159327 ], [ 28.725790975924802, -28.952458379993541 ], [ 28.723354718322124, -28.955231094693868 ], [ 28.720460575520889, -28.958813979310062 ], [ 28.71787006901727, -28.961009343393741 ], [ 28.716154577482932, -28.963355535873326 ], [ 28.714181896281698, -28.965585710597509 ], [ 28.712867731358592, -28.967168810080302 ], [ 28.710422517776578, -28.969820657407542 ], [ 28.709164621450277, -28.972139360033356 ], [ 28.708733872754454, -28.974709513828923 ], [ 28.709042225898006, -28.977476757598431 ], [ 28.709129334923865, -28.979812615024048 ], [ 28.708512463524215, -28.98268842765599 ], [ 28.707274753384148, -28.986492156274824 ], [ 28.704611300099202, -28.991192976362768 ], [ 28.703075406506805, -28.994941707373091 ], [ 28.701770782533064, -28.999763485940711 ], [ 28.703586578139472, -29.002050399383418 ], [ 28.705416675015826, -29.004544414548029 ], [ 28.70609346768742, -29.007042564617503 ], [ 28.705714229733669, -29.009554860193788 ], [ 28.70484733352987, -29.011482869310413 ], [ 28.703920835456586, -29.014665602316981 ], [ 28.703313823608688, -29.017455417868621 ], [ 28.70148753524575, -29.018995760488476 ], [ 28.698471700471217, -29.018927570856935 ], [ 28.695833205446974, -29.018654503475695 ], [ 28.693576812175458, -29.021109254251321 ], [ 28.691685993736037, -29.022177377339876 ], [ 28.689849854053072, -29.023213380094749 ], [ 28.688431415697234, -29.024812059871042 ], [ 28.686337151957563, -29.026684441279805 ], [ 28.684809684495892, -29.028889657393254 ], [ 28.683437825364887, -29.031254764480053 ], [ 28.680925208569906, -29.033047672935886 ], [ 28.679309210136438, -29.036363601500682 ], [ 28.677968975861322, -29.038158417614458 ], [ 28.676209130997531, -29.039378482646306 ], [ 28.67464661330381, -29.041500328553905 ], [ 28.675624847720659, -29.044350624937888 ], [ 28.675577160936626, -29.046452998859419 ], [ 28.67148733013558, -29.049407003983486 ], [ 28.667450768039981, -29.050167793304361 ], [ 28.664712906538558, -29.050465582566677 ], [ 28.66038417238752, -29.051081184211892 ], [ 28.656279882185331, -29.051322936755565 ], [ 28.654112498385164, -29.051164945354536 ], [ 28.651282546922484, -29.052497867033612 ], [ 28.648782731799582, -29.053831098985118 ], [ 28.646287918365697, -29.054858524166228 ], [ 28.643496891880215, -29.055814168261286 ], [ 28.640728523528235, -29.055858187573925 ], [ 28.63915824884009, -29.058798787213892 ], [ 28.637586116049739, -29.060631749276556 ], [ 28.635300921914752, -29.060626603190688 ], [ 28.633037566249463, -29.061880753503889 ], [ 28.631653471381501, -29.063409173091582 ], [ 28.630273817227557, -29.065300945077666 ], [ 28.627692221747058, -29.068243022668817 ], [ 28.625791546986189, -29.06960677646191 ], [ 28.623772912752642, -29.070377082179789 ], [ 28.620974543886678, -29.069502829129391 ], [ 28.617922779165038, -29.06826066862347 ], [ 28.615483091162218, -29.066264726512593 ], [ 28.613642499239432, -29.063428625648037 ], [ 28.610198020567456, -29.0614228199092 ], [ 28.607455569471551, -29.060369495376893 ], [ 28.604905701969162, -29.058823389505118 ], [ 28.602957729202338, -29.056640625974662 ], [ 28.601672489495321, -29.054456707244448 ], [ 28.599028907951251, -29.054066340015861 ], [ 28.596872709687847, -29.052865598492673 ], [ 28.594279669653243, -29.050587367161441 ], [ 28.591350556901872, -29.049029347479728 ], [ 28.588859179601943, -29.047999567723505 ], [ 28.586527503073111, -29.0461006197561 ], [ 28.584425245781485, -29.044105798022436 ], [ 28.581041097677428, -29.043438197876871 ], [ 28.578064917574974, -29.041174885778243 ], [ 28.576499299134927, -29.039726257088439 ], [ 28.57415485750716, -29.039502617446789 ], [ 28.571332928151637, -29.039930344224963 ], [ 28.568930941943925, -29.039620074378348 ], [ 28.566591738897728, -29.038883688018547 ], [ 28.563654419947259, -29.039031501492808 ], [ 28.560711858661513, -29.039478300450373 ], [ 28.558735843159976, -29.040041924536443 ], [ 28.556577198321186, -29.040160653076864 ], [ 28.553592204195354, -29.0394017210321 ], [ 28.550071716025837, -29.039616899470456 ], [ 28.547733305155653, -29.03990697473844 ], [ 28.544986085979684, -29.040428161032295 ], [ 28.541870931672374, -29.03915977621654 ], [ 28.539871217418366, -29.037621733587994 ], [ 28.537521999572245, -29.037317907903027 ], [ 28.535776136128387, -29.03848711476218 ], [ 28.534702298937308, -29.040843486426727 ], [ 28.534991259095865, -29.042936319061031 ], [ 28.535773274162434, -29.044945719330141 ], [ 28.53506517411406, -29.047735767444728 ], [ 28.532471971113548, -29.049518583784529 ], [ 28.530092238837867, -29.049662014727296 ], [ 28.528622864518848, -29.052096364327685 ], [ 28.530128476235038, -29.054411886649834 ], [ 28.531962711784086, -29.057215135964555 ], [ 28.53350677613442, -29.05980300873361 ], [ 28.532564926413983, -29.062038801672308 ], [ 28.529856363667626, -29.061932882780873 ], [ 28.527719113968629, -29.060706713546814 ], [ 28.525731082275229, -29.059066294644232 ], [ 28.523135379814612, -29.058494570338112 ], [ 28.521137551845865, -29.060267130893603 ], [ 28.52231342958904, -29.063169479701557 ], [ 28.524187089123409, -29.064426904592789 ], [ 28.525783531902182, -29.066304207838535 ], [ 28.527004716957748, -29.069404120731225 ], [ 28.525776676105185, -29.0721584306614 ], [ 28.522557735647712, -29.073003766810391 ], [ 28.519707039805841, -29.074795086834882 ], [ 28.518403525613699, -29.077666283189863 ], [ 28.52006435360963, -29.080059525623426 ], [ 28.522317880538338, -29.082125192204057 ], [ 28.523131370235543, -29.084009646370546 ], [ 28.520942208343246, -29.085424423941376 ], [ 28.518503819601925, -29.084559760297402 ], [ 28.515684135931462, -29.083545683592483 ], [ 28.513340627100025, -29.082785922419042 ], [ 28.510426841763547, -29.081731157275193 ], [ 28.508018490792274, -29.081312176238217 ], [ 28.505676268259371, -29.081469211253431 ], [ 28.50516507700338, -29.083476192451197 ], [ 28.502761838659584, -29.081868486888652 ], [ 28.500643249716017, -29.08055162279053 ], [ 28.497903822878023, -29.077790263294535 ], [ 28.496868135316443, -29.074570652809118 ], [ 28.496129984754081, -29.071538925497254 ], [ 28.495630269341653, -29.069485664854767 ], [ 28.495235448996791, -29.066247945217039 ], [ 28.494905471985387, -29.062919612040329 ], [ 28.494937893404536, -29.060612680957899 ], [ 28.49411312423522, -29.058193998540883 ], [ 28.491498186066554, -29.055869674004398 ], [ 28.490642165412638, -29.05336227483415 ], [ 28.489678862467315, -29.05066632782043 ], [ 28.487356185363776, -29.049156820676615 ], [ 28.48519961176985, -29.047641754566268 ], [ 28.483606335657207, -29.045998571945454 ], [ 28.482991216298203, -29.043357371376889 ], [ 28.482768538776359, -29.041020871498514 ], [ 28.482559206249313, -29.038435458201818 ], [ 28.48227787036468, -29.035614970787883 ], [ 28.484421013738292, -29.033885479850753 ], [ 28.487953027258527, -29.032468795749967 ], [ 28.490438141994655, -29.030526637277877 ], [ 28.488508225510255, -29.02958297567222 ], [ 28.486880616110465, -29.027357100592678 ], [ 28.485336304479713, -29.024326322384187 ], [ 28.485042566060969, -29.022228238256599 ], [ 28.485933941771457, -29.01964886335502 ], [ 28.48657417365763, -29.017561596159315 ], [ 28.486395833530075, -29.015063284480092 ], [ 28.485714276827888, -29.01264667465664 ], [ 28.486671444474897, -29.009672164221257 ], [ 28.487626556375933, -29.007197858767309 ], [ 28.487672801731478, -29.004657750714614 ], [ 28.488552728573712, -29.002444587937749 ], [ 28.490154268332301, -28.99999157441442 ], [ 28.490515232526125, -28.996968748563102 ], [ 28.489791232709671, -28.994511289404979 ], [ 28.48984217473458, -28.991867063637834 ], [ 28.490795130983425, -28.988564487722336 ], [ 28.491354465379914, -28.986302375540941 ], [ 28.492961885524103, -28.984778399722778 ], [ 28.494624458486427, -28.983054478711679 ], [ 28.495800020193073, -28.980515797891627 ], [ 28.49704821602279, -28.978087900417094 ], [ 28.500284195264424, -28.977598190976895 ], [ 28.502984040381406, -28.977052687492467 ], [ 28.505762738232065, -28.975883484061239 ], [ 28.508406797477392, -28.97476847972731 ], [ 28.507231228841444, -28.972178935485605 ], [ 28.504947662745138, -28.970661162469625 ], [ 28.50370121450354, -28.968953133603016 ], [ 28.503794666124737, -28.96645069375834 ], [ 28.506152156134078, -28.963872910015699 ], [ 28.505617856348863, -28.960266826178916 ], [ 28.508265175246827, -28.958368936599289 ], [ 28.510179520055189, -28.956033705968022 ], [ 28.510279897167589, -28.953630445903112 ], [ 28.508092875567414, -28.951309214226907 ], [ 28.506579401180709, -28.949731822982084 ], [ 28.503437038267897, -28.948362350316238 ], [ 28.499107991312233, -28.946488062245269 ], [ 28.49666738407619, -28.945093630272623 ], [ 28.49389457213276, -28.943372250149292 ], [ 28.490927854983749, -28.941842238338623 ], [ 28.488906862372176, -28.939402581585384 ], [ 28.487526096353232, -28.935924846584694 ], [ 28.486312866503582, -28.933215612976216 ], [ 28.486003877242116, -28.930360790975641 ], [ 28.488008816962317, -28.927813843027185 ], [ 28.49081230485837, -28.925531387579074 ], [ 28.493366877553704, -28.92355124018049 ], [ 28.494312920424235, -28.921710968586623 ], [ 28.4954309437482, -28.919140332806826 ], [ 28.49676704145072, -28.917321207843628 ], [ 28.497820853631261, -28.914736273063891 ], [ 28.497663490676238, -28.91154098029325 ], [ 28.497080325098278, -28.908249692923583 ], [ 28.495994571224713, -28.904259207910755 ], [ 28.493689853909142, -28.901156426847297 ], [ 28.491542812479963, -28.898018452619368 ], [ 28.489884058025016, -28.892879646060955 ], [ 28.487349982908604, -28.889593604817577 ], [ 28.485462904682034, -28.887435677702978 ], [ 28.484633128182256, -28.883970895705758 ], [ 28.482951475700279, -28.88222058662684 ], [ 28.480951304864831, -28.881080630724366 ], [ 28.479217909330877, -28.879751967137658 ], [ 28.475374221073778, -28.879114788931638 ], [ 28.472671887564282, -28.87875060852252 ], [ 28.470009806683127, -28.878097534659531 ], [ 28.467192838788979, -28.877189255442804 ], [ 28.463960649802921, -28.877652803568822 ], [ 28.460292815602383, -28.878187177639681 ], [ 28.456884220045552, -28.87888956033018 ], [ 28.453223467301235, -28.878496644861219 ], [ 28.450764969738817, -28.879471459824281 ], [ 28.449184413917838, -28.880778317608137 ], [ 28.447220992409704, -28.882731629151937 ], [ 28.445374488712737, -28.884436610211917 ], [ 28.443136215772501, -28.884522760830823 ], [ 28.440551758108001, -28.884194371378126 ], [ 28.437785469351894, -28.884191510833347 ], [ 28.435514826495222, -28.885179520811622 ], [ 28.432907742234658, -28.885072706369264 ], [ 28.4304262742465, -28.883304280868561 ], [ 28.428881836710506, -28.880968851837775 ], [ 28.427663415616266, -28.87807617323881 ], [ 28.42625475073277, -28.876141072506801 ], [ 28.423583346651448, -28.874434150512741 ], [ 28.421212191402411, -28.872248170009552 ], [ 28.418044408501263, -28.871627166784176 ], [ 28.415902133776004, -28.870518206382712 ], [ 28.414314623234581, -28.868766546195591 ], [ 28.413640340069723, -28.866426466049489 ], [ 28.412916188325198, -28.86417579803895 ], [ 28.412158011858612, -28.861909547382925 ], [ 28.411103722599872, -28.85884857205976 ], [ 28.408805047940188, -28.856471377741389 ], [ 28.406805992078542, -28.853942872002026 ], [ 28.404357274365054, -28.852478664141469 ], [ 28.400915147687943, -28.852403637576153 ], [ 28.398581505189323, -28.852074621996749 ], [ 28.395702361297669, -28.850990926733445 ], [ 28.392455416256656, -28.849929612331483 ], [ 28.389158247954004, -28.85006618570063 ], [ 28.385426202076157, -28.850463548643535 ], [ 28.382574082709521, -28.849714913672454 ], [ 28.379927312996877, -28.849028907169917 ], [ 28.376875303854398, -28.848620606075205 ], [ 28.373523552117529, -28.848957538141185 ], [ 28.370389936742967, -28.848168053797686 ], [ 28.368547444420432, -28.846810339710306 ], [ 28.366625790296162, -28.845695489696134 ], [ 28.363846779192169, -28.844048592489703 ], [ 28.361682412765198, -28.842580795258833 ], [ 28.359643935817779, -28.841260429514538 ], [ 28.356807772014591, -28.839945123212264 ], [ 28.353858471502512, -28.839040281424634 ], [ 28.351520791487971, -28.837512368187546 ], [ 28.348826403235904, -28.836547846386097 ], [ 28.347103935921258, -28.83508028325117 ], [ 28.345224375411092, -28.833468627344839 ], [ 28.342220141637252, -28.832014241258342 ], [ 28.339095596205532, -28.828713891803904 ], [ 28.336247767553257, -28.827215831816645 ], [ 28.33330773997773, -28.826224325908957 ], [ 28.331353185548135, -28.824472427951232 ], [ 28.328494067976372, -28.824007670480324 ], [ 28.326790999333372, -28.822362899318389 ], [ 28.325249909366711, -28.820112941799248 ], [ 28.32331562372341, -28.818680762022698 ], [ 28.321145059777407, -28.817554473257513 ], [ 28.318354127233491, -28.816047984102223 ], [ 28.315239666126967, -28.814717530162937 ], [ 28.31269788483317, -28.814768314668694 ], [ 28.310822165307247, -28.815787001004512 ], [ 28.308268863247065, -28.816326138156501 ], [ 28.305280683833111, -28.817333537960433 ], [ 28.302050592113414, -28.818066916416885 ], [ 28.29978370365993, -28.818426892653083 ], [ 28.296969412687844, -28.818808082291337 ], [ 28.29417648258945, -28.819153216550198 ], [ 28.291558075048172, -28.819031524782424 ], [ 28.289065168479887, -28.818646243891678 ], [ 28.285731725106821, -28.818889348051147 ], [ 28.283445736036693, -28.817529297689127 ], [ 28.28232765575207, -28.815419673330013 ], [ 28.280415213973352, -28.813376109505985 ], [ 28.277483627146726, -28.812848726812291 ], [ 28.274899164639343, -28.812353767231503 ], [ 28.272320553968132, -28.811879729350821 ], [ 28.269793507085538, -28.811313312980658 ], [ 28.267420960460864, -28.809949873754693 ], [ 28.266361231692926, -28.807958595517103 ], [ 28.2643742518901, -28.806458469863806 ], [ 28.261707690908299, -28.805514906914521 ], [ 28.25867356208207, -28.804743766662511 ], [ 28.256775961116197, -28.803297893122149 ], [ 28.254617217994781, -28.801880120575497 ], [ 28.252744674895446, -28.79971466008644 ], [ 28.252278802343266, -28.796745538096214 ], [ 28.250489474388928, -28.794305321459902 ], [ 28.249366288085319, -28.792331930318117 ], [ 28.247864407317657, -28.790604269280774 ], [ 28.245817182901266, -28.789292653263644 ], [ 28.243955990535085, -28.788184929721417 ], [ 28.242120742755205, -28.786707498516396 ], [ 28.240912434513564, -28.783916898757123 ], [ 28.241981887275557, -28.78178138573746 ], [ 28.242425758273825, -28.779749870384897 ], [ 28.24192518912929, -28.777257152820269 ], [ 28.241760132176474, -28.774184825208749 ], [ 28.241181526731229, -28.771473407760762 ], [ 28.240461342939248, -28.769137788498146 ], [ 28.241304037159786, -28.766121980705318 ], [ 28.243298170468933, -28.763220666983692 ], [ 28.244372288276875, -28.759547549751275 ], [ 28.244989710274492, -28.756164072399738 ], [ 28.245975491892249, -28.753581164431342 ], [ 28.24658560527331, -28.750713706615084 ], [ 28.24770631483473, -28.747545047543689 ], [ 28.247850899914017, -28.743621348941218 ], [ 28.247316482593131, -28.739610057384791 ], [ 28.247281501916287, -28.735544633213529 ], [ 28.245943546318063, -28.732524234575308 ], [ 28.24379793427012, -28.730590822775582 ], [ 28.242550847007418, -28.728742595991164 ], [ 28.240279513943744, -28.727524437662911 ], [ 28.239664074825853, -28.725144066463471 ], [ 28.23688983738608, -28.722938536527721 ], [ 28.233253479946118, -28.723184903220368 ], [ 28.231136317331028, -28.722899753727283 ], [ 28.228943821649398, -28.720791817420267 ], [ 28.227138817755758, -28.718370374318148 ], [ 28.225449461331053, -28.715674446032381 ], [ 28.22576963449761, -28.712176084219877 ], [ 28.225218198895274, -28.708715818077902 ], [ 28.223788256213144, -28.70643889778497 ], [ 28.222869232990732, -28.704133244896358 ], [ 28.222142005208827, -28.702231114123023 ], [ 28.223488457010703, -28.701716335027228 ], [ 28.228030000000203, -28.69998 ], [ 28.229560002000053, -28.699445957233195 ], [ 28.232246104925739, -28.698508380786937 ], [ 28.238000000000184, -28.6965 ], [ 28.238898208372397, -28.696276162282498 ], [ 28.24743000000025, -28.69415 ], [ 28.257313660995042, -28.694559737125736 ], [ 28.257320000000185, -28.69456 ], [ 28.260900000000188, -28.697149999999883 ], [ 28.263320000000224, -28.700279999999779 ], [ 28.279886937041731, -28.70520044886058 ], [ 28.282680000000248, -28.70603 ], [ 28.293820000000224, -28.707669999999897 ], [ 28.293820368988886, -28.707669788980162 ], [ 28.295330233461268, -28.706806246206874 ], [ 28.297453687119955, -28.705591770937811 ], [ 28.300369735121333, -28.703923984044067 ], [ 28.302211467310578, -28.702870634852019 ], [ 28.302300000000201, -28.702819999999885 ], [ 28.303243531670685, -28.702530633810387 ], [ 28.305753771983277, -28.701760782944575 ], [ 28.309930000000193, -28.700479999999807 ], [ 28.310220493452242, -28.700338924854286 ], [ 28.31727347387416, -28.69691371774017 ], [ 28.31759000000018, -28.696759999999855 ], [ 28.330895217075657, -28.699569428735462 ], [ 28.331040000000328, -28.699599999999737 ], [ 28.331043788046117, -28.699598024087415 ], [ 28.333287669057516, -28.698427619609902 ], [ 28.334476493235194, -28.69780753098874 ], [ 28.3403, -28.69477 ], [ 28.341097730441888, -28.694769172470092 ], [ 28.343834078043905, -28.694766333905687 ], [ 28.347952033000311, -28.694762062123736 ], [ 28.349940000000217, -28.694759999999842 ], [ 28.354364836443423, -28.696905712205979 ], [ 28.357898758065424, -28.698619397865578 ], [ 28.357900000000157, -28.69862 ], [ 28.362860000000211, -28.698049999999832 ], [ 28.36419718410712, -28.697569669297064 ], [ 28.370460000000119, -28.69532 ], [ 28.373265057011587, -28.691754863008768 ], [ 28.373557597960918, -28.691383052968767 ], [ 28.373560000000374, -28.691379999999867 ], [ 28.369109489036614, -28.688298347947129 ], [ 28.36709000000026, -28.686899999999738 ], [ 28.36709119595, -28.686898687954155 ], [ 28.369520263428271, -28.684233684526085 ], [ 28.371586327069597, -28.681966943590776 ], [ 28.371620000000263, -28.681929999999834 ], [ 28.371619960048044, -28.681929055997891 ], [ 28.371617304459583, -28.681866259135337 ], [ 28.371469919627689, -28.678381041022117 ], [ 28.371436523251447, -28.677591314870355 ], [ 28.371434500942193, -28.677543493200798 ], [ 28.371280000000198, -28.673889999999847 ], [ 28.371389267190516, -28.672961791022257 ], [ 28.372234436185838, -28.665782212177572 ], [ 28.372250000000342, -28.66565 ], [ 28.372335712075291, -28.665519144906405 ], [ 28.374975891796716, -28.661488429693517 ], [ 28.376560000000261, -28.659069999999854 ], [ 28.38294590907735, -28.654206657100968 ], [ 28.387530018000206, -28.650715518666715 ], [ 28.389520000000189, -28.649199999999887 ], [ 28.394463859708473, -28.644800802215432 ], [ 28.400139999333639, -28.639749999333276 ], [ 28.402651069737161, -28.63458305304032 ], [ 28.407770000000298, -28.62405 ], [ 28.407772060639779, -28.624048247930368 ], [ 28.410022424438729, -28.62213728407912 ], [ 28.413870000000173, -28.618869999999831 ], [ 28.419488854003582, -28.618757341163704 ], [ 28.42584, -28.618629999999868 ], [ 28.426305685009211, -28.618428042020639 ], [ 28.434510000000145, -28.614869999999804 ], [ 28.454130000000276, -28.609699999999783 ], [ 28.457284927113434, -28.608178874234614 ], [ 28.467010000000158, -28.603489999999777 ], [ 28.476390000000173, -28.60273 ], [ 28.482600000000268, -28.60444 ], [ 28.490630000000316, -28.60572 ], [ 28.494467675906797, -28.604542099695763 ], [ 28.497700000000158, -28.603549999999856 ], [ 28.504995589019732, -28.602980344250707 ], [ 28.505000000000202, -28.60298 ], [ 28.505980000000285, -28.605749999999809 ], [ 28.509560000000111, -28.60856 ], [ 28.512262094913442, -28.607754329709213 ], [ 28.516100000000243, -28.60661 ], [ 28.517753065347605, -28.605530447084316 ], [ 28.520754969222239, -28.603570019999648 ], [ 28.523442212596017, -28.601815085493843 ], [ 28.524455879594178, -28.601153098861044 ], [ 28.52446168712348, -28.601149306188734 ], [ 28.526390000000234, -28.599889999999895 ], [ 28.528772084084885, -28.599233711307171 ], [ 28.530310000000124, -28.598809999999887 ], [ 28.53753000000021, -28.601909999999787 ], [ 28.538661607965853, -28.602064580251586 ], [ 28.54324, -28.60269 ], [ 28.546109243021455, -28.602107901103913 ], [ 28.549500000000293, -28.601419999999834 ], [ 28.552554619992087, -28.601074247926729 ], [ 28.555806995982124, -28.600706111840136 ], [ 28.56019000000034, -28.600209999999816 ], [ 28.569240000000228, -28.602879999999843 ], [ 28.57807000000021, -28.603709999999861 ], [ 28.583751741966545, -28.6030643477037 ], [ 28.58511, -28.60291 ], [ 28.587450000000135, -28.60272 ], [ 28.589384981042642, -28.601448917564088 ], [ 28.593250000000324, -28.59891 ], [ 28.596261922403098, -28.597666022764813 ], [ 28.601599585936043, -28.595461472844509 ], [ 28.601700000000129, -28.595419999999883 ], [ 28.605430000000197, -28.596809999999873 ], [ 28.605754669061255, -28.596825996451859 ], [ 28.606895101447115, -28.59688218558103 ], [ 28.607392304577871, -28.596906682790269 ], [ 28.607697162991762, -28.596921703171297 ], [ 28.610910000000288, -28.597079999999831 ], [ 28.611129796015277, -28.596988905833932 ], [ 28.612822120853675, -28.59628752405683 ], [ 28.616170000000206, -28.594899999999758 ], [ 28.621541249827075, -28.588892613845008 ], [ 28.626640000000258, -28.58319 ], [ 28.629453170583318, -28.581669067223793 ], [ 28.632697216606772, -28.579915182850591 ], [ 28.634526635498347, -28.57892611266395 ], [ 28.63517857652964, -28.578573642576078 ], [ 28.638270252032981, -28.576902136896877 ], [ 28.638621885983561, -28.576712026988883 ], [ 28.639224143951502, -28.576386417909628 ], [ 28.639310000000172, -28.576339999999846 ], [ 28.642403003922666, -28.575421965738258 ], [ 28.644098667556616, -28.574918675810213 ], [ 28.644928946662528, -28.574672240666366 ], [ 28.651442357186262, -28.572738995270065 ], [ 28.653730000000198, -28.572059999999833 ], [ 28.669010000000149, -28.57445 ] ] ] } }
]
}